spectral_flux_midhf,residual_crest_factor,edge_spike_ratio,midband_residual_ratio,cycle_nmse,peak_fluct_cv,thd_i,hf_energy_delta,zcv,abs_irms_zscore_vs_baseline,v_rms,i_rms,temp_c,label_arc,load_type,session_id,epoch_ms,model_pred,feat_valid,current_valid,fault_state,arc_counter,adc_fs_hz,auto_capture
0.023047,5.420032,-8.998195,-13.297176,0.005734,0.002093,-11.488638,-1.974364,0.079328,0.273478,229.132,0.206382,34.804,0,fan,scaffold_normal_fan_001,1710000005454,0,1,1,0,1,35000.0,0
0.011407,8.237502,-15.83553,-13.607748,0.034251,0.005445,-14.723718,0.333812,0.073819,0.485836,229.731,0.169436,33.66,0,fan,scaffold_normal_fan_001,1710000004467,0,1,1,0,0,35000.0,0
0.024308,11.783295,-13.62566,-20.561214,0.022793,0.007848,-7.484111,-1.670921,0.046394,0.287759,230.086,0.199518,31.935,0,fan,scaffold_normal_fan_001,1710000004418,0,1,1,0,1,35000.0,0
0.021167,7.937377,-8.514285,-16.882022,0.045184,0.006203,-10.843522,-0.553068,0.021714,0.540164,228.45,0.165889,35.392,0,fan,scaffold_normal_fan_001,1710000008146,0,1,1,0,0,35000.0,0
0.011342,9.436557,-18.731479,-19.674425,0.037441,0.007759,-9.155094,-0.309979,0.066051,0.468824,226.449,0.205739,31.187,0,fan,scaffold_normal_fan_001,1710000008348,0,1,1,0,0,35000.0,0
0.024972,7.784851,-9.238059,-20.136263,0.037378,0.007877,-13.237386,-0.814837,0.053523,0.518473,229.974,0.168548,32.249,0,fan,scaffold_normal_fan_001,1710000000748,0,1,1,0,0,35000.0,0
0.020125,8.461493,-10.213875,-14.673074,0.033523,0.00473,-12.318873,-4.031002,0.022116,0.03865,227.189,0.150083,32.395,0,fan,scaffold_normal_fan_001,1710000007840,0,1,1,0,0,35000.0,0
0.016437,8.975031,-15.734471,-19.027188,0.02075,0.004983,-8.638767,-4.090981,0.097377,0.818868,229.144,0.162176,32.153,0,fan,scaffold_normal_fan_001,1710000009922,0,1,1,0,0,35000.0,0
0.022327,7.543704,-5.592884,-19.196778,0.019648,0.006538,-11.120013,0.538781,0.113404,0.878436,227.72,0.223899,31.517,0,fan,scaffold_normal_fan_001,1710000010160,0,1,1,0,0,35000.0,0
0.006233,8.770302,-12.888891,-25.354031,0.019766,0.006941,-8.647494,1.495096,0.196554,0.907205,229.535,0.150314,31.699,0,fan,scaffold_normal_fan_001,1710000006107,0,1,1,0,0,35000.0,0
0.015846,6.275806,-12.563164,-12.670099,0.037356,0.005524,-16.142615,-4.012024,0.060548,0.673109,230.965,0.233038,32.201,0,fan,scaffold_normal_fan_001,1710000010081,0,1,1,0,0,35000.0,0
0.010349,6.049548,-3.486121,-22.106933,0.047577,0.003291,-8.273708,-0.922574,0.073734,0.679619,228.09,0.160356,31.039,0,fan,scaffold_normal_fan_001,1710000002665,0,1,1,0,0,35000.0,0
0.007221,7.845176,-5.683635,-17.200042,0.03322,0.006857,-6.775993,-1.170926,0.063563,1.253144,229.366,0.192863,31.041,0,fan,scaffold_normal_fan_001,1710000009873,0,1,1,0,1,35000.0,0
0.036509,10.947331,-12.718077,-19.915937,0.056922,0.002679,-15.578908,-0.53501,0.064216,0.697439,231.815,0.175097,33.145,0,fan,scaffold_normal_fan_001,1710000002838,0,1,1,0,0,35000.0,0
0.026439,3.399656,-12.194874,-22.216151,0.016718,0.003366,-13.336494,-0.126146,0.026944,0.715316,231.006,0.165475,33.861,0,fan,scaffold_normal_fan_001,1710000003599,0,1,1,0,0,35000.0,0
0.018455,6.108115,-12.895435,-16.787516,0.037649,0.002747,-11.638041,-1.157658,0.180699,1.638422,226.073,0.154403,32.055,0,fan,scaffold_normal_fan_001,1710000010051,0,1,1,0,0,35000.0,0
0.023156,9.911707,-14.916335,-21.270732,0.002791,0.005512,-16.249658,-2.294159,0.044926,0.652869,233.258,0.127268,30.94,0,fan,scaffold_normal_fan_001,1710000010473,0,1,1,0,0,35000.0,0
0.038369,13.310134,-16.686267,-19.841245,0.040123,0.011186,-15.947428,-1.867917,0.111094,0.917383,226.25,0.168715,32.619,0,fan,scaffold_normal_fan_001,1710000008021,0,1,1,0,0,35000.0,0
0.017336,7.96434,-14.221309,-15.642307,0.050191,0.006466,-10.592974,-1.420267,0.080003,0.339221,233.186,0.189495,35.517,0,fan,scaffold_normal_fan_001,1710000010082,0,1,1,0,0,35000.0,0
0.012369,5.275177,-7.235428,-16.686254,0.042202,0.000766,-8.290246,-0.818369,0.035583,0.464238,228.416,0.187912,32.834,0,fan,scaffold_normal_fan_001,1710000004789,0,1,1,0,0,35000.0,0
0.01748,7.805125,-6.114032,-30.833292,0.031447,0.00653,-10.816024,-2.057872,0.009731,0.863998,230.728,0.231821,32.474,0,fan,scaffold_normal_fan_001,1710000004998,0,1,1,0,0,35000.0,0
0.009471,6.831088,-6.799822,-15.086724,0.060985,0.009532,-10.243653,1.115902,0.09756,1.113994,227.605,0.171103,34.583,0,fan,scaffold_normal_fan_001,1710000004487,0,1,1,0,0,35000.0,0
0.008217,9.064701,-12.762604,-12.143765,0.046263,0.011462,-9.076901,-3.85806,0.077322,0.113996,230.275,0.164452,31.882,0,fan,scaffold_normal_fan_001,1710000010039,0,1,1,0,1,35000.0,0
0.020328,5.06688,-14.684561,-16.439953,0.05233,0.007826,-21.165158,-1.04345,0.082881,0.906945,227.818,0.228486,33.945,0,fan,scaffold_normal_fan_001,1710000010219,0,1,1,0,0,35000.0,0
0.004184,10.451898,-10.526574,-13.76708,0.026436,0.008441,-7.726114,-1.150683,0.089376,0.835172,228.695,0.1541,33.613,0,fan,scaffold_normal_fan_001,1710000001654,0,1,1,0,0,35000.0,0
0.009415,7.249982,-6.074178,-21.717941,0.022666,0.006607,-8.622459,-1.482861,0.133158,1.128397,233.655,0.205255,32.672,0,fan,scaffold_normal_fan_001,1710000010186,0,1,1,0,0,35000.0,0
0.0,10.708509,-13.830798,-17.460598,0.054643,0.001193,-17.006589,-3.901917,0.048235,0.919818,226.174,0.195726,29.304,0,fan,scaffold_normal_fan_001,1710000001299,0,1,1,0,0,35000.0,0
0.015282,8.418772,-9.192185,-17.308793,0.046402,0.006688,-9.879741,-2.55701,0.072816,0.798388,230.042,0.204616,32.575,0,fan,scaffold_normal_fan_001,1710000009683,0,1,1,0,0,35000.0,0
0.018825,9.159038,-19.972241,-24.482362,0.012767,0.0,-14.713058,-0.375849,0.068605,0.798895,228.862,0.212677,35.166,0,fan,scaffold_normal_fan_001,1710000006406,0,1,1,0,1,35000.0,0
0.011626,6.311199,-17.922146,-22.440669,0.02963,0.008411,-5.116921,-3.573272,0.095713,0.179728,225.338,0.194241,34.485,0,fan,scaffold_normal_fan_001,1710000007257,0,1,1,0,0,35000.0,0
0.01395,6.4322,-16.27901,-21.271416,0.041418,0.005432,-10.685352,-0.957117,0.132826,0.528607,228.337,0.135694,34.783,0,fan,scaffold_normal_fan_001,1710000002569,0,1,1,0,1,35000.0,0
0.018689,8.197552,-4.19595,-7.615097,0.036041,0.006481,-7.695039,-2.768492,0.093323,0.687069,225.821,0.189417,29.683,0,fan,scaffold_normal_fan_001,1710000002507,0,1,1,0,0,35000.0,0
0.008826,6.582649,-13.172766,-8.313844,0.05159,0.003114,-10.609166,-2.110617,0.068625,0.792663,231.128,0.198575,31.173,0,fan,scaffold_normal_fan_001,1710000006352,0,1,1,0,0,35000.0,0
0.045977,7.946159,-6.267142,-17.542399,0.043712,0.00583,-12.68163,-2.669224,0.097212,0.274231,229.733,0.199968,32.542,0,fan,scaffold_normal_fan_001,1710000007349,0,1,1,0,1,35000.0,0
0.02454,6.882654,-8.257811,-27.15703,0.029966,2.8e-05,-17.980243,0.545793,0.115807,0.34026,227.913,0.134925,36.873,0,fan,scaffold_normal_fan_001,1710000005617,0,1,1,0,0,35000.0,0
0.014404,8.43016,-18.243833,-19.486617,0.036492,0.005742,-8.836776,-0.983032,0.106733,0.355814,227.06,0.206934,31.58,0,fan,scaffold_normal_fan_001,1710000008876,0,1,1,0,1,35000.0,0
0.033358,7.117312,-6.384714,-20.212679,0.056826,0.006394,-10.967085,0.847077,0.065529,0.229439,225.868,0.166543,34.02,0,fan,scaffold_normal_fan_001,1710000003131,0,1,1,0,0,35000.0,0
0.031478,2.711479,-15.146263,-26.432341,0.022607,0.006743,-12.716907,-1.880066,0.073633,0.801694,230.325,0.149744,33.616,0,fan,scaffold_normal_fan_001,1710000006122,0,1,1,0,1,35000.0,0
0.025565,8.092836,-3.859707,-18.435471,0.030394,0.003739,-16.129051,-3.366708,0.044448,0.66466,227.469,0.190029,34.44,0,fan,scaffold_normal_fan_001,1710000004418,0,1,1,0,0,35000.0,0
0.018404,6.194168,-9.806288,-17.060132,0.013278,0.005796,-10.951857,-2.849542,0.087594,0.0,228.495,0.220086,33.582,0,fan,scaffold_normal_fan_001,1710000003203,0,1,1,0,1,35000.0,0
0.0,5.187305,-13.175116,-23.360665,0.045716,0.011992,-16.706459,-2.756195,0.089418,1.505558,232.643,0.223329,30.357,0,fan,scaffold_normal_fan_002,1710000002977,0,1,1,0,0,35000.0,0
0.015764,6.458823,-8.749595,-16.791701,0.008376,0.007546,-14.310156,0.411671,0.054896,0.381692,229.896,0.276234,30.303,0,fan,scaffold_normal_fan_002,1710000000442,0,1,1,0,1,35000.0,0
0.02538,5.431384,-11.058896,-25.118672,0.041695,0.00358,-17.130539,-0.42927,0.089666,0.393012,229.064,0.303535,33.43,0,fan,scaffold_normal_fan_002,1710000002695,0,1,1,0,0,35000.0,0
0.024711,6.433095,-13.646553,-11.186787,0.019391,0.0,-5.556252,2.323992,0.063789,0.0,228.62,0.250685,31.219,0,fan,scaffold_normal_fan_002,1710000006871,0,1,1,0,0,35000.0,0
0.025796,8.549015,-17.977622,-14.504016,0.06579,0.006516,-13.349301,-1.713005,0.10461,0.0,232.696,0.264932,32.721,0,fan,scaffold_normal_fan_002,1710000001162,0,1,1,0,0,35000.0,0
0.008963,8.674518,-10.722399,-22.345236,0.037661,0.009638,-13.295167,-4.037944,0.079297,0.248788,225.589,0.24973,30.415,0,fan,scaffold_normal_fan_002,1710000003818,0,1,1,0,0,35000.0,0
0.024821,6.454563,-22.258977,-14.07578,0.039086,0.003858,-17.267321,-0.246288,0.093974,1.891301,228.666,0.272606,34.307,0,fan,scaffold_normal_fan_002,1710000008807,0,1,1,0,0,35000.0,0
0.032517,6.457354,-13.74163,-20.395516,0.046862,0.010495,-13.835362,-2.137161,0.092563,0.577119,227.347,0.288562,31.748,0,fan,scaffold_normal_fan_002,1710000004993,0,1,1,0,0,35000.0,0
0.0,5.572723,-15.660624,-19.005523,0.051694,0.005265,-16.123255,-1.585432,0.121967,0.212021,228.557,0.232683,34.036,0,fan,scaffold_normal_fan_002,1710000001778,0,1,1,0,0,35000.0,0
0.027017,5.429844,-12.048339,-19.05345,0.016762,0.00131,-9.257004,-2.026429,0.039109,0.651911,226.007,0.293841,31.523,0,fan,scaffold_normal_fan_002,1710000000313,0,1,1,0,0,35000.0,0
0.034612,8.065174,-8.930731,-23.700805,0.018207,0.007343,-11.766903,-0.676892,0.072493,0.839072,230.614,0.264744,30.408,0,fan,scaffold_normal_fan_002,1710000007392,0,1,1,0,1,35000.0,0
0.030017,9.87545,-16.082492,-27.299177,0.036486,0.008793,-4.809622,-0.725554,0.065131,0.253435,226.97,0.260344,36.278,0,fan,scaffold_normal_fan_002,1710000006564,0,1,1,0,0,35000.0,0
0.037852,9.772097,-15.683402,-13.724903,0.044594,0.007328,-7.001339,-0.546943,0.109601,1.018453,229.167,0.270224,32.11,0,fan,scaffold_normal_fan_002,1710000006987,0,1,1,0,0,35000.0,0
0.036818,10.957991,-6.563118,-16.723933,0.055259,0.006036,-11.188811,-3.140207,0.09588,0.730193,228.841,0.22092,35.876,0,fan,scaffold_normal_fan_002,1710000007680,0,1,1,0,0,35000.0,0
0.028942,7.522891,-11.004851,-17.778938,0.031956,0.002753,-12.604208,-2.619147,0.029987,0.955611,228.755,0.271738,34.593,0,fan,scaffold_normal_fan_002,1710000002024,0,1,1,0,0,35000.0,0
0.030258,7.577826,-15.380181,-23.418494,0.040169,0.007138,-6.850676,0.149969,0.074711,0.077897,228.596,0.250427,32.075,0,fan,scaffold_normal_fan_002,1710000002807,0,1,1,0,0,35000.0,0
0.022529,6.492085,-14.512264,-16.442736,0.02897,0.006732,-10.907184,-3.209144,0.06075,1.418888,225.276,0.225138,33.047,0,fan,scaffold_normal_fan_002,1710000006986,0,1,1,0,0,35000.0,0
0.018824,9.92838,-22.691338,-16.020331,0.058422,0.002617,-13.519226,-2.629338,0.044226,0.536869,228.328,0.302825,36.048,0,fan,scaffold_normal_fan_002,1710000004351,0,1,1,0,1,35000.0,0
0.020356,11.007382,-12.373195,-17.344711,0.040482,0.015537,-8.594858,-2.560897,0.11876,0.519084,229.062,0.245307,33.446,0,fan,scaffold_normal_fan_002,1710000008283,0,1,1,0,1,35000.0,0
0.023366,8.349932,-19.747868,-14.667137,0.02027,0.001673,-12.233645,-1.374028,0.05226,1.115516,227.83,0.219735,32.925,0,fan,scaffold_normal_fan_002,1710000001938,0,1,1,0,0,35000.0,0
0.022789,5.484214,-9.102869,-17.684988,0.006621,0.000124,-12.049277,-1.831451,0.075863,0.686009,226.778,0.266767,31.125,0,fan,scaffold_normal_fan_002,1710000006546,0,1,1,0,1,35000.0,0
0.022889,9.989895,-13.725358,-30.508499,0.00944,0.003501,-14.230916,-2.112583,0.081543,0.544127,227.275,0.29148,33.766,0,fan,scaffold_normal_fan_002,1710000001411,0,1,1,0,0,35000.0,0
0.004644,8.279383,-11.589787,-18.737212,0.058824,0.004133,-3.758807,-1.838147,0.028919,0.73496,229.794,0.227713,33.889,0,fan,scaffold_normal_fan_002,1710000002578,0,1,1,0,0,35000.0,0
0.029874,9.815016,-6.254793,-15.352933,0.055451,0.000358,-13.271626,-2.800508,0.084769,0.414275,228.661,0.255015,33.662,0,fan,scaffold_normal_fan_002,1710000003211,0,1,1,0,2,35000.0,0
0.017677,7.651427,-11.975933,-15.75838,0.05248,0.010942,-10.76152,-0.61568,0.033965,0.656062,229.423,0.288209,34.418,0,fan,scaffold_normal_fan_002,1710000009946,0,1,1,0,1,35000.0,0
0.032003,8.078718,-13.422793,-16.320794,0.0,0.007149,-26.593651,-4.085195,0.098071,0.938765,231.741,0.225127,32.226,0,fan,scaffold_normal_fan_002,1710000006906,0,1,1,0,0,35000.0,0
0.042429,7.49616,-10.367855,-9.915628,0.036965,0.002993,-12.43891,-1.553416,0.02541,0.572084,229.069,0.237734,32.548,0,fan,scaffold_normal_fan_002,1710000008734,0,1,1,0,1,35000.0,0
0.022231,8.733628,-15.998849,-23.207938,0.05157,0.004763,-17.667368,-0.834281,0.098535,0.0,229.749,0.266884,34.011,0,fan,scaffold_normal_fan_002,1710000007213,0,1,1,0,1,35000.0,0
0.005957,8.16208,-13.210479,-20.413951,0.048058,0.010438,-4.82252,0.472212,0.075611,0.87636,229.262,0.283005,34.318,0,fan,scaffold_normal_fan_002,1710000002818,0,1,1,0,0,35000.0,0
0.012707,6.671054,-9.464358,-17.985034,0.040103,0.00801,-13.499366,-0.365628,0.095154,0.082593,225.69,0.303269,31.328,0,fan,scaffold_normal_fan_002,1710000007427,0,1,1,0,0,35000.0,0
0.00979,7.604347,-13.095402,-19.68416,0.044296,0.00702,-10.735809,-0.885257,0.104645,0.0,229.072,0.249067,32.993,0,fan,scaffold_normal_fan_002,1710000001631,0,1,1,0,0,35000.0,0
0.031876,7.90555,-14.001444,-15.574194,0.027081,0.005996,-8.055455,-2.336657,0.112227,1.038701,230.397,0.231356,33.163,0,fan,scaffold_normal_fan_002,1710000004227,0,1,1,0,1,35000.0,0
0.012377,5.781588,-14.15065,-15.287028,0.020666,0.007313,-16.967022,-1.806103,0.084386,1.922565,229.3,0.218681,33.658,0,fan,scaffold_normal_fan_002,1710000004109,0,1,1,0,1,35000.0,0
0.024447,7.19263,-6.183799,-20.282356,0.051984,0.004067,-12.241007,-3.107944,0.098201,1.422563,226.771,0.257679,32.633,0,fan,scaffold_normal_fan_002,1710000003667,0,1,1,0,0,35000.0,0
0.004072,5.674244,-11.092856,-11.404934,0.077138,0.00424,-6.258799,-1.134371,0.07395,0.916297,228.183,0.261857,30.763,0,fan,scaffold_normal_fan_002,1710000008230,0,1,1,0,0,35000.0,0
0.026532,6.9466,-14.384356,-17.957472,0.046924,0.006541,-14.62422,0.339439,0.143167,0.947278,231.26,0.28921,33.983,0,fan,scaffold_normal_fan_002,1710000009480,0,1,1,0,1,35000.0,0
0.025983,8.539321,-16.389351,-14.496384,0.014663,0.003616,-6.78574,-0.23967,0.139496,0.564163,229.204,0.225433,33.126,0,fan,scaffold_normal_fan_002,1710000010345,0,1,1,0,0,35000.0,0
0.016387,8.204069,-15.954509,-15.748414,0.035047,0.003751,-12.943317,-1.776264,0.069194,1.585671,224.805,0.257047,31.569,0,fan,scaffold_normal_fan_002,1710000002181,0,1,1,0,0,35000.0,0
0.017369,6.128295,-6.47317,-18.824689,0.054327,0.006185,-11.851089,-1.633195,0.080152,1.559398,227.914,0.190412,33.023,0,fan,scaffold_normal_fan_002,1710000010872,0,1,1,0,0,35000.0,0
0.024731,6.731508,-7.923825,-12.849023,0.037761,0.008888,-10.909419,-2.342225,0.107913,0.755307,224.098,0.26004,30.732,0,fan,scaffold_normal_fan_002,1710000002476,0,1,1,0,1,35000.0,0
0.008129,6.773479,-13.018433,-25.536628,0.020223,0.003417,-2.170304,1.202613,0.06353,0.518208,228.766,4.469029,31.403,0,heater,scaffold_normal_heater_001,1710000002585,0,1,1,0,0,35000.0,0
0.003998,5.976051,-11.405492,-16.168952,0.041262,0.002039,-8.581257,-2.700318,0.105314,0.694681,229.731,4.4036,33.981,0,heater,scaffold_normal_heater_001,1710000007612,0,1,1,0,0,35000.0,0
0.01859,10.563558,-7.969957,-19.283271,0.046252,0.011801,-4.158062,-3.342,0.042939,1.442459,228.028,4.495215,33.672,0,heater,scaffold_normal_heater_001,1710000000843,0,1,1,0,0,35000.0,0
0.013494,6.151575,-14.849348,-22.397548,0.069224,0.006893,-8.452964,-2.233616,0.072562,0.343223,225.379,4.036308,29.4,0,heater,scaffold_normal_heater_001,1710000001445,0,1,1,0,0,35000.0,0
0.008046,10.149911,-12.177745,-11.547181,0.041165,0.008348,-15.603588,-0.714074,0.109149,0.411676,227.901,4.961148,31.204,0,heater,scaffold_normal_heater_001,1710000003392,0,1,1,0,0,35000.0,0
0.020865,8.15402,-15.170103,-17.867073,0.043558,0.007855,-5.79248,0.415471,0.039948,1.541793,229.136,4.647079,32.341,0,heater,scaffold_normal_heater_001,1710000005151,0,1,1,0,1,35000.0,0
0.001923,7.156871,-18.237533,-13.163504,0.057752,0.003609,-10.792117,-2.588087,0.054861,1.087247,228.036,4.788901,34.599,0,heater,scaffold_normal_heater_001,1710000009882,0,1,1,0,1,35000.0,0
0.027958,6.605685,-12.198235,-18.577494,0.022459,0.007986,-9.399004,-0.609668,0.141479,1.424672,227.753,4.692016,33.037,0,heater,scaffold_normal_heater_001,1710000004121,0,1,1,0,0,35000.0,0
0.014003,10.740141,-10.545207,-19.090146,0.052904,0.0,-20.05641,-0.306242,0.082419,0.825223,233.007,4.417998,34.319,0,heater,scaffold_normal_heater_001,1710000000846,0,1,1,0,0,35000.0,0
0.015609,6.710854,-20.516792,-16.711798,0.047682,0.001273,-14.645668,-3.236197,0.041386,0.726741,230.508,4.199692,32.598,0,heater,scaffold_normal_heater_001,1710000003000,0,1,1,0,0,35000.0,0
0.0,5.507163,-7.068392,-31.889971,0.029787,0.00246,-8.781719,-2.512671,0.096158,0.98273,229.752,5.328833,30.624,0,heater,scaffold_normal_heater_001,1710000004666,0,1,1,0,0,35000.0,0
0.012395,6.378492,-12.088991,-25.814422,0.038432,0.008902,-10.828265,-3.883346,0.075048,1.071014,230.753,4.259139,33.432,0,heater,scaffold_normal_heater_001,1710000007264,0,1,1,0,0,35000.0,0
0.02412,11.21899,-10.125789,-14.71056,0.075661,0.005359,-15.191531,-0.858305,0.09756,0.436642,229.654,4.50267,31.828,0,heater,scaffold_normal_heater_001,1710000005847,0,1,1,0,2,35000.0,0
0.018909,6.994237,-9.750909,-24.459411,0.040289,0.011739,-10.135289,-2.064318,0.059716,0.49483,230.833,4.726859,30.227,0,heater,scaffold_normal_heater_001,1710000003446,0,1,1,0,0,35000.0,0
0.02862,6.740627,-10.492209,-23.63494,0.054929,0.009737,-8.161638,-3.772132,0.113165,0.902428,229.729,4.337682,33.89,0,heater,scaffold_normal_heater_001,1710000004342,0,1,1,0,0,35000.0,0
0.022912,10.447223,-7.095864,-32.335275,0.030238,0.005506,-19.008394,-1.358725,0.12995,0.156716,227.656,4.896883,35.364,0,heater,scaffold_normal_heater_001,1710000005929,0,1,1,0,0,35000.0,0
0.014574,8.424425,-19.484872,-8.688412,0.04404,0.005453,-9.697814,-3.614729,0.127301,0.538008,227.839,4.741228,34.111,0,heater,scaffold_normal_heater_001,1710000004171,0,1,1,0,0,35000.0,0
0.026517,7.482411,-9.947201,-20.094244,0.068446,0.001296,-6.956251,0.551861,0.045914,1.814637,229.056,5.086701,32.652,0,heater,scaffold_normal_heater_001,1710000009685,0,1,1,0,1,35000.0,0
0.017906,8.281061,-6.395255,-17.093429,0.021328,0.008473,-8.315397,-0.518011,0.10982,0.564536,225.729,4.532451,33.379,0,heater,scaffold_normal_heater_001,1710000000908,0,1,1,0,0,35000.0,0
0.0156,1.588762,-16.98927,-12.395797,0.025031,0.007082,-17.562742,0.658058,0.074239,0.84502,228.387,5.469825,32.051,0,heater,scaffold_normal_heater_001,1710000005708,0,1,1,0,1,35000.0,0
0.016745,8.519796,-12.420897,-19.976221,0.057008,0.005657,-2.801644,-1.363886,0.151413,0.87866,227.292,5.077333,33.736,0,heater,scaffold_normal_heater_001,1710000006950,0,1,1,0,0,35000.0,0
0.020403,4.927213,-17.441033,-25.135682,0.008486,0.006328,-7.499824,-1.520124,0.0,0.60462,226.086,4.753114,32.375,0,heater,scaffold_normal_heater_001,1710000008814,0,1,1,0,2,35000.0,0
0.037059,8.399957,-9.746748,-17.427078,0.039949,0.008333,-15.237945,-0.182912,0.02508,0.864184,228.955,4.851477,32.004,0,heater,scaffold_normal_heater_001,1710000009018,0,1,1,0,0,35000.0,0
0.016464,5.292023,-10.70881,-23.750427,0.04568,0.002456,-14.26518,-2.436905,0.133006,0.865145,224.786,4.739021,32.931,0,heater,scaffold_normal_heater_001,1710000007809,0,1,1,0,0,35000.0,0
0.039975,7.764693,-11.728347,-15.259358,0.048434,8e-06,-18.729306,-1.184563,0.051405,1.356013,226.464,4.70923,28.601,0,heater,scaffold_normal_heater_001,1710000005202,0,1,1,0,0,35000.0,0
0.018116,6.651075,-7.684484,-12.007401,0.032444,0.0,-9.530874,-0.66696,0.092376,1.19074,227.081,4.46453,34.199,0,heater,scaffold_normal_heater_001,1710000009722,0,1,1,0,2,35000.0,0
0.003127,5.639471,-5.934525,-19.304499,0.047599,0.006711,-12.419833,0.545775,0.070534,0.0,229.791,4.568667,30.493,0,heater,scaffold_normal_heater_001,1710000008325,0,1,1,0,0,35000.0,0
0.014183,6.769061,-17.503654,-21.141856,0.024071,0.008315,-8.763515,-1.718716,0.064318,0.769962,227.12,4.564826,31.984,0,heater,scaffold_normal_heater_001,1710000001470,0,1,1,0,0,35000.0,0
0.008365,7.824119,-9.081137,-25.935492,0.035377,0.00534,-10.633965,-1.519408,0.021856,0.068805,224.572,4.808474,33.553,0,heater,scaffold_normal_heater_001,1710000003012,0,1,1,0,1,35000.0,0
0.01847,8.600405,-14.812276,-18.596831,0.010686,0.0,-8.228937,-2.977492,0.061779,0.006779,227.541,4.393929,33.605,0,heater,scaffold_normal_heater_001,1710000003036,0,1,1,0,0,35000.0,0
0.024525,8.141699,-11.045597,-10.111159,0.018986,0.005835,-7.469241,0.39681,0.023129,0.543822,229.391,5.191139,32.652,0,heater,scaffold_normal_heater_001,1710000006378,0,1,1,0,0,35000.0,0
0.022882,6.995252,-12.170314,-17.607006,0.024829,0.007596,-0.343021,-4.16548,0.092961,0.319905,230.524,4.966292,34.881,0,heater,scaffold_normal_heater_001,1710000009050,0,1,1,0,0,35000.0,0
0.021924,9.764105,-21.377192,-10.047739,0.040626,0.009234,-16.879503,-2.746155,0.085838,0.691481,225.47,4.881524,34.558,0,heater,scaffold_normal_heater_001,1710000001623,0,1,1,0,1,35000.0,0
0.017962,4.55777,-9.987805,-30.070539,0.044726,0.001524,-11.786168,-1.678753,0.126782,0.610672,231.546,4.600088,33.858,0,heater,scaffold_normal_heater_001,1710000009855,0,1,1,0,0,35000.0,0
0.016144,7.027107,-18.268708,-16.057629,0.008603,0.008255,-11.485514,2.080428,0.035995,0.648669,227.608,5.317907,33.358,0,heater,scaffold_normal_heater_001,1710000007277,0,1,1,0,1,35000.0,0
0.02282,6.102639,-12.357282,-25.990262,0.037027,0.00735,-12.909678,-3.922576,0.119541,0.882263,225.999,4.590908,31.359,0,heater,scaffold_normal_heater_001,1710000009910,0,1,1,0,0,35000.0,0
0.014622,9.956842,-14.558014,-14.798932,0.026925,0.006744,-12.565582,-0.190415,0.058608,0.0,226.502,4.401999,33.656,0,heater,scaffold_normal_heater_001,1710000005283,0,1,1,0,0,35000.0,0
0.043746,4.024571,-11.185467,-23.639765,0.027599,0.006424,-21.301485,-1.144761,0.156116,0.473281,228.672,4.874825,32.07,0,heater,scaffold_normal_heater_001,1710000009013,0,1,1,0,1,35000.0,0
0.0,8.781981,-12.452674,-23.063419,0.036899,0.004249,-14.113705,-0.590563,0.026465,1.223658,232.846,4.397466,34.804,0,heater,scaffold_normal_heater_001,1710000001555,0,1,1,0,0,35000.0,0
0.010595,6.441455,-11.706899,-17.812384,0.033637,0.005908,-12.8575,-3.662968,0.05934,1.157312,227.36,4.40592,33.178,0,heater,scaffold_normal_heater_001,1710000002612,0,1,1,0,0,35000.0,0
0.016114,10.454787,-9.973667,-24.559016,0.045068,0.003676,-14.307985,-1.029271,0.06033,1.146428,227.687,5.339765,32.095,0,heater,scaffold_normal_heater_002,1710000002487,0,1,1,0,0,35000.0,0
0.026288,10.919888,-2.929423,-23.153585,0.036056,0.002471,-15.110424,-2.445124,0.037714,0.174056,230.684,5.55152,31.532,0,heater,scaffold_normal_heater_002,1710000002931,0,1,1,0,0,35000.0,0
0.048096,6.597231,-11.711929,-24.476706,0.060591,0.009359,-10.812337,-3.520204,0.088427,0.139284,229.191,6.091351,29.102,0,heater,scaffold_normal_heater_002,1710000005212,0,1,1,0,1,35000.0,0
0.026878,9.925767,-7.563321,-25.960065,0.039523,0.009047,-18.633342,-1.511857,0.090954,0.549618,228.345,4.977674,32.763,0,heater,scaffold_normal_heater_002,1710000009315,0,1,1,0,0,35000.0,0
0.014365,6.613976,-12.158825,-15.787727,0.030434,0.004771,-11.630584,-4.381374,0.099081,0.699718,225.094,5.613337,29.842,0,heater,scaffold_normal_heater_002,1710000007387,0,1,1,0,1,35000.0,0
0.019929,7.840354,-13.848508,-14.678232,0.04899,0.007452,-13.043314,-4.661534,0.110769,1.310864,230.348,5.816572,34.377,0,heater,scaffold_normal_heater_002,1710000003033,0,1,1,0,0,35000.0,0
0.035588,5.74778,-12.905818,-14.26364,0.035861,0.002648,-10.341535,-0.632008,0.083519,0.809792,227.199,5.513075,32.06,0,heater,scaffold_normal_heater_002,1710000005473,0,1,1,0,1,35000.0,0
0.02879,4.505254,-17.241187,-28.188643,0.03549,0.002645,-13.5382,-0.507933,0.054338,0.815641,229.95,5.499422,31.893,0,heater,scaffold_normal_heater_002,1710000001503,0,1,1,0,1,35000.0,0
0.018313,9.587487,-10.426493,-24.98481,0.044834,0.002746,-6.349948,0.036148,0.091595,0.778616,228.258,5.529765,33.377,0,heater,scaffold_normal_heater_002,1710000009237,0,1,1,0,1,35000.0,0
0.014382,6.267615,-16.777462,-23.322364,0.007574,0.008189,-4.764342,0.637993,0.014957,1.062427,229.203,6.077828,29.787,0,heater,scaffold_normal_heater_002,1710000002324,0,1,1,0,0,35000.0,0
0.022667,5.372881,-11.20146,-25.806015,0.043143,0.009074,-15.132719,-3.205384,0.0,0.566793,229.906,5.404584,32.28,0,heater,scaffold_normal_heater_002,1710000001726,0,1,1,0,0,35000.0,0
0.014454,9.642609,-9.588252,-18.65013,0.044287,0.002517,-11.87052,-1.279017,0.061207,0.917729,230.104,5.337774,28.333,0,heater,scaffold_normal_heater_002,1710000008607,0,1,1,0,0,35000.0,0
0.031903,1.404735,-14.464196,-12.87326,0.030241,0.001601,-16.374948,0.040359,0.00314,1.264496,227.834,5.581486,31.372,0,heater,scaffold_normal_heater_002,1710000000629,0,1,1,0,0,35000.0,0
0.027324,4.061678,-13.614368,-22.315928,0.054403,0.00195,-5.583084,-1.549942,0.033523,0.361363,229.19,5.330656,31.035,0,heater,scaffold_normal_heater_002,1710000004118,0,1,1,0,0,35000.0,0
0.0,6.740647,-19.211425,-21.760804,0.021363,0.003386,-3.996148,-1.415383,0.089815,0.0,226.951,5.380268,34.453,0,heater,scaffold_normal_heater_002,1710000008471,0,1,1,0,0,35000.0,0
0.017136,6.327897,-11.342717,-21.20245,0.030937,0.005292,-14.937551,-0.772359,0.089536,0.655693,228.528,5.455366,32.509,0,heater,scaffold_normal_heater_002,1710000010024,0,1,1,0,1,35000.0,0
0.021047,10.893173,-17.361425,-14.150716,0.006602,0.006652,-5.699669,-0.766997,0.086825,0.419775,227.428,5.610432,32.536,0,heater,scaffold_normal_heater_002,1710000006852,0,1,1,0,0,35000.0,0
0.012328,5.887436,-17.440974,-16.046375,0.04318,0.006695,-8.139318,-1.368199,0.09568,0.851919,233.428,5.569243,32.277,0,heater,scaffold_normal_heater_002,1710000005712,0,1,1,0,0,35000.0,0
0.013341,8.36802,-10.992582,-25.023958,0.05184,0.005717,-16.443724,0.283176,0.105027,0.067729,228.98,6.197133,35.544,0,heater,scaffold_normal_heater_002,1710000010447,0,1,1,0,1,35000.0,0
0.019719,6.1794,-9.672598,-15.616985,0.03522,0.00363,-11.480281,-1.604698,0.026661,0.0,229.411,5.789892,32.235,0,heater,scaffold_normal_heater_002,1710000003285,0,1,1,0,0,35000.0,0
0.033082,6.513064,-9.362063,-19.984569,0.036706,0.008211,-13.850223,-0.005168,0.040252,0.847296,232.833,5.910007,31.778,0,heater,scaffold_normal_heater_002,1710000007190,0,1,1,0,1,35000.0,0
0.010057,8.820885,-10.008308,-17.488717,0.018156,0.008301,-16.898819,0.238424,0.194298,0.883226,225.38,5.795924,32.036,0,heater,scaffold_normal_heater_002,1710000004305,0,1,1,0,0,35000.0,0
0.009071,4.605991,-5.11056,-16.635687,0.040695,0.005073,-12.691484,-0.053174,0.078707,0.965347,226.186,5.534143,29.836,0,heater,scaffold_normal_heater_002,1710000004082,0,1,1,0,0,35000.0,0
0.020565,4.92774,-12.137899,-17.731237,0.00266,0.003255,-10.370944,-0.919412,0.033853,0.779224,228.809,5.943529,32.251,0,heater,scaffold_normal_heater_002,1710000003498,0,1,1,0,1,35000.0,0
0.013707,8.43564,-11.219584,-14.85298,0.036978,0.008456,-11.62163,-0.322967,0.114833,0.297737,229.513,4.992464,30.257,0,heater,scaffold_normal_heater_002,1710000003557,0,1,1,0,1,35000.0,0
0.027719,6.940646,-14.048246,-10.995591,0.019291,0.003606,-11.154454,-0.914318,0.099854,1.155619,228.482,5.666722,33.1,0,heater,scaffold_normal_heater_002,1710000007387,0,1,1,0,0,35000.0,0
0.021075,7.930196,-8.909841,-15.224272,0.035663,0.003573,-11.729315,-1.542027,0.087727,1.803263,231.137,5.424012,33.157,0,heater,scaffold_normal_heater_002,1710000007552,0,1,1,0,0,35000.0,0
0.01622,8.148178,-15.195223,-19.757624,0.038734,0.008539,-10.723621,0.388672,0.076201,0.533916,227.561,6.508539,31.889,0,heater,scaffold_normal_heater_002,1710000010588,0,1,1,0,0,35000.0,0
0.010573,9.373139,-13.457509,-17.363188,0.034047,0.008194,-15.386976,-3.113358,0.088972,1.00048,230.355,5.711731,31.81,0,heater,scaffold_normal_heater_002,1710000005633,0,1,1,0,0,35000.0,0
0.01056,10.102317,-9.466314,-14.975033,0.053708,0.014438,-18.836904,-2.607565,0.055353,0.27459,226.567,5.237932,33.536,0,heater,scaffold_normal_heater_002,1710000002519,0,1,1,0,0,35000.0,0
0.020517,8.462057,-9.969086,-14.984966,0.029399,0.012363,-11.062276,-4.293727,0.039905,0.0,228.063,5.605824,36.217,0,heater,scaffold_normal_heater_002,1710000009683,0,1,1,0,0,35000.0,0
0.027261,5.637853,-15.99658,-17.815973,0.037595,0.000431,-12.721228,-1.478892,0.071394,0.293305,229.182,5.418716,33.968,0,heater,scaffold_normal_heater_002,1710000006394,0,1,1,0,0,35000.0,0
0.030809,6.911305,-13.824625,-15.811722,0.044163,0.004697,-8.838426,-0.030622,0.131667,1.58916,229.023,5.308884,32.843,0,heater,scaffold_normal_heater_002,1710000001865,0,1,1,0,0,35000.0,0
0.005144,7.685359,-15.073423,-17.570033,0.023089,0.002701,-11.062807,-1.273618,0.103171,1.792932,226.845,5.693169,30.941,0,heater,scaffold_normal_heater_002,1710000008323,0,1,1,0,0,35000.0,0
0.035828,5.65304,-16.175776,-18.195495,0.033647,0.003292,-13.219893,0.344064,0.04776,0.003164,227.759,5.916711,30.469,0,heater,scaffold_normal_heater_002,1710000007289,0,1,1,0,0,35000.0,0
0.019453,9.831344,-16.146328,-18.422599,0.045127,0.0,-7.864855,-3.273676,0.09328,0.823342,224.245,5.964421,31.744,0,heater,scaffold_normal_heater_002,1710000001586,0,1,1,0,0,35000.0,0
0.021382,7.11004,-10.089557,-14.053167,0.044127,0.005357,-19.385348,-2.183222,0.096655,0.154776,229.254,5.812108,28.098,0,heater,scaffold_normal_heater_002,1710000004502,0,1,1,0,1,35000.0,0
0.038862,6.406924,-19.936573,-11.823763,0.0352,0.009315,-10.892165,-0.812161,0.09452,1.048744,225.839,6.365217,33.715,0,heater,scaffold_normal_heater_002,1710000003310,0,1,1,0,1,35000.0,0
0.031415,9.905402,-13.70642,-12.175278,0.048916,0.013718,-15.000007,-2.261101,0.067755,0.454889,228.131,5.300953,33.591,0,heater,scaffold_normal_heater_002,1710000004104,0,1,1,0,0,35000.0,0
0.039354,7.526752,-6.835884,-16.692898,0.047396,0.006838,-6.524861,-1.416091,0.099845,0.883166,233.469,5.503136,32.567,0,heater,scaffold_normal_heater_002,1710000009242,0,1,1,0,0,35000.0,0
0.024195,10.015558,-7.438987,-17.941418,0.0,0.00755,-20.877897,0.704906,0.086779,1.199837,229.522,0.681029,32.946,0,smps,scaffold_normal_smps_001,1710000001135,0,1,1,0,0,35000.0,0
0.020847,13.034872,-8.661898,-12.752507,0.047659,0.010438,-12.760287,-4.582142,0.072457,1.105868,227.616,0.678105,35.403,0,smps,scaffold_normal_smps_001,1710000000505,0,1,1,0,0,35000.0,0
0.027495,8.803081,-9.513595,-18.186246,0.037963,0.002444,-20.745768,-1.274878,0.09296,1.304632,227.004,0.787882,32.436,0,smps,scaffold_normal_smps_001,1710000002035,0,1,1,0,1,35000.0,0
0.045319,10.460198,-7.522411,-19.93894,0.021752,0.008367,-16.402645,-1.857655,0.075409,1.496456,230.009,0.704677,31.882,0,smps,scaffold_normal_smps_001,1710000005473,0,1,1,0,0,35000.0,0
0.020426,7.326591,-13.094816,-14.048297,0.012007,0.004449,-9.263848,-2.421127,0.015648,1.034278,225.078,0.768518,34.13,0,smps,scaffold_normal_smps_001,1710000000195,0,1,1,0,0,35000.0,0
0.023088,5.725072,-16.639357,-20.20955,0.032251,0.004067,-9.645187,-2.169104,0.119208,0.840587,225.705,0.689866,33.465,0,smps,scaffold_normal_smps_001,1710000002189,0,1,1,0,0,35000.0,0
0.016454,2.755609,-14.142859,-22.50517,0.058635,0.000892,-17.765403,0.164954,0.134271,0.327509,224.346,0.692694,30.022,0,smps,scaffold_normal_smps_001,1710000003897,0,1,1,0,0,35000.0,0
0.035499,6.62854,-11.596253,-12.331054,0.066603,0.004269,-12.067347,1.233083,0.019112,1.213791,228.515,0.676009,31.467,0,smps,scaffold_normal_smps_001,1710000005428,0,1,1,0,0,35000.0,0
0.010169,8.052829,-8.017843,-18.648681,0.036052,0.007714,-15.886475,-0.390461,0.112774,2.001813,230.538,0.703752,34.311,0,smps,scaffold_normal_smps_001,1710000007426,0,1,1,0,0,35000.0,0
0.015968,8.582262,-15.310337,-20.05267,0.036344,0.008988,-14.418394,-4.263577,0.003336,0.070293,226.622,0.663271,31.876,0,smps,scaffold_normal_smps_001,1710000003068,0,1,1,0,0,35000.0,0
0.012259,6.618984,-6.709983,-14.690262,0.035242,0.004617,-13.732931,-1.00838,0.103367,0.246191,229.423,0.721576,34.219,0,smps,scaffold_normal_smps_001,1710000005596,0,1,1,0,0,35000.0,0
0.038165,5.737523,-11.130238,-18.179124,0.033496,0.005657,-11.57158,-0.228062,0.135109,0.698875,230.532,0.755222,31.781,0,smps,scaffold_normal_smps_001,1710000000527,0,1,1,0,0,35000.0,0
0.030907,11.921282,-12.488336,-28.962717,0.026779,0.009696,-9.787693,-1.12663,0.120347,0.942227,232.043,0.772606,33.574,0,smps,scaffold_normal_smps_001,1710000007164,0,1,1,0,1,35000.0,0
0.016929,6.297078,-5.172929,-16.918977,0.047073,0.006371,-14.346063,-1.483526,0.13744,0.97762,232.565,0.646064,32.658,0,smps,scaffold_normal_smps_001,1710000006468,0,1,1,0,0,35000.0,0
0.001995,11.286098,-9.27043,-18.350064,0.029429,0.009247,-14.167934,0.222385,0.101688,0.822341,231.091,0.726286,31.615,0,smps,scaffold_normal_smps_001,1710000005422,0,1,1,0,0,35000.0,0
0.026144,8.762477,-10.079035,-15.961358,0.030192,0.008362,-12.182233,-2.23067,0.067524,1.71032,225.642,0.645049,32.827,0,smps,scaffold_normal_smps_001,1710000001382,0,1,1,0,0,35000.0,0
0.015664,3.329943,-10.44385,-19.90019,0.003512,0.008519,-6.259975,0.735187,0.094358,0.723029,231.267,0.777376,31.494,0,smps,scaffold_normal_smps_001,1710000002020,0,1,1,0,1,35000.0,0
0.024395,3.880766,-10.122557,-6.635041,0.044599,0.01042,-11.268341,-1.609827,0.095251,0.292087,231.745,0.678365,31.414,0,smps,scaffold_normal_smps_001,1710000004785,0,1,1,0,1,35000.0,0
0.02968,7.32608,-10.640766,-15.698907,0.049915,0.006248,-6.359352,-1.035881,0.104967,0.283369,230.426,0.813254,30.427,0,smps,scaffold_normal_smps_001,1710000001266,0,1,1,0,0,35000.0,0
0.032379,8.073782,-19.655119,-12.80855,0.026843,0.010234,-12.351343,-1.19294,0.127158,0.251254,230.654,0.677109,30.871,0,smps,scaffold_normal_smps_001,1710000005155,0,1,1,0,0,35000.0,0
0.00332,9.147442,-14.411913,-19.96113,0.007148,0.003963,-12.030269,-0.104433,0.049151,1.528688,232.075,0.690427,33.338,0,smps,scaffold_normal_smps_001,1710000001523,0,1,1,0,0,35000.0,0
0.018449,10.206147,-6.135189,-22.083966,0.034363,0.00627,-15.94496,-1.583528,0.080213,1.270105,228.572,0.772161,34.063,0,smps,scaffold_normal_smps_001,1710000006519,0,1,1,0,0,35000.0,0
0.014148,8.67728,-12.351626,-22.846993,0.020647,0.010341,-12.625686,0.960531,0.059455,0.845603,225.204,0.823364,35.059,0,smps,scaffold_normal_smps_001,1710000010341,0,1,1,0,0,35000.0,0
0.019793,6.328164,-10.927349,-22.752681,0.032301,0.007349,-16.033236,-2.550126,0.066105,0.0,228.201,0.701745,32.566,0,smps,scaffold_normal_smps_001,1710000003022,0,1,1,0,0,35000.0,0
0.019801,6.188513,-9.23575,-10.820109,0.028034,0.007456,-12.958469,-0.951769,0.142631,0.95433,231.466,0.643388,32.645,0,smps,scaffold_normal_smps_001,1710000009400,0,1,1,0,0,35000.0,0
0.013099,4.528922,-11.435324,-26.782384,0.031403,0.009861,-19.639052,-3.419245,0.038719,0.66834,230.909,0.704201,33.792,0,smps,scaffold_normal_smps_001,1710000004430,0,1,1,0,1,35000.0,0
0.021456,8.28646,-15.447929,-13.713948,0.018319,0.008506,-7.25543,-1.183703,0.072951,0.900155,228.773,0.596382,32.919,0,smps,scaffold_normal_smps_001,1710000002399,0,1,1,0,0,35000.0,0
0.019252,5.219586,-12.565611,-17.662223,0.036724,0.006486,-7.842524,-3.129052,0.087028,1.344965,227.829,0.645065,32.407,0,smps,scaffold_normal_smps_001,1710000001379,0,1,1,0,0,35000.0,0
0.010952,7.160899,-4.634978,-24.322152,0.017456,0.002094,-5.090327,-2.19351,0.078974,0.498609,233.916,0.679201,35.227,0,smps,scaffold_normal_smps_001,1710000007011,0,1,1,0,0,35000.0,0
0.026476,5.836954,-19.105471,-12.902445,0.052401,0.009138,-13.879461,-1.750164,0.109991,0.895748,229.228,0.702995,34.726,0,smps,scaffold_normal_smps_001,1710000001570,0,1,1,0,0,35000.0,0
0.008024,8.777519,-10.673833,-14.249259,0.04808,0.003917,-18.467838,-2.300279,0.115565,0.428998,232.505,0.690017,34.321,0,smps,scaffold_normal_smps_001,1710000006456,0,1,1,0,0,35000.0,0
0.029677,8.653417,-12.977315,-18.818821,0.028587,0.013904,-9.776352,-2.195701,0.09862,0.194566,230.002,0.784995,34.706,0,smps,scaffold_normal_smps_001,1710000005650,0,1,1,0,0,35000.0,0
0.023848,7.68894,-11.956792,-18.282205,0.02635,0.004652,-6.081639,-1.662805,0.048568,0.441851,230.121,0.767536,32.588,0,smps,scaffold_normal_smps_001,1710000003202,0,1,1,0,1,35000.0,0
0.013564,6.980772,-8.120782,-13.628612,0.020271,0.003433,-11.565191,1.089199,0.003377,0.839166,228.271,0.660555,32.327,0,smps,scaffold_normal_smps_001,1710000004266,0,1,1,0,0,35000.0,0
0.014662,7.514414,-14.141022,-25.312287,0.046698,0.008259,-8.627303,-3.811102,0.091957,1.037989,228.767,0.675452,35.947,0,smps,scaffold_normal_smps_001,1710000006818,0,1,1,0,0,35000.0,0
0.003356,12.487854,-15.660903,-13.096634,0.049557,0.003013,-10.026929,-1.661301,0.102173,0.815336,228.664,0.771682,34.754,0,smps,scaffold_normal_smps_001,1710000007331,0,1,1,0,0,35000.0,0
0.025804,8.963627,-14.658347,-23.226314,0.026484,0.004138,-8.855203,-0.036024,0.073795,1.41546,227.356,0.779118,35.521,0,smps,scaffold_normal_smps_001,1710000006734,0,1,1,0,0,35000.0,0
0.021262,6.82079,-15.559161,-25.343197,0.044493,0.00365,0.238125,-3.12911,0.029705,0.955069,230.144,0.786066,30.05,0,smps,scaffold_normal_smps_001,1710000001295,0,1,1,0,0,35000.0,0
0.013225,5.352769,-19.580183,-17.415099,0.001358,0.002033,-14.148775,-2.746929,0.095856,0.85279,231.282,0.758612,32.997,0,smps,scaffold_normal_smps_001,1710000010554,0,1,1,0,1,35000.0,0
0.025115,7.783313,-13.588777,-19.662213,0.022737,0.007265,-12.376061,-2.494761,0.05351,0.094801,227.274,0.762286,34.294,0,smps,scaffold_normal_smps_001,1710000002822,0,1,1,0,0,35000.0,0
0.014396,4.686999,-7.915111,-20.685485,0.028867,0.006124,-7.429643,-1.469944,0.032035,0.971939,228.998,1.213626,29.424,0,motor,scaffold_normal_motor_001,1710000008296,0,1,1,0,2,35000.0,0
0.039446,10.651841,-4.676183,-23.098801,0.048682,0.003834,-11.102842,-3.409429,0.054222,0.361877,229.554,1.317392,30.839,0,motor,scaffold_normal_motor_001,1710000002815,0,1,1,0,1,35000.0,0
0.016884,6.007767,-8.521297,-12.109076,0.050846,0.003734,-22.958132,-4.150443,0.136865,0.499373,231.53,1.193696,33.039,0,motor,scaffold_normal_motor_001,1710000002646,0,1,1,0,1,35000.0,0
0.018679,7.954326,-5.599811,-15.887663,0.04589,0.009508,-16.678704,-0.367707,0.068217,0.0,230.062,1.090387,33.182,0,motor,scaffold_normal_motor_001,1710000003028,0,1,1,0,0,35000.0,0
0.021844,11.401887,-17.076358,-18.137167,0.039567,0.003791,-11.886693,-3.899924,0.136396,0.359193,231.056,1.402355,32.915,0,motor,scaffold_normal_motor_001,1710000009111,0,1,1,0,0,35000.0,0
0.01416,7.738248,-10.728005,-21.921293,0.033124,0.00417,-2.801344,-1.634596,0.141809,0.602189,228.106,1.269447,33.337,0,motor,scaffold_normal_motor_001,1710000003962,0,1,1,0,0,35000.0,0
0.03586,7.943966,-6.465119,-14.796354,0.059411,0.005823,-2.439109,-2.228094,0.049342,0.094974,228.332,1.424827,34.998,0,motor,scaffold_normal_motor_001,1710000000889,0,1,1,0,1,35000.0,0
0.039661,4.404334,-13.06144,-20.312607,0.005395,0.009181,-13.081586,-0.390553,0.174391,0.523378,230.974,1.218414,32.093,0,motor,scaffold_normal_motor_001,1710000008388,0,1,1,0,0,35000.0,0
0.01369,9.614379,-10.485443,-28.223641,0.016619,0.010504,-10.392287,-2.643294,0.073184,0.706618,227.318,1.30518,33.437,0,motor,scaffold_normal_motor_001,1710000003169,0,1,1,0,0,35000.0,0
0.025719,5.040985,-10.571485,-12.542082,0.042302,0.006417,-12.383534,-2.752277,0.07712,1.329853,228.016,1.241073,33.321,0,motor,scaffold_normal_motor_001,1710000006706,0,1,1,0,0,35000.0,0
0.016265,8.470607,-9.908625,-13.555084,0.056353,0.008988,-15.736956,-2.855302,0.076969,0.474412,228.051,1.164625,31.925,0,motor,scaffold_normal_motor_001,1710000007251,0,1,1,0,0,35000.0,0
0.031785,7.898476,-2.112764,-17.147459,0.030649,0.006012,-10.974032,-0.847119,0.163068,0.27734,225.858,1.314428,34.233,0,motor,scaffold_normal_motor_001,1710000000792,0,1,1,0,0,35000.0,0
0.032676,5.785647,-12.035735,-26.626771,0.016118,0.009144,-13.865666,-3.163204,0.089178,0.438794,226.677,1.214688,31.551,0,motor,scaffold_normal_motor_001,1710000009833,0,1,1,0,1,35000.0,0
0.029694,9.976321,-14.660247,-13.313115,0.023238,0.011479,-16.535084,0.492718,0.053741,1.706623,227.956,1.294349,34.25,0,motor,scaffold_normal_motor_001,1710000001854,0,1,1,0,0,35000.0,0
0.030526,7.358569,-11.821367,-14.208235,0.036977,0.002119,-15.251896,-1.14732,0.128619,1.507991,230.498,1.308465,31.933,0,motor,scaffold_normal_motor_001,1710000006538,0,1,1,0,0,35000.0,0
0.011759,5.002515,-10.665804,-17.072433,0.045315,0.007638,-11.029423,-0.665075,0.078293,0.906446,230.337,1.195539,31.929,0,motor,scaffold_normal_motor_001,1710000000763,0,1,1,0,0,35000.0,0
0.020518,6.252795,-14.106027,-23.624647,0.053987,0.009197,-9.850265,1.458294,0.07243,2.215881,228.204,1.232935,33.596,0,motor,scaffold_normal_motor_001,1710000005919,0,1,1,0,0,35000.0,0
0.018861,11.05344,-11.043403,-16.647573,0.021365,0.007255,-12.536109,-2.41236,0.048941,2.035882,227.604,1.230239,32.917,0,motor,scaffold_normal_motor_001,1710000008679,0,1,1,0,0,35000.0,0
0.025467,8.609593,-9.293542,-21.224302,0.040107,0.003372,-14.478572,-2.876563,0.032464,1.232105,229.079,1.301646,34.243,0,motor,scaffold_normal_motor_001,1710000001811,0,1,1,0,1,35000.0,0
0.028631,7.85424,-9.491562,-16.099884,0.020194,0.001506,-14.848217,-0.652624,0.107604,0.016029,228.285,1.176418,30.821,0,motor,scaffold_normal_motor_001,1710000010340,0,1,1,0,0,35000.0,0
0.005779,5.856329,-11.654985,-23.902972,0.033263,0.009176,-17.207119,-1.809669,0.12099,0.490866,228.388,1.206975,34.767,0,motor,scaffold_normal_motor_001,1710000010201,0,1,1,0,1,35000.0,0
0.016572,8.459381,-10.718202,-12.895586,0.026775,0.006124,-12.246063,-0.443778,0.038993,1.208489,231.417,1.284975,36.575,0,motor,scaffold_normal_motor_001,1710000001745,0,1,1,0,0,35000.0,0
0.030018,10.35397,-11.658514,-26.307525,0.007338,0.006765,-14.367915,-2.871864,0.07749,1.007793,232.02,1.141043,31.28,0,motor,scaffold_normal_motor_001,1710000001887,0,1,1,0,0,35000.0,0
0.015153,8.591588,-7.61069,-14.293591,0.048637,0.002545,-7.545361,-2.77904,0.090382,0.829123,227.312,1.286384,30.84,0,motor,scaffold_normal_motor_001,1710000010092,0,1,1,0,0,35000.0,0
0.028723,7.871669,-7.402493,-18.223665,0.013923,0.008898,-13.481482,-0.986995,0.054102,1.522151,229.215,1.184258,31.253,0,motor,scaffold_normal_motor_001,1710000009818,0,1,1,0,0,35000.0,0
0.036119,6.519076,-10.419429,-31.747177,0.034416,0.005061,-15.27399,0.122176,0.06695,0.611261,226.736,1.221711,34.538,0,motor,scaffold_normal_motor_001,1710000006032,0,1,1,0,0,35000.0,0
0.0,5.967369,-13.59888,-9.281891,0.046529,0.004328,-6.781945,-2.610774,0.120364,0.020561,226.943,1.330494,32.653,0,motor,scaffold_normal_motor_001,1710000004839,0,1,1,0,0,35000.0,0
0.015053,8.607907,-14.331976,-14.898138,0.041633,0.005817,-13.765529,-1.272689,0.10201,1.7309,235.177,1.320457,33.826,0,motor,scaffold_normal_motor_001,1710000002241,0,1,1,0,1,35000.0,0
0.024846,8.90803,-16.035864,-20.219508,0.027407,0.007943,-12.696698,-1.292665,0.123498,1.131575,231.271,1.237871,34.238,0,motor,scaffold_normal_motor_001,1710000008220,0,1,1,0,0,35000.0,0
0.016868,7.831031,-8.884681,-13.449493,0.039259,0.007756,-11.743453,-2.510778,0.069549,0.709496,228.205,1.247399,33.09,0,motor,scaffold_normal_motor_001,1710000002058,0,1,1,0,0,35000.0,0
0.017186,7.006352,-10.048035,-23.394786,0.010579,0.004955,-8.943542,1.03133,0.111285,0.0,229.355,1.232572,33.863,0,motor,scaffold_normal_motor_001,1710000007765,0,1,1,0,0,35000.0,0
0.020649,8.340646,-8.697316,-22.028591,0.029823,0.0,-14.485848,-2.286622,0.039217,0.782806,229.431,1.245804,31.515,0,motor,scaffold_normal_motor_001,1710000001886,0,1,1,0,0,35000.0,0
0.024857,4.936298,-11.879974,-19.415817,0.039547,0.006374,-13.020657,-3.804408,0.020912,0.408057,230.25,1.249379,32.553,0,motor,scaffold_normal_motor_001,1710000004011,0,1,1,0,0,35000.0,0
0.017219,7.95172,-10.700461,-8.608104,0.024966,0.00578,-10.295504,-1.535134,0.059975,0.0,225.547,1.211687,31.727,0,motor,scaffold_normal_motor_001,1710000010464,0,1,1,0,0,35000.0,0
0.009529,8.667573,-9.595633,-22.519396,0.031097,0.000425,-13.97736,-0.901527,0.112998,0.343476,226.505,1.328889,34.135,0,motor,scaffold_normal_motor_001,1710000003112,0,1,1,0,0,35000.0,0
0.016333,10.842242,-10.026272,-18.201712,0.002072,0.0,-11.482362,-2.037094,0.035767,0.732766,229.273,1.258635,34.965,0,motor,scaffold_normal_motor_001,1710000008652,0,1,1,0,1,35000.0,0
0.02008,7.26933,-7.742751,-22.892204,0.077217,0.007126,-10.476683,-0.712356,0.155085,1.096254,228.318,1.129621,33.171,0,motor,scaffold_normal_motor_001,1710000010352,0,1,1,0,1,35000.0,0
0.025262,6.197251,-11.599321,-19.420495,0.063875,0.011947,-11.813947,-1.404033,0.065062,1.253003,230.957,1.225331,32.139,0,motor,scaffold_normal_motor_001,1710000007315,0,1,1,0,0,35000.0,0
0.019622,4.337378,-9.183239,-8.295665,0.045818,0.010385,-15.384409,-1.145514,0.042274,0.586117,226.175,1.307916,30.896,0,motor,scaffold_normal_motor_001,1710000007786,0,1,1,0,0,35000.0,0
0.024915,11.627789,-6.550167,-27.479926,0.056316,0.008809,-18.1812,-1.954802,0.123821,0.975217,224.725,1.151818,32.643,0,motor,scaffold_normal_motor_001,1710000005996,0,1,1,0,0,35000.0,0
0.170518,14.055183,2.503187,4.612712,0.188738,0.02717,6.49737,5.879025,0.373291,3.492082,227.089,4.38065,32.549,1,heater,scaffold_arc_heater_001,1710000005981,1,1,1,6,2,35000.0,0
0.182633,13.874608,7.010429,5.277605,0.128428,0.022163,2.025888,6.408699,0.363584,1.890468,229.895,5.182378,33.873,1,heater,scaffold_arc_heater_001,1710000003903,1,1,1,6,4,35000.0,0
0.083535,15.532124,-0.181505,-0.689684,0.193786,0.020497,1.782089,4.482214,0.293991,3.213836,228.375,5.994996,30.463,1,heater,scaffold_arc_heater_001,1710000006190,0,1,1,6,5,35000.0,0
0.187728,15.15417,0.029235,-3.89124,0.134392,0.028928,2.252967,6.375399,0.335193,3.718376,230.726,5.183783,31.697,1,heater,scaffold_arc_heater_001,1710000002088,1,1,1,6,4,35000.0,0
0.132082,15.056009,3.5379,2.915908,0.12668,0.013457,9.421934,5.807696,0.223914,3.825289,225.592,5.281253,34.483,1,heater,scaffold_arc_heater_001,1710000005177,1,1,1,6,6,35000.0,0
0.116538,15.229254,5.743596,-1.392201,0.175886,0.018794,-2.024219,3.126276,0.438128,5.044254,230.702,5.465848,34.161,1,heater,scaffold_arc_heater_001,1710000005508,1,1,1,6,5,35000.0,0
0.156398,15.089789,3.782763,-0.629286,0.045103,0.020377,3.744211,4.726667,0.166246,3.909518,229.618,5.382818,36.252,1,heater,scaffold_arc_heater_001,1710000008650,1,1,1,6,4,35000.0,0
0.133128,11.601028,2.358986,1.326434,0.207366,0.030607,4.792569,2.671492,0.549274,2.72969,230.936,3.278721,36.868,1,heater,scaffold_arc_heater_001,1710000006339,1,1,1,6,7,35000.0,0
0.069419,18.374512,4.210407,4.321351,0.057611,0.028277,6.146067,3.414398,0.364511,2.357955,230.724,2.714467,34.907,1,heater,scaffold_arc_heater_001,1710000005647,1,1,1,6,1,35000.0,0
0.138928,13.203379,4.984822,-0.69652,0.095829,0.025365,2.744518,7.94864,0.304631,2.181314,231.381,3.43074,31.956,1,heater,scaffold_arc_heater_001,1710000000905,0,1,1,6,6,35000.0,0
0.11991,13.485651,0.12776,0.577434,0.206819,0.019661,-2.384245,0.077153,0.466478,3.100649,231.846,2.679802,32.371,1,heater,scaffold_arc_heater_001,1710000007628,0,1,1,6,2,35000.0,0
0.127066,18.288596,4.770083,4.486314,0.175955,0.022363,4.391738,2.987728,0.491543,2.202369,228.141,3.572197,33.504,1,heater,scaffold_arc_heater_001,1710000010112,0,1,1,6,5,35000.0,0
0.118246,9.254142,4.028657,-2.351979,0.053281,0.018958,4.951533,4.658736,0.356717,1.074152,230.222,3.640881,31.901,1,heater,scaffold_arc_heater_001,1710000008731,1,1,1,6,3,35000.0,0
0.09967,15.684623,4.410322,-0.069014,0.087491,0.019874,-1.850875,4.440458,0.562648,4.685187,226.355,5.466357,35.052,1,heater,scaffold_arc_heater_001,1710000005554,0,1,1,6,1,35000.0,0
0.09341,11.902244,3.503049,-2.217162,0.078662,0.017647,-0.566118,1.869759,0.221881,3.774596,228.716,5.541635,32.555,1,heater,scaffold_arc_heater_001,1710000005378,1,1,1,6,6,35000.0,0
0.151728,13.55878,4.241823,-1.236266,0.096966,0.023384,4.779768,4.501657,0.328085,3.250824,228.798,6.22017,35.219,1,heater,scaffold_arc_heater_001,1710000008278,0,1,1,6,6,35000.0,0
0.134138,15.897129,4.846264,2.364523,0.103212,0.022909,14.381178,2.675451,0.307099,2.709174,228.052,5.411129,30.46,1,heater,scaffold_arc_heater_001,1710000008559,0,1,1,6,3,35000.0,0
0.056664,15.895414,12.399092,0.216624,0.056662,0.0243,0.0923,6.358563,0.271797,2.505003,228.007,5.009242,32.682,1,heater,scaffold_arc_heater_001,1710000009917,1,1,1,6,4,35000.0,0
0.074126,15.191095,-1.36018,-0.054425,0.177969,0.020121,5.361282,3.3569,0.416975,4.217169,228.121,4.562532,30.85,1,heater,scaffold_arc_heater_001,1710000008694,1,1,1,6,6,35000.0,0
0.146844,17.271416,1.191036,-1.672509,0.162995,0.017502,-4.543046,4.325238,0.114758,2.160218,228.341,4.259358,33.068,1,heater,scaffold_arc_heater_001,1710000000909,1,1,1,6,2,35000.0,0
0.196249,12.521393,2.569348,6.920539,0.121261,0.023055,-2.908572,3.123288,0.13404,2.039023,227.503,3.437974,32.647,1,heater,scaffold_arc_heater_001,1710000007781,1,1,1,6,4,35000.0,0
0.164317,6.12456,1.504716,2.056837,0.135057,0.020824,4.070161,2.829291,0.247315,2.929948,229.367,3.390859,35.497,1,heater,scaffold_arc_heater_001,1710000005924,0,1,1,6,4,35000.0,0
0.112988,16.87642,7.695938,1.27686,0.129464,0.015697,1.976707,5.379328,0.323101,3.458819,228.644,2.436117,31.76,1,heater,scaffold_arc_heater_001,1710000003875,0,1,1,6,8,35000.0,0
0.136272,15.734465,3.585859,0.384644,0.131521,0.008321,2.64829,4.151273,0.485046,3.294599,230.733,2.37957,31.703,1,heater,scaffold_arc_heater_001,1710000006359,1,1,1,6,9,35000.0,0
0.148644,11.77396,-0.061423,0.280707,0.144576,0.004895,-1.596637,3.522738,0.259183,3.634292,232.285,3.715519,30.255,1,heater,scaffold_arc_heater_001,1710000002809,0,1,1,6,2,35000.0,0
0.141695,18.9927,4.945129,3.470003,0.140877,0.010815,1.039447,0.833799,0.172129,3.641924,229.593,4.527179,32.218,1,heater,scaffold_arc_heater_001,1710000010715,1,1,1,6,2,35000.0,0
0.181265,14.971157,7.707349,-1.144764,0.142807,0.011132,1.345579,2.923371,0.227414,1.862947,230.255,4.939125,30.442,1,heater,scaffold_arc_heater_001,1710000001490,1,1,1,6,3,35000.0,0
0.196636,12.090512,4.963138,3.74811,0.173126,0.007344,2.075761,-0.0601,0.544632,1.445637,231.705,5.330601,36.876,1,heater,scaffold_arc_heater_001,1710000010795,0,1,1,6,2,35000.0,0
0.10597,10.038731,-2.710776,0.645619,0.124182,0.013441,3.885501,4.369381,0.332308,2.852263,230.777,5.098192,34.264,1,heater,scaffold_arc_heater_001,1710000004166,1,1,1,6,5,35000.0,0
0.067631,11.733378,0.831204,4.143381,0.157565,0.025694,4.585947,3.959029,0.419973,3.7167,228.391,5.134731,31.659,1,heater,scaffold_arc_heater_001,1710000008169,1,1,1,6,5,35000.0,0
0.153121,17.711152,3.848238,6.077705,0.041499,0.017612,2.83962,1.900612,0.538386,3.127188,224.994,4.127057,31.784,1,heater,scaffold_arc_heater_001,1710000002798,1,1,1,6,6,35000.0,0
0.099842,11.513375,7.928577,6.19089,0.16585,0.014814,2.042116,1.73087,0.200523,2.051142,229.439,3.254792,33.375,1,heater,scaffold_arc_heater_001,1710000007713,1,1,1,6,2,35000.0,0
0.193032,11.994985,4.888302,2.594494,0.127308,0.02321,6.100917,4.220304,0.274436,2.806717,226.752,2.312427,33.704,1,heater,scaffold_arc_heater_001,1710000003992,1,1,1,6,3,35000.0,0
0.088678,14.850324,0.897667,0.432772,0.105484,0.022213,0.284847,5.725653,0.275428,2.485436,229.547,2.165814,36.582,1,heater,scaffold_arc_heater_001,1710000008381,1,1,1,6,6,35000.0,0
0.182191,13.077417,3.045918,3.143939,0.098099,0.026164,4.446402,4.06421,0.368695,5.095113,230.935,3.097168,32.486,1,heater,scaffold_arc_heater_001,1710000007219,1,1,1,6,7,35000.0,0
0.132815,15.085439,-0.0698,-3.898696,0.09563,0.011247,0.424704,4.896363,0.283107,3.416034,230.19,2.945605,31.841,1,heater,scaffold_arc_heater_001,1710000006158,1,1,1,6,6,35000.0,0
0.131466,20.596544,3.947206,-0.926154,0.131312,0.018645,2.395326,3.43102,0.155655,2.141106,228.646,4.926892,33.098,1,heater,scaffold_arc_heater_002,1710000005115,1,1,1,6,3,35000.0,0
0.121032,15.19731,2.375199,3.502335,0.158787,0.024061,5.853842,4.795218,0.290158,3.469433,229.363,6.52747,33.664,1,heater,scaffold_arc_heater_002,1710000004777,1,1,1,6,3,35000.0,0
0.092036,13.775712,3.718004,-6.25348,0.12902,0.016899,2.358828,6.615011,0.17842,2.292915,227.98,5.006669,34.772,1,heater,scaffold_arc_heater_002,1710000005633,1,1,1,6,4,35000.0,0
0.128114,12.888161,7.078569,1.430847,0.099086,0.005986,1.234742,5.160216,0.527654,3.267771,225.471,6.33344,33.881,1,heater,scaffold_arc_heater_002,1710000009957,1,1,1,6,5,35000.0,0
0.157708,15.308838,3.341015,3.477292,0.148547,0.012553,10.401649,2.726305,0.377575,0.539524,230.118,7.300983,33.894,1,heater,scaffold_arc_heater_002,1710000005508,0,1,1,6,5,35000.0,0
0.146885,11.574109,2.173729,5.444301,0.188733,0.013055,0.065695,2.079687,0.373264,2.100017,231.02,6.11046,32.513,1,heater,scaffold_arc_heater_002,1710000004653,1,1,1,6,4,35000.0,0
0.116446,11.068261,7.051532,-1.182822,0.157489,0.017501,-1.211132,2.159973,0.438287,3.421823,235.908,4.419601,33.456,1,heater,scaffold_arc_heater_002,1710000006551,1,1,1,6,4,35000.0,0
0.181801,8.476891,4.28296,8.4805,0.13419,0.005867,1.416328,6.69994,0.337607,2.277258,231.676,3.725707,34.684,1,heater,scaffold_arc_heater_002,1710000008061,1,1,1,6,5,35000.0,0
0.14324,10.005066,0.016202,3.366382,0.072726,0.016421,4.216602,0.997293,0.197574,3.096467,229.147,3.779289,31.806,1,heater,scaffold_arc_heater_002,1710000007279,0,1,1,6,6,35000.0,0
0.104565,15.229807,5.009871,-5.849657,0.100716,0.026432,3.31686,0.38258,0.535582,3.168164,227.545,3.471757,36.395,1,heater,scaffold_arc_heater_002,1710000008921,1,1,1,6,4,35000.0,0
0.165128,16.465812,5.728868,-2.011611,0.203877,0.012098,4.133147,-0.106658,0.095914,3.55012,233.24,3.004766,35.223,1,heater,scaffold_arc_heater_002,1710000007599,1,1,1,6,5,35000.0,0
0.125354,16.663119,7.366384,0.297625,0.141709,0.020104,5.215505,3.207232,0.287991,4.717816,228.227,4.843617,35.597,1,heater,scaffold_arc_heater_002,1710000000485,0,1,1,6,8,35000.0,0
0.146701,23.813078,0.422554,-0.912708,0.16094,0.020781,10.800556,2.029576,0.390492,4.478709,231.459,5.430742,33.959,1,heater,scaffold_arc_heater_002,1710000002982,1,1,1,6,7,35000.0,0
0.134044,13.763793,5.922355,1.608972,0.097574,0.01066,-0.008145,3.988691,0.297304,3.436878,228.465,6.19548,32.307,1,heater,scaffold_arc_heater_002,1710000000611,1,1,1,6,7,35000.0,0
0.144295,8.490469,1.628397,4.933755,0.053129,0.025823,9.044546,2.687198,0.329181,4.430996,228.045,6.272459,31.721,1,heater,scaffold_arc_heater_002,1710000000823,1,1,1,6,3,35000.0,0
0.171319,13.447661,0.186253,-2.289474,0.15973,0.030909,4.5749,2.648828,0.376618,2.936552,223.922,6.561812,34.277,1,heater,scaffold_arc_heater_002,1710000003335,1,1,1,6,7,35000.0,0
0.10645,12.768978,9.076945,-0.999459,0.105997,0.017087,4.65539,2.527917,0.142614,2.247732,228.477,7.303852,31.945,1,heater,scaffold_arc_heater_002,1710000008316,0,1,1,6,5,35000.0,0
0.117472,12.66989,7.288427,-1.028261,0.110264,0.018072,3.00108,4.071145,0.509167,3.569873,229.087,4.496948,33.394,1,heater,scaffold_arc_heater_002,1710000008027,1,1,1,6,5,35000.0,0
0.123853,13.842164,5.839133,-0.397283,0.092616,0.039166,0.13657,3.720314,0.150434,3.328115,229.944,4.464397,33.909,1,heater,scaffold_arc_heater_002,1710000001594,1,1,1,6,6,35000.0,0
0.198476,10.424356,8.585682,5.075404,0.168867,0.012015,3.606359,2.463973,0.302904,2.925141,228.03,2.92722,32.103,1,heater,scaffold_arc_heater_002,1710000004347,1,1,1,6,4,35000.0,0
0.139338,11.318731,-2.765527,2.924954,0.165955,0.016603,-1.591612,3.695658,0.153547,2.070046,228.104,3.039223,36.128,1,heater,scaffold_arc_heater_002,1710000007322,1,1,1,6,4,35000.0,0
0.13856,12.890898,2.210885,-6.152423,0.188437,0.021138,2.283336,3.198101,0.373614,1.489819,230.751,2.89697,29.476,1,heater,scaffold_arc_heater_002,1710000002442,1,1,1,6,8,35000.0,0
0.06445,13.602963,2.582679,-3.135338,0.237238,0.020188,4.899265,1.977567,0.372227,2.781524,232.194,3.314963,33.292,1,heater,scaffold_arc_heater_002,1710000000888,0,1,1,6,2,35000.0,0
0.081983,11.230505,0.514299,2.376042,0.143299,0.014749,-1.056277,0.713488,0.295152,2.687855,231.54,3.725492,32.147,1,heater,scaffold_arc_heater_002,1710000004334,1,1,1,6,4,35000.0,0
0.134791,13.833572,-1.092867,6.499184,0.133242,0.023225,-0.008115,3.137342,0.213315,4.559598,231.313,5.198732,34.225,1,heater,scaffold_arc_heater_002,1710000001265,0,1,1,6,7,35000.0,0
0.097173,10.988336,6.182601,2.097282,0.070474,0.016679,-2.976449,3.383056,0.134463,3.78171,228.154,6.122998,34.309,1,heater,scaffold_arc_heater_002,1710000008066,1,1,1,6,6,35000.0,0
0.069093,11.112582,4.999428,-6.053874,0.138142,0.010858,3.405228,1.12898,0.342425,3.22126,228.506,7.374081,30.849,1,heater,scaffold_arc_heater_002,1710000004827,1,1,1,6,3,35000.0,0
0.148594,21.407588,2.134492,0.562719,0.111212,0.019485,4.526762,3.382575,0.408633,2.521323,228.37,7.366843,36.883,1,heater,scaffold_arc_heater_002,1710000001135,1,1,1,6,4,35000.0,0
0.09232,14.8938,1.749343,7.749673,0.184341,0.013252,5.05038,4.066931,0.248338,4.033981,229.862,6.777555,33.367,1,heater,scaffold_arc_heater_002,1710000002767,0,1,1,6,4,35000.0,0
0.099359,19.081299,0.84874,2.996727,0.123988,0.030317,-0.61393,1.882421,0.203018,3.555812,229.481,5.0899,32.2,1,heater,scaffold_arc_heater_002,1710000009792,0,1,1,6,1,35000.0,0
0.065478,17.256828,0.076999,4.289303,0.104948,0.029211,5.998202,1.282295,0.208292,3.866078,227.503,4.860197,33.146,1,heater,scaffold_arc_heater_002,1710000003822,1,1,1,6,7,35000.0,0
0.157365,13.521162,3.133282,-4.585854,0.087188,0.020229,2.448471,3.66484,0.403925,1.893945,231.863,3.990654,34.454,1,heater,scaffold_arc_heater_002,1710000003176,1,1,1,6,3,35000.0,0
0.136605,19.382695,-0.496686,1.472958,0.158317,0.011598,4.202858,1.065519,0.369056,4.363618,230.129,3.642812,33.034,1,heater,scaffold_arc_heater_002,1710000007866,1,1,1,6,3,35000.0,0
0.112848,17.728491,4.40997,-1.366761,0.189748,0.013257,0.246192,4.288376,0.478104,4.985946,226.486,3.45723,34.031,1,heater,scaffold_arc_heater_002,1710000002333,1,1,1,6,6,35000.0,0
0.095637,14.955434,3.317597,3.254229,0.145905,0.002,3.715567,4.912736,0.344593,3.087155,229.623,4.45101,33.7,1,heater,scaffold_arc_heater_002,1710000005333,0,1,1,6,2,35000.0,0
0.139504,11.305947,-3.315012,-0.169923,0.178047,0.015528,6.204713,3.827202,0.428807,2.875262,225.587,4.405893,32.267,1,heater,scaffold_arc_heater_002,1710000009720,0,1,1,6,7,35000.0,0
0.158941,18.637689,4.720215,0.475535,0.177856,0.024081,1.561353,4.226676,0.418053,5.279505,230.115,0.785621,32.815,1,smps,scaffold_arc_smps_001,1710000007461,1,1,1,6,4,35000.0,0
0.082685,17.891172,0.579446,-0.012391,0.14488,0.031937,1.309268,2.034765,0.244918,5.024787,230.182,0.610951,31.23,1,smps,scaffold_arc_smps_001,1710000002706,0,1,1,6,9,35000.0,0
0.123323,14.202364,6.538376,7.938257,0.159428,0.014221,6.148338,1.963844,0.196666,1.2641,229.626,0.810301,31.081,1,smps,scaffold_arc_smps_001,1710000002011,1,1,1,6,2,35000.0,0
0.083244,12.584421,2.183652,6.818336,0.109323,0.024166,2.92407,3.40693,0.216462,3.135339,227.111,0.912467,34.587,1,smps,scaffold_arc_smps_001,1710000004924,1,1,1,6,4,35000.0,0
0.142074,12.655812,4.436479,1.206621,0.09662,0.018493,0.515953,1.421146,0.137723,2.805532,230.771,0.991529,35.087,1,smps,scaffold_arc_smps_001,1710000004110,1,1,1,6,9,35000.0,0
0.199115,11.638994,-3.682212,-0.06144,0.167911,0.019061,4.10189,6.406002,0.338206,4.078804,229.202,0.770137,32.003,1,smps,scaffold_arc_smps_001,1710000009834,1,1,1,6,7,35000.0,0
0.100144,12.052631,1.873123,-2.991017,0.064979,0.016635,0.628297,5.93575,0.329308,3.491849,230.432,0.659335,32.85,1,smps,scaffold_arc_smps_001,1710000002412,1,1,1,6,5,35000.0,0
0.12532,16.378541,2.530443,-4.844059,0.153418,0.023077,5.301389,4.428811,0.265141,2.312579,231.219,0.641897,31.587,1,smps,scaffold_arc_smps_001,1710000002594,0,1,1,6,3,35000.0,0
0.101659,18.909276,6.605746,0.246967,0.154369,0.019084,-7.982455,1.505757,0.294915,2.807727,226.885,0.522667,33.52,1,smps,scaffold_arc_smps_001,1710000001449,1,1,1,6,4,35000.0,0
0.118757,13.124679,10.725513,-6.342465,0.120583,0.017974,-0.12457,5.479617,0.381326,3.14747,228.843,0.444493,32.699,1,smps,scaffold_arc_smps_001,1710000006856,1,1,1,6,4,35000.0,0
0.135098,16.259636,0.30922,-2.177324,0.052574,0.024065,4.001293,4.611589,0.15705,5.163443,227.026,0.449911,32.126,1,smps,scaffold_arc_smps_001,1710000003544,1,1,1,6,6,35000.0,0
0.239299,14.903374,8.819083,5.719856,0.158401,0.011076,7.239014,0.204157,0.460088,3.420006,228.526,0.369731,34.144,1,smps,scaffold_arc_smps_001,1710000004238,1,1,1,6,6,35000.0,0
0.090999,10.082053,3.785664,1.61048,0.122581,0.026591,-0.40083,4.188964,0.306797,1.487612,230.159,0.610382,30.239,1,smps,scaffold_arc_smps_001,1710000008386,0,1,1,6,8,35000.0,0
0.154322,13.71136,7.423798,-1.582513,0.157511,0.023923,1.210145,2.562612,0.302526,3.796944,226.343,0.848782,36.163,1,smps,scaffold_arc_smps_001,1710000001634,1,1,1,6,4,35000.0,0
0.100815,12.294674,3.80259,1.735134,0.120666,0.017878,2.840951,3.884603,0.064251,5.268964,228.058,0.930817,31.924,1,smps,scaffold_arc_smps_001,1710000006753,1,1,1,6,2,35000.0,0
0.101567,16.27424,2.048739,-0.084166,0.127722,0.026987,-4.559411,0.60554,0.105269,2.003748,224.971,0.908514,31.371,1,smps,scaffold_arc_smps_001,1710000010333,1,1,1,6,3,35000.0,0
0.173017,15.210764,4.562403,-2.009725,0.063196,0.010026,2.827161,5.409989,0.390237,3.893674,228.598,0.880644,36.259,1,smps,scaffold_arc_smps_001,1710000009714,1,1,1,6,4,35000.0,0
0.115613,17.635247,-0.397674,-0.753116,0.113548,0.016437,-3.383829,4.809629,0.366629,3.759213,228.335,0.776018,36.446,1,smps,scaffold_arc_smps_001,1710000006382,1,1,1,6,3,35000.0,0
0.128828,10.43742,4.541006,-3.231286,0.080049,0.010712,1.222762,5.561332,0.35784,3.775295,227.743,0.629091,32.555,1,smps,scaffold_arc_smps_001,1710000007131,1,1,1,6,5,35000.0,0
0.111049,14.678179,8.778185,0.898494,0.198967,0.021916,-2.868968,1.075299,0.21664,2.259682,229.616,0.587325,32.287,1,smps,scaffold_arc_smps_001,1710000005022,1,1,1,6,7,35000.0,0
0.04171,14.211769,4.077311,2.140251,0.245312,0.026684,6.140244,1.38343,0.248701,3.095671,226.823,0.435754,34.915,1,smps,scaffold_arc_smps_001,1710000004334,1,1,1,6,5,35000.0,0
0.055837,13.845971,4.843619,4.904773,0.123126,0.023796,3.748568,0.60688,0.158483,4.434816,231.113,0.569159,34.094,1,smps,scaffold_arc_smps_001,1710000009650,1,1,1,6,7,35000.0,0
0.088548,19.194286,5.608904,0.149564,0.106586,0.019797,-3.684236,5.039281,0.204643,3.607669,228.678,0.457326,36.023,1,smps,scaffold_arc_smps_001,1710000001142,1,1,1,6,3,35000.0,0
0.139179,13.924117,6.532604,5.454896,0.098509,0.017458,-4.287833,5.970825,0.506502,3.288091,227.673,0.414374,34.003,1,smps,scaffold_arc_smps_001,1710000004333,0,1,1,6,3,35000.0,0
0.135182,12.535674,2.051183,1.940426,0.119527,0.010235,1.669747,4.247104,0.28219,1.645141,227.76,0.80657,33.237,1,smps,scaffold_arc_smps_001,1710000006853,0,1,1,6,4,35000.0,0
0.170071,11.862785,5.759747,2.185364,0.054423,0.031304,-2.755101,4.422894,0.338996,3.5032,228.868,0.807961,32.098,1,smps,scaffold_arc_smps_001,1710000009104,1,1,1,6,2,35000.0,0
0.097908,15.286243,7.232436,0.298605,0.179034,0.018348,-0.570929,2.932505,0.270051,2.433674,225.697,0.979758,33.679,1,smps,scaffold_arc_smps_001,1710000005935,1,1,1,6,2,35000.0,0
0.137082,16.342795,0.187141,-3.44038,0.223722,0.020461,1.323037,1.445331,0.248956,1.89037,228.199,1.05259,31.331,1,smps,scaffold_arc_smps_001,1710000010656,1,1,1,6,6,35000.0,0
0.107948,6.1275,3.637694,0.904583,0.181237,0.004796,7.647465,5.305318,0.425204,3.142006,227.458,1.029518,30.358,1,smps,scaffold_arc_smps_001,1710000005782,1,1,1,6,6,35000.0,0
0.125221,11.527102,5.128221,-4.828831,0.033645,0.027607,6.615201,1.191547,0.2997,4.321458,227.539,0.885632,33.05,1,smps,scaffold_arc_smps_001,1710000010352,1,1,1,6,6,35000.0,0
0.124286,13.181714,2.830583,1.755039,0.14172,0.010661,6.207184,1.351953,0.278177,2.875191,227.646,0.752939,34.952,1,smps,scaffold_arc_smps_001,1710000002644,1,1,1,6,6,35000.0,0
0.123046,19.741358,3.167985,5.835975,0.141952,0.020908,3.279834,5.365274,0.231447,2.117547,230.421,0.540721,35.088,1,smps,scaffold_arc_smps_001,1710000007772,1,1,1,6,4,35000.0,0
0.085966,11.798154,-0.308718,8.606305,0.155233,0.021359,-2.360834,3.497426,0.350925,2.921967,226.956,0.593099,31.596,1,smps,scaffold_arc_smps_001,1710000005341,1,1,1,6,3,35000.0,0
0.166694,13.593417,4.109679,-1.357903,0.184501,0.015341,1.959694,4.839337,0.281201,2.941537,230.171,0.468399,34.285,1,smps,scaffold_arc_smps_001,1710000005894,1,1,1,6,7,35000.0,0
0.117006,11.876606,5.961959,2.099343,0.068869,0.015704,2.668412,2.376993,0.448174,3.727823,227.127,0.618383,33.019,1,smps,scaffold_arc_smps_001,1710000006992,1,1,1,6,5,35000.0,0
0.070315,12.381418,3.030152,2.947178,0.163068,0.013931,4.875478,3.099426,0.013038,2.666828,232.171,0.686714,31.783,1,smps,scaffold_arc_smps_001,1710000009913,0,1,1,6,5,35000.0,0
0.125086,10.087951,8.881693,1.208336,0.142331,0.02748,5.645914,1.573617,0.235272,3.744424,226.04,0.826967,35.586,1,smps,scaffold_arc_smps_002,1710000001783,0,1,1,6,4,35000.0,0
0.088793,11.904103,-1.668193,-2.348117,0.190816,0.033623,5.905586,3.297506,0.256804,2.147855,231.787,1.266275,30.215,1,smps,scaffold_arc_smps_002,1710000007882,1,1,1,6,8,35000.0,0
0.098362,11.992865,3.760461,1.2889,0.289812,0.010459,3.91588,4.856317,0.299843,3.321199,229.655,1.055593,33.912,1,smps,scaffold_arc_smps_002,1710000007704,1,1,1,6,5,35000.0,0
0.162479,14.213884,0.484725,-0.600018,0.129018,0.019766,1.086669,1.441387,0.18118,1.383704,228.212,1.18283,30.863,1,smps,scaffold_arc_smps_002,1710000003380,0,1,1,6,3,35000.0,0
0.14019,16.220669,2.351719,-0.029596,0.166871,0.013002,-0.130936,6.132297,0.388419,3.861705,229.784,1.262491,34.617,1,smps,scaffold_arc_smps_002,1710000004896,0,1,1,6,7,35000.0,0
0.126957,13.174072,5.101433,0.408882,0.183394,0.006895,0.833697,7.998611,0.237392,2.937448,228.629,0.957329,34.358,1,smps,scaffold_arc_smps_002,1710000009297,1,1,1,6,3,35000.0,0
0.097049,16.365833,6.466688,5.192346,0.147027,0.040689,7.218135,4.214731,0.212408,3.093235,230.57,1.042264,30.991,1,smps,scaffold_arc_smps_002,1710000009220,1,1,1,6,7,35000.0,0
0.075344,9.537586,4.717476,3.331198,0.185169,0.02148,5.126344,1.333764,0.289502,1.542172,230.745,0.524646,34.773,1,smps,scaffold_arc_smps_002,1710000008065,1,1,1,6,3,35000.0,0
0.100227,15.770933,2.01653,-4.960576,0.146165,0.014704,1.239644,7.845755,0.147414,3.621158,229.759,0.515247,31.488,1,smps,scaffold_arc_smps_002,1710000006199,0,1,1,6,5,35000.0,0
0.16209,19.312393,5.440923,-1.640973,0.156947,0.034992,3.409691,6.71605,0.225967,3.153705,227.381,0.642554,34.581,1,smps,scaffold_arc_smps_002,1710000002184,1,1,1,6,3,35000.0,0
0.172662,18.536431,9.411791,1.971168,0.12444,0.027457,5.852277,1.338598,0.196636,3.741123,230.518,0.601088,35.128,1,smps,scaffold_arc_smps_002,1710000003154,1,1,1,6,6,35000.0,0
0.135136,16.084066,-0.579758,-0.792135,0.097976,0.018152,9.511416,7.949697,0.218571,3.779213,229.607,0.793674,35.7,1,smps,scaffold_arc_smps_002,1710000009968,1,1,1,6,5,35000.0,0
0.169099,10.819538,6.387163,4.623307,0.155748,0.02592,3.752296,3.941029,0.312124,0.979932,231.868,0.884058,33.807,1,smps,scaffold_arc_smps_002,1710000000965,1,1,1,6,2,35000.0,0
0.102408,14.888509,6.974308,-1.39438,0.139759,0.024076,-4.744005,3.373347,0.257071,3.052787,228.352,0.997329,33.467,1,smps,scaffold_arc_smps_002,1710000001711,1,1,1,6,8,35000.0,0
0.20479,12.349953,9.444026,1.518631,0.229095,0.023251,4.228433,3.355612,0.237596,3.283371,228.498,1.259521,34.588,1,smps,scaffold_arc_smps_002,1710000002051,1,1,1,6,4,35000.0,0
0.098314,11.994236,5.138077,6.846362,0.1973,0.009237,1.943696,1.452672,0.273249,4.964851,227.343,1.058127,33.46,1,smps,scaffold_arc_smps_002,1710000006409,1,1,1,6,3,35000.0,0
0.14983,15.312345,7.527056,-4.6708,0.199417,0.015815,5.925977,0.588464,0.300496,3.459898,226.83,1.286652,33.809,1,smps,scaffold_arc_smps_002,1710000000675,1,1,1,6,5,35000.0,0
0.176487,12.394912,6.781679,6.263156,0.057838,0.022286,6.834045,2.930802,0.178923,4.237251,230.431,0.924052,31.997,1,smps,scaffold_arc_smps_002,1710000006545,1,1,1,6,4,35000.0,0
0.097617,14.296746,7.019171,9.506075,0.064626,0.020207,-1.34614,5.741385,0.206146,2.457887,229.967,0.830627,32.991,1,smps,scaffold_arc_smps_002,1710000004060,0,1,1,6,5,35000.0,0
0.154111,13.841124,7.485204,-0.977086,0.059886,0.017762,8.183811,3.854073,0.280033,2.242618,230.14,0.919565,30.03,1,smps,scaffold_arc_smps_002,1710000009254,0,1,1,6,3,35000.0,0
0.175984,15.872579,6.697693,3.45341,0.131944,0.010558,2.439698,1.35448,0.348616,4.087458,228.406,0.774767,32.235,1,smps,scaffold_arc_smps_002,1710000005986,1,1,1,6,6,35000.0,0
0.109541,14.807557,0.816423,-1.585697,0.17177,0.024207,-0.942625,4.975351,0.246726,3.218156,232.818,0.726279,31.874,1,smps,scaffold_arc_smps_002,1710000006173,1,1,1,6,6,35000.0,0
0.085565,11.833633,3.236497,-6.740927,0.129629,0.014188,6.135039,4.275323,0.23993,3.848957,224.549,0.695645,31.255,1,smps,scaffold_arc_smps_002,1710000004915,1,1,1,6,4,35000.0,0
0.127967,11.163852,2.459644,-2.788657,0.148556,0.02098,4.609461,3.527194,0.145893,2.518051,231.851,0.692233,34.299,1,smps,scaffold_arc_smps_002,1710000007445,1,1,1,6,5,35000.0,0
0.085499,16.035209,5.920907,-1.321236,0.182443,0.016877,-2.639814,4.501446,0.321696,2.949555,228.913,0.888567,33.266,1,smps,scaffold_arc_smps_002,1710000004312,1,1,1,6,6,35000.0,0
0.078817,11.317151,-2.629833,3.476598,0.079389,0.018928,4.483953,4.825176,0.179598,3.128322,229.675,1.225379,31.392,1,smps,scaffold_arc_smps_002,1710000007396,0,1,1,6,6,35000.0,0
0.153745,13.525936,5.681585,-0.714952,0.131353,0.019149,3.985112,4.58619,0.242081,1.722387,226.352,1.3359,31.763,1,smps,scaffold_arc_smps_002,1710000004317,1,1,1,6,5,35000.0,0
0.178645,10.361328,3.627002,2.185762,0.183229,0.015595,-3.255259,4.866635,0.41248,3.109149,231.053,1.25005,33.62,1,smps,scaffold_arc_smps_002,1710000009127,0,1,1,6,3,35000.0,0
0.144615,18.506345,0.835473,-0.432092,0.147897,0.01405,6.132546,3.087722,0.200747,3.272349,229.922,1.183184,33.512,1,smps,scaffold_arc_smps_002,1710000006860,1,1,1,6,5,35000.0,0
0.096351,14.866515,3.000626,7.414379,0.207109,0.02243,4.513868,3.30649,0.173888,2.962211,230.843,1.060647,31.893,1,smps,scaffold_arc_smps_002,1710000009821,0,1,1,6,5,35000.0,0
0.097677,18.35257,6.312945,0.132302,0.134639,0.017281,3.126296,4.539903,0.553499,3.408732,231.458,0.962073,33.644,1,smps,scaffold_arc_smps_002,1710000004429,1,1,1,6,4,35000.0,0
0.164006,8.669934,6.02207,8.213575,0.040205,0.028636,-8.087823,5.563598,0.299135,0.615032,230.17,0.781844,32.341,1,smps,scaffold_arc_smps_002,1710000008469,1,1,1,6,5,35000.0,0
0.050544,16.075592,9.249262,5.453533,0.040606,0.007396,-0.383871,-0.004546,0.304419,3.632757,227.904,0.469525,32.724,1,smps,scaffold_arc_smps_002,1710000002759,1,1,1,6,6,35000.0,0
0.11171,14.022155,4.506243,2.826069,0.152212,0.01615,4.14478,5.70447,0.29045,3.549354,227.89,0.557952,33.618,1,smps,scaffold_arc_smps_002,1710000002230,0,1,1,6,5,35000.0,0
0.12613,13.088196,3.015572,-0.278423,0.05771,0.02068,3.926187,5.369275,0.246854,5.284922,225.532,0.57983,35.452,1,smps,scaffold_arc_smps_002,1710000005657,1,1,1,6,3,35000.0,0
0.14903,11.311734,9.433803,0.268983,0.126549,0.028061,5.635642,8.342427,0.324872,2.763266,231.289,0.67076,33.958,1,smps,scaffold_arc_smps_002,1710000004817,0,1,1,6,4,35000.0,0
0.125812,11.015197,4.680619,5.044848,0.161536,0.019167,-0.187831,5.4078,0.01,3.62113,228.984,1.549845,32.26,1,motor,scaffold_arc_motor_001,1710000006230,0,1,1,6,4,35000.0,0
0.143898,14.456901,6.391818,1.558627,0.298993,0.019059,3.781128,-0.26303,0.245655,4.462115,231.741,1.213036,33.068,1,motor,scaffold_arc_motor_001,1710000008240,0,1,1,6,5,35000.0,0
0.111555,8.424536,5.356762,3.814463,0.050913,0.025942,6.062782,5.991095,0.358353,3.919051,225.998,1.626632,31.822,1,motor,scaffold_arc_motor_001,1710000003950,0,1,1,6,1,35000.0,0
0.140525,14.974045,7.351317,5.519734,0.096381,0.01967,-0.391326,3.085857,0.332179,0.2,232.855,1.947574,32.444,1,motor,scaffold_arc_motor_001,1710000002704,1,1,1,6,3,35000.0,0
0.130301,12.538653,8.955976,1.132554,0.147474,0.026426,5.340558,3.380434,0.411039,5.992332,231.621,1.598168,32.041,1,motor,scaffold_arc_motor_001,1710000008957,1,1,1,6,5,35000.0,0
0.063502,10.448396,2.4466,1.304221,0.228454,0.021752,-0.648314,1.898443,0.437475,4.439271,227.013,1.403941,33.627,1,motor,scaffold_arc_motor_001,1710000007936,1,1,1,6,7,35000.0,0
0.215906,14.616067,1.673172,2.93629,0.1165,0.008241,5.804144,5.959236,0.268909,2.785041,226.978,1.055381,36.027,1,motor,scaffold_arc_motor_001,1710000007911,1,1,1,6,3,35000.0,0
0.147896,16.650199,6.313109,0.054115,0.153628,0.016117,4.753854,4.25172,0.261734,1.737771,230.015,1.000473,34.545,1,motor,scaffold_arc_motor_001,1710000006751,1,1,1,6,1,35000.0,0
0.226134,12.826407,2.383864,-2.382974,0.150432,0.019416,-0.245185,3.115154,0.102133,4.219014,227.835,0.718374,32.553,1,motor,scaffold_arc_motor_001,1710000009329,0,1,1,6,2,35000.0,0
0.144189,18.317225,6.198133,4.867576,0.212305,0.021988,2.853171,5.720046,0.407301,3.913422,230.559,0.566352,32.966,1,motor,scaffold_arc_motor_001,1710000005305,0,1,1,6,4,35000.0,0
0.170475,17.94571,7.597511,5.719392,0.08815,0.021378,0.569884,-0.127946,0.271253,4.657211,233.896,0.890773,33.284,1,motor,scaffold_arc_motor_001,1710000002035,0,1,1,6,5,35000.0,0
0.073824,17.331688,2.493625,-0.764667,0.204062,0.026108,7.528205,2.70318,0.294902,3.13416,232.95,1.089553,34.436,1,motor,scaffold_arc_motor_001,1710000006624,0,1,1,6,5,35000.0,0
0.115608,16.486134,9.117821,8.494011,0.199345,0.01818,2.133227,4.767353,0.467397,3.677146,228.676,1.253634,33.217,1,motor,scaffold_arc_motor_001,1710000006122,1,1,1,6,4,35000.0,0
0.115411,14.157836,1.403867,4.008209,0.208334,0.029371,3.813458,4.763579,0.284645,3.780821,229.904,1.443955,32.529,1,motor,scaffold_arc_motor_001,1710000001389,0,1,1,6,5,35000.0,0
0.1153,19.122086,12.13164,-2.715284,0.077026,0.0113,2.586846,5.470717,0.359125,3.389234,228.96,1.627782,30.465,1,motor,scaffold_arc_motor_001,1710000009350,0,1,1,6,4,35000.0,0
0.080137,16.292325,4.736065,3.638714,0.048017,0.007615,5.652862,-2.613073,0.422463,1.194351,235.416,1.728068,29.363,1,motor,scaffold_arc_motor_001,1710000001181,1,1,1,6,6,35000.0,0
0.152815,8.575512,5.280307,0.776297,0.146489,0.011618,6.122164,0.313613,0.424164,2.749825,232.815,1.357354,34.954,1,motor,scaffold_arc_motor_001,1710000006693,0,1,1,6,4,35000.0,0
0.1216,14.363114,8.57891,3.031312,0.148815,0.016601,2.797772,6.370103,0.300371,2.765503,227.499,1.320969,35.397,1,motor,scaffold_arc_motor_001,1710000001409,1,1,1,6,2,35000.0,0
0.116736,16.113235,-3.43627,3.48909,0.131932,0.01463,3.72384,2.409184,0.087613,4.214473,226.06,1.224022,33.358,1,motor,scaffold_arc_motor_001,1710000008411,1,1,1,6,3,35000.0,0
0.133127,9.851715,4.67535,1.3133,0.183202,0.022247,-8.94329,4.699533,0.199652,1.636098,230.409,0.953614,34.221,1,motor,scaffold_arc_motor_001,1710000001585,1,1,1,6,2,35000.0,0
0.126879,11.397129,1.061866,5.090762,0.064439,0.025451,2.339203,3.289164,0.129191,3.038612,229.178,0.912171,31.97,1,motor,scaffold_arc_motor_001,1710000008496,0,1,1,6,5,35000.0,0
0.03691,15.040042,8.858305,6.539801,0.15949,0.015888,0.45679,2.833563,0.354381,2.312032,226.311,0.876039,30.848,1,motor,scaffold_arc_motor_001,1710000004948,0,1,1,6,4,35000.0,0
0.156063,13.820761,6.630493,-0.36772,0.181531,0.016892,0.069984,2.617803,0.180295,5.388296,230.289,0.812776,32.141,1,motor,scaffold_arc_motor_001,1710000009162,1,1,1,6,6,35000.0,0
0.115645,17.303578,2.437805,-1.546862,0.147773,0.021493,9.571393,4.278251,0.364399,3.991203,226.336,0.818578,34.273,1,motor,scaffold_arc_motor_001,1710000007532,1,1,1,6,3,35000.0,0
0.136602,14.238488,-3.77815,8.694169,0.095286,0.032363,-2.796966,1.712717,0.079715,3.598337,230.555,1.035824,34.138,1,motor,scaffold_arc_motor_001,1710000001643,1,1,1,6,2,35000.0,0
0.097572,14.656458,0.131994,0.327363,0.114058,0.021251,7.068087,5.680347,0.215719,4.298315,227.88,1.393828,35.788,1,motor,scaffold_arc_motor_001,1710000009206,0,1,1,6,3,35000.0,0
0.137296,14.523836,3.213259,10.060925,0.205251,0.012953,1.90554,3.028662,0.314587,2.428651,226.744,1.615165,32.227,1,motor,scaffold_arc_motor_001,1710000002545,0,1,1,6,2,35000.0,0
0.204939,17.005128,6.832967,0.57472,0.125684,0.007838,6.126961,4.58032,0.4286,2.968087,226.06,1.590151,34.178,1,motor,scaffold_arc_motor_001,1710000001171,1,1,1,6,6,35000.0,0
0.12418,10.824088,-2.253817,1.022342,0.212386,0.029723,4.421505,7.816412,0.295706,4.248634,224.879,1.490558,35.059,1,motor,scaffold_arc_motor_001,1710000010287,1,1,1,6,3,35000.0,0
0.113042,12.075103,1.595684,-2.629901,0.129782,0.030344,11.375115,-0.153907,0.264555,2.062206,229.145,1.538367,32.236,1,motor,scaffold_arc_motor_001,1710000005952,1,1,1,6,3,35000.0,0
0.18957,15.640879,6.00947,-7.834211,0.136661,0.032582,8.304516,-0.563597,0.268657,1.878329,229.068,1.429554,28.828,1,motor,scaffold_arc_motor_001,1710000009440,1,1,1,6,3,35000.0,0
0.126458,16.537026,-1.823942,0.165956,0.190484,0.00784,3.916731,3.645144,0.471438,2.94685,228.558,0.955976,32.271,1,motor,scaffold_arc_motor_001,1710000008485,0,1,1,6,2,35000.0,0
0.119444,16.545219,5.662484,-1.120388,0.146835,0.028433,-0.325463,3.819367,0.280684,3.130694,231.052,0.597977,32.006,1,motor,scaffold_arc_motor_001,1710000002276,1,1,1,6,3,35000.0,0
0.120115,12.123486,7.63937,4.978596,0.150433,0.023328,1.845789,3.481591,0.233838,4.194471,229.041,0.672922,34.214,1,motor,scaffold_arc_motor_001,1710000008109,0,1,1,6,4,35000.0,0
0.125955,13.106275,3.90993,4.628364,0.106857,0.017116,3.041147,5.402087,0.290015,5.189129,226.367,0.804354,31.341,1,motor,scaffold_arc_motor_001,1710000009894,0,1,1,6,4,35000.0,0
0.170433,13.900622,2.546067,5.792872,0.217559,0.026788,-0.41236,2.410453,0.481374,3.465254,227.857,0.942532,33.351,1,motor,scaffold_arc_motor_001,1710000002765,1,1,1,6,6,35000.0,0
0.162062,10.519139,4.037036,-2.400364,0.090821,0.014058,4.908478,2.79155,0.235158,3.25671,228.842,0.197652,32.676,1,fan,scaffold_arc_fan_001,1710000005924,1,1,1,6,7,35000.0,0
0.043861,15.610452,13.305657,1.070633,0.134044,0.023205,9.581331,5.644929,0.084439,3.819739,229.564,0.428597,30.951,1,fan,scaffold_arc_fan_001,1710000004449,0,1,1,6,2,35000.0,0
0.174312,11.132352,4.222731,-1.50223,0.112678,0.028403,3.413829,2.269755,0.185477,1.141128,227.879,0.270378,35.513,1,fan,scaffold_arc_fan_001,1710000003384,1,1,1,6,6,35000.0,0
0.11548,10.76127,6.972285,8.841287,0.051909,0.015577,8.059119,0.31672,0.356668,4.543619,232.897,0.348911,32.901,1,fan,scaffold_arc_fan_001,1710000007250,1,1,1,6,8,35000.0,0
0.103705,11.24006,6.930892,-3.301214,0.127371,0.018719,0.98799,4.115605,0.556451,3.066242,231.879,0.311172,33.264,1,fan,scaffold_arc_fan_001,1710000006697,0,1,1,6,5,35000.0,0
0.053651,9.140796,-1.507096,2.827687,0.071888,0.026789,3.120986,2.962789,0.215614,3.884485,229.709,0.259775,32.624,1,fan,scaffold_arc_fan_001,1710000004584,1,1,1,6,7,35000.0,0
0.150657,14.026796,5.149039,-1.358968,0.24352,0.013943,9.224065,3.084489,0.38071,4.007646,232.693,0.312343,32.586,1,fan,scaffold_arc_fan_001,1710000000326,1,1,1,6,6,35000.0,0
0.104062,12.960691,9.134268,-2.014821,0.092894,0.029276,5.498194,8.164815,0.254956,3.338909,230.37,0.176966,33.518,1,fan,scaffold_arc_fan_001,1710000005360,0,1,1,6,1,35000.0,0
0.122698,12.828907,1.315738,4.046995,0.081446,0.021583,11.297806,6.768147,0.149487,2.609588,229.771,0.19813,32.984,1,fan,scaffold_arc_fan_001,1710000006885,1,1,1,6,2,35000.0,0
0.114871,17.50401,0.198735,-2.098033,0.176083,0.025586,-0.829571,3.55297,0.161842,3.000658,226.74,0.206846,31.963,1,fan,scaffold_arc_fan_001,1710000002594,1,1,1,6,4,35000.0,0
0.195324,14.218775,0.993077,0.398298,0.060129,0.010901,8.441359,3.186539,0.489073,3.095117,229.41,0.175259,32.922,1,fan,scaffold_arc_fan_001,1710000007774,0,1,1,6,1,35000.0,0
0.163587,10.598925,7.726416,0.581899,0.094777,0.01938,2.188923,6.884624,0.334062,3.426225,231.839,0.255032,33.974,1,fan,scaffold_arc_fan_001,1710000007292,1,1,1,6,6,35000.0,0
0.131706,17.717516,3.727312,1.616363,0.226079,0.029353,2.967297,2.502187,0.446317,4.08046,228.957,0.270779,31.937,1,fan,scaffold_arc_fan_001,1710000006571,0,1,1,6,5,35000.0,0
0.135617,12.873815,6.711477,6.010913,0.188495,0.016066,6.023286,3.671515,0.176425,3.940002,230.422,0.307307,33.399,1,fan,scaffold_arc_fan_001,1710000000554,1,1,1,6,7,35000.0,0
0.131549,10.988932,-1.216962,-1.553957,0.137614,0.003261,0.822713,2.955251,0.278457,2.472104,227.879,0.315867,32.891,1,fan,scaffold_arc_fan_001,1710000009643,0,1,1,6,6,35000.0,0
0.094282,11.692609,7.031572,0.030755,0.085265,0.017698,3.472039,-0.839949,0.295925,4.154778,231.898,0.367561,37.48,1,fan,scaffold_arc_fan_001,1710000004264,1,1,1,6,7,35000.0,0
0.155326,14.489211,6.921221,-0.457328,0.145384,0.013466,4.591938,2.0658,0.231307,3.654821,226.705,0.326057,31.587,1,fan,scaffold_arc_fan_001,1710000000798,1,1,1,6,2,35000.0,0
0.133758,17.195838,6.258405,5.25166,0.17042,0.019468,7.397407,5.522708,0.33761,4.598179,231.305,0.182711,35.514,1,fan,scaffold_arc_fan_001,1710000009982,0,1,1,6,4,35000.0,0
0.066993,18.233502,0.485664,-2.494253,0.128286,0.015773,-3.233669,4.929732,0.36794,4.359446,232.376,0.233327,28.465,1,fan,scaffold_arc_fan_001,1710000004651,1,1,1,6,4,35000.0,0
0.125222,10.743289,3.225039,1.058736,0.107116,0.018451,5.512597,2.980214,0.254681,3.017659,228.098,0.209628,35.018,1,fan,scaffold_arc_fan_001,1710000009032,1,1,1,6,5,35000.0,0
0.148642,17.510199,0.966989,0.200147,0.077877,0.013064,8.008422,6.772479,0.185187,2.695895,225.794,0.173248,33.783,1,fan,scaffold_arc_fan_001,1710000008378,1,1,1,6,1,35000.0,0
0.107128,14.486275,5.246998,1.003987,0.121712,0.023912,4.140824,2.076563,0.303772,3.621486,227.779,0.250912,32.161,1,fan,scaffold_arc_fan_001,1710000005247,1,1,1,6,7,35000.0,0
0.115585,13.569282,0.975925,5.930768,0.184168,0.01586,5.566843,3.990378,0.371983,1.721262,227.743,0.169775,29.0,1,fan,scaffold_arc_fan_001,1710000005744,1,1,1,6,6,35000.0,0
0.122558,14.191653,9.051244,3.539613,0.144077,0.017773,7.416734,2.201757,0.285972,2.001816,228.771,0.280945,33.815,1,fan,scaffold_arc_fan_001,1710000007988,0,1,1,6,3,35000.0,0
0.114971,12.396588,2.037179,2.686367,0.122097,0.014824,-2.344247,3.670809,0.281878,2.846187,230.105,0.264939,32.615,1,fan,scaffold_arc_fan_001,1710000007120,0,1,1,6,6,35000.0,0
0.083243,12.22053,4.05895,-1.252001,0.144803,0.011242,-3.643968,5.302693,0.252559,2.279263,228.194,0.245308,32.655,1,fan,scaffold_arc_fan_001,1710000003682,1,1,1,6,7,35000.0,0
0.167865,8.568663,9.900606,10.054351,0.02,0.017317,0.124212,2.917502,0.258161,4.092935,230.03,0.327314,31.106,1,fan,scaffold_arc_fan_001,1710000001811,0,1,1,6,4,35000.0,0
0.20471,12.07272,3.587941,0.107716,0.167404,0.03041,5.319735,0.159597,0.161588,2.761139,226.827,0.331588,35.389,1,fan,scaffold_arc_fan_001,1710000008119,1,1,1,6,6,35000.0,0
0.197825,13.255239,5.316918,-2.811815,0.171184,0.014513,-1.348941,2.863463,0.253425,2.842325,226.35,0.380426,35.585,1,fan,scaffold_arc_fan_001,1710000002344,1,1,1,6,8,35000.0,0
0.124959,12.529412,2.968814,4.30475,0.214991,0.026334,1.380575,3.905361,0.221792,2.109295,225.176,0.242685,32.926,1,fan,scaffold_arc_fan_001,1710000003221,1,1,1,6,5,35000.0,0
0.185641,17.365733,2.244448,-3.389055,0.162992,0.002,7.440616,3.030108,0.48313,1.300338,226.26,0.300907,33.953,1,fan,scaffold_arc_fan_001,1710000007465,1,1,1,6,4,35000.0,0
0.196405,17.024151,2.218314,-2.013519,0.071575,0.028313,-0.112697,6.756506,0.352507,3.562893,228.262,0.194657,34.114,1,fan,scaffold_arc_fan_001,1710000009194,1,1,1,6,4,35000.0,0
0.119241,11.604996,5.79948,1.27605,0.164446,0.014823,-1.836485,7.317163,0.454661,4.172163,228.292,0.157667,31.988,1,fan,scaffold_arc_fan_001,1710000007516,1,1,1,6,7,35000.0,0
0.123093,19.305276,-0.195176,3.313647,0.243554,0.018208,1.943982,0.930946,0.408234,2.352859,231.31,0.16026,32.949,1,fan,scaffold_arc_fan_001,1710000001767,1,1,1,6,7,35000.0,0
0.078834,18.607721,2.902205,-2.368217,0.051894,0.013478,-2.818552,2.129794,0.374441,2.78706,232.842,0.194842,32.442,1,fan,scaffold_arc_fan_001,1710000008486,1,1,1,6,5,35000.0,0
0.062379,18.560318,2.56838,5.176868,0.133841,0.022281,5.68405,2.504631,0.409191,2.365117,228.076,0.248897,33.08,1,fan,scaffold_arc_fan_001,1710000008891,1,1,1,6,5,35000.0,0
