spectral_flux_midhf,residual_crest_factor,edge_spike_ratio,midband_residual_ratio,cycle_nmse,peak_fluct_cv,thd_i,hf_energy_delta,zcv,abs_irms_zscore_vs_baseline,v_rms,i_rms,temp_c,label_arc,load_type,session_id,epoch_ms,uptime_ms,model_pred,feat_valid,current_valid,fault_state,arc_counter,adc_fs_hz,auto_capture,feature_space_version,device_family,device_name,trial_number,division_tag,notes,trusted_normal_session
32.289726,12.888712,-3.180612,-64.238983,0.253879,0.024532,1.6884,16.434883,0.487011,0.235931,223.416,5.741216,27.859,0,electric_kettle,sess_1775552109752__arc_01,1775552119282,321526,1,1,1,0,20,32768,0,4,resistive,electric_kettle,9,arc,,0
35.752762,12.389212,-3.483397,-46.467987,2.348575,0.054625,0,16.307438,0.666468,0.086158,223.416,5.780788,27.859,0,electric_kettle,sess_1775552109752__arc_01,1775552119363,321625,1,1,1,0,20,32768,0,4,resistive,electric_kettle,9,arc,,0
28.281948,11.723555,-5.673308,-64.478859,0.073817,0.114425,1.5333,17.082846,0.17187,0.293392,223.416,5.697983,27.86,0,electric_kettle,sess_1775552109752__arc_01,1775552119657,321918,1,1,1,0,20,32768,0,4,resistive,electric_kettle,9,arc,,0
31.030767,6.516263,-9.913343,-64.012978,3.009106,0.055969,0.4803,16.433937,0.705676,0.235247,223.507,5.590748,27.86,0,electric_kettle,sess_1775552109752__arc_01,1775552119769,322011,1,1,1,0,20,32768,0,4,resistive,electric_kettle,9,arc,,0
30.579901,4.944825,-11.111808,-63.634781,0.499317,0.042287,0.7026,15.758621,0.970803,0.095811,223.507,5.633601,27.86,0,electric_kettle,sess_1775552109752__arc_01,1775552119850,322111,1,1,1,0,20,32768,0,4,resistive,electric_kettle,9,arc,,0
30.893379,13.185692,-3.655502,-62.484703,0.036539,0.015424,0.8803,15.923365,0.312967,0.32706,223.507,5.786644,27.866,0,electric_kettle,sess_1775552109752__arc_01,1775552120144,322408,1,1,1,0,20,32768,0,4,resistive,electric_kettle,9,arc,,0
33.078533,12.532291,-3.488461,-63.210632,1.60609,0.057123,1.7576,15.345832,0.524774,0.159094,223.335,5.712995,27.866,0,electric_kettle,sess_1775552109752__arc_01,1775552120252,322500,1,1,1,0,20,32768,0,4,resistive,electric_kettle,9,arc,,0
30.514626,12.14912,-3.385578,-60.517559,0.820101,0.058832,1.1595,15.235849,0.786236,0.276103,223.335,5.839185,27.866,0,electric_kettle,sess_1775552109752__arc_01,1775552120336,322599,1,1,1,0,20,32768,0,4,resistive,electric_kettle,9,arc,,0
31.200638,11.491157,-5.250332,-60.594528,4.283239,0.005594,0.7078,16.628923,0.605382,0.485762,223.335,5.858477,27.865,0,electric_kettle,sess_1775552109752__arc_01,1775552120633,322897,1,1,1,0,20,32768,0,4,resistive,electric_kettle,9,arc,,0
32.958851,12.465824,-3.661514,-63.705582,1.659646,0.118804,0.9227,16.80106,0.581493,0.306102,223.335,5.715014,27.865,0,electric_kettle,sess_1775552109752__arc_01,1775552120742,322991,1,1,1,0,20,32768,0,4,resistive,electric_kettle,9,arc,,0
34.768017,11.991093,-3.480843,-35.890106,6.516819,0.015839,0,16.399254,0.764359,0.346883,223.274,5.873609,27.865,0,electric_kettle,sess_1775552109752__arc_01,1775552120825,323089,1,1,1,0,20,32768,0,4,resistive,electric_kettle,9,arc,,0
33.050354,10.918858,-5.187159,-63.054802,0.488875,0.023007,1.3757,16.424595,0.880703,0.081706,223.274,5.835216,27.865,0,electric_kettle,sess_1775552109752__arc_01,1775552120920,323188,1,1,1,0,20,32768,0,4,resistive,electric_kettle,9,arc,,0
33.774437,6.084583,-11.366611,-61.150627,4.893891,0.030971,1.039,15.518552,0.835581,0.042818,222.996,5.732835,27.869,0,electric_kettle,sess_1775552109752__arc_01,1775552121932,323944,1,1,1,0,20,32768,0,4,resistive,electric_kettle,9,arc,,0
37.303055,13.510706,-5.334799,-45.680878,14.222847,0.032026,2.6317,15.739236,1.264816,0.128928,222.996,5.889686,27.869,0,electric_kettle,sess_1775552109752__arc_01,1775552122144,324420,1,1,1,0,20,32768,0,4,resistive,electric_kettle,9,arc,,0
36.919167,10.532255,-6.132831,-65.43071,3.330935,0.090722,3.1933,14.887005,0.791022,0.511253,222.996,5.648796,27.869,0,electric_kettle,sess_1775552109752__arc_01,1775552122253,324515,1,1,1,0,20,32768,0,4,resistive,electric_kettle,9,arc,,0
30.671692,7.844572,-9.753932,-63.760925,0.000454,0.041731,1.2261,16.768629,0.645908,0.280423,222.882,5.574901,27.875,0,electric_kettle,sess_1775552109752__arc_01,1775552122693,324907,1,1,1,0,20,32768,0,4,resistive,electric_kettle,9,arc,,0
30.666769,8.009715,-11.275457,-63.751587,4.670869,0.048272,1.0423,16.329813,0.561298,0.591842,222.882,5.838858,27.875,0,electric_kettle,sess_1775552109752__arc_01,1775552122738,325001,1,1,1,0,20,32768,0,4,resistive,electric_kettle,9,arc,,0
30.969965,10.302418,-6.265657,-64.657547,0.000579,0.063416,0.6,14.848022,2.135441,0.20486,222.882,5.752079,27.867,0,electric_kettle,sess_1775552109752__arc_01,1775552123190,325389,1,1,1,0,20,32768,0,4,resistive,electric_kettle,9,arc,,0
31.048225,12.566521,-4.057983,-59.354355,0.002183,0.070708,1.6428,16.560099,0.660194,0.019404,222.639,5.761008,27.867,1,electric_kettle,sess_1775552109752__arc_01,1775552123217,325487,1,1,1,0,20,32768,0,4,resistive,electric_kettle,9,arc,,0
31.048225,12.566521,-4.057983,-59.354355,0.002183,0.070708,1.6428,16.560099,0.660194,0.019404,222.639,0,27.867,0,electric_kettle,sess_1775552109752__arc_01,1775552123288,325582,0,1,1,0,18,32768,0,4,resistive,electric_kettle,9,arc,,0
27.574387,14.718344,-3.954695,-39.960564,0,0,13.4325,16.039797,0.290535,3.175935,222.639,4.297278,27.866,1,electric_kettle,sess_1775552109752__arc_01,1775552123714,325908,0,1,1,0,14,32768,0,4,resistive,electric_kettle,9,arc,,0
30.277475,3.380382,-14.465189,-59.795704,0.001443,0.040417,0.7694,16.727207,0.172305,4.071345,222.61,5.696938,27.866,0,electric_kettle,sess_1775552109752__arc_01,1775552123742,325999,0,1,1,0,12,32768,0,4,resistive,electric_kettle,9,arc,,0
36.875824,10.932661,-4.8188,-40.686359,64.60582,0.060715,109.1729,15.763712,2.163603,0.196272,222.61,5.73466,27.858,0,electric_kettle,sess_1775552109752__arc_01,1775552124199,326381,0,1,1,0,0,32768,0,4,resistive,electric_kettle,9,arc,,0
38.000736,12.268736,-4.035489,-60.347336,5.055755,0.201411,1.0539,15.623975,0.978545,0.001297,222.61,5.734065,27.858,0,electric_kettle,sess_1775552109752__arc_01,1775552124226,326478,0,1,1,0,0,32768,0,4,resistive,electric_kettle,9,arc,,0
35.087986,12.412086,-3.400293,-62.505371,1.387053,0.753573,3.9065,15.985594,0.833813,0.051253,222.828,5.757576,27.858,0,electric_kettle,sess_1775552109752__arc_01,1775552124310,326576,0,1,1,0,0,32768,0,4,resistive,electric_kettle,9,arc,,0
30.681166,12.134751,-5.044592,-64.284996,0.030481,0.013974,0.5146,14.641285,0.310867,0.000848,222.828,5.834647,27.86,0,electric_kettle,sess_1775552109752__arc_01,1775552124718,326967,0,1,1,0,0,32768,0,4,resistive,electric_kettle,9,arc,,0
34.548065,10.765892,-5.25017,-57.237122,3.59977,0.060153,0.8619,16.171547,0.765078,0.06464,222.906,5.804475,27.86,0,electric_kettle,sess_1775552109752__arc_01,1775552124789,327058,0,1,1,0,0,32768,0,4,resistive,electric_kettle,9,arc,,0
30.384394,8.443851,-8.68898,-63.219646,0.004676,0.01337,0.4159,16.79529,0.234844,0.278539,222.906,5.762428,27.868,0,electric_kettle,sess_1775552109752__arc_01,1775552125202,327447,0,1,1,0,0,32768,0,4,resistive,electric_kettle,9,arc,,0
34.180374,11.928529,-4.042574,-48.034943,16.094292,0.104584,0,16.199743,0.957612,0.057304,222.906,5.736011,27.868,0,electric_kettle,sess_1775552109752__arc_01,1775552125283,327542,0,1,1,0,0,32768,0,4,resistive,electric_kettle,9,arc,,0
30.49387,9.616004,-7.885744,-62.119362,0.011674,0.064236,1.8158,14.844686,0.113055,0.352479,222.972,5.641882,27.871,0,electric_kettle,sess_1775552109752__arc_01,1775552125578,327836,1,1,1,0,5,32768,0,4,resistive,electric_kettle,9,arc,,0
33.038158,7.606817,-8.621017,-64.344833,0.984952,0.198753,1.5077,15.514652,1.013125,0.015564,222.972,5.648907,27.871,0,electric_kettle,sess_1775552109752__arc_01,1775552125659,327928,1,1,1,0,10,32768,0,4,resistive,electric_kettle,9,arc,,0
30.722799,10.677177,-5.233508,-62.583256,12.427354,0.024793,0.8274,16.073256,0.901153,0.009334,222.972,5.644689,27.871,0,electric_kettle,sess_1775552109752__arc_01,1775552125768,328027,1,1,1,0,16,32768,0,4,resistive,electric_kettle,9,arc,,0
31.088219,5.986242,-10.073952,-61.763054,0.539742,0.066579,0.9722,16.933641,0.931953,0.011795,223.036,5.650015,27.871,0,electric_kettle,sess_1775552109752__arc_01,1775552125866,328128,1,1,1,0,20,32768,0,4,resistive,electric_kettle,9,arc,,0
27.945587,12.504725,-4.522795,-42.00922,13.730039,0.072134,7.7746,16.269714,0.752824,0.242597,223.036,5.780978,27.869,0,electric_kettle,sess_1775552109752__arc_01,1775552126113,328326,1,1,1,0,20,32768,0,4,resistive,electric_kettle,9,arc,,0
25.574091,3.902423,-16.020639,-54.917732,1.403745,0.344286,1.9331,16.391226,0.526641,0.173103,223.036,5.700922,27.869,0,electric_kettle,sess_1775552109752__arc_01,1775552126166,328421,0,1,1,0,18,32768,0,4,resistive,electric_kettle,9,arc,,0
32.051979,9.920956,-6.056818,-62.340641,2.52441,0.027307,0.7772,15.977165,0.798231,0.153936,223.036,5.771128,27.869,0,electric_kettle,sess_1775552109752__arc_01,1775552126249,328514,1,1,1,0,11,32768,0,4,resistive,electric_kettle,9,arc,,0
30.379602,10.277813,-5.757676,-64.569115,2.004641,0.027392,0.8343,16.18301,0.859896,0.074185,223.195,5.805378,27.869,0,electric_kettle,sess_1775552109752__arc_01,1775552126347,328614,1,1,1,0,17,32768,0,4,resistive,electric_kettle,9,arc,,0
29.580715,12.181765,-4.787781,-63.478897,0.046517,0.152282,0.6663,16.540335,0.339593,0.30294,223.195,5.819517,27.869,0,electric_kettle,sess_1775552109752__arc_01,1775552126661,328906,1,1,1,0,20,32768,0,4,resistive,electric_kettle,9,arc,,0
31.229765,10.492945,-5.800232,-61.540546,0.32045,0.001017,0.6304,15.733154,0.970945,0.205946,223.195,5.723636,27.869,0,electric_kettle,sess_1775552109752__arc_01,1775552126729,328997,1,1,1,0,20,32768,0,4,resistive,electric_kettle,9,arc,,0
30.951538,9.479305,-6.641665,-52.588417,23.003731,0.089471,2.2872,16.097279,1.055945,0.221734,223.31,5.622106,27.869,0,electric_kettle,sess_1775552109752__arc_01,1775552126839,329094,1,1,1,0,20,32768,0,4,resistive,electric_kettle,9,arc,,0
29.14098,12.93536,-3.934107,-65.5923,0.217289,0.02417,0.8,17.454767,0.289908,0.237662,223.31,5.805239,27.87,0,electric_kettle,sess_1775552109752__arc_01,1775552127138,329390,1,1,1,0,20,32768,0,4,resistive,electric_kettle,9,arc,,0
31.491316,12.448359,-3.655064,-64.006989,2.373264,0.028651,2.1579,16.117767,0.70081,0.130231,223.31,5.744757,27.87,0,electric_kettle,sess_1775552109752__arc_01,1775552127220,329482,1,1,1,0,20,32768,0,4,resistive,electric_kettle,9,arc,,0
34.466885,9.114614,-6.760898,-38.379608,3.884685,0.004956,0,16.604282,0.7172,0.148694,223.31,5.813094,27.87,0,electric_kettle,sess_1775552109752__arc_01,1775552127315,329579,1,1,1,0,20,32768,0,4,resistive,electric_kettle,9,arc,,0
34.368443,8.909081,-7.33531,-64.547371,2.732216,0.08014,3.5596,16.57048,0.769965,0.171341,223.506,5.733412,27.87,0,electric_kettle,sess_1775552109752__arc_01,1775552127586,329679,1,1,1,0,20,32768,0,4,resistive,electric_kettle,9,arc,,0
27.450756,9.284317,-7.815368,-59.546509,1.220913,0.10724,2.5794,16.770052,0.555698,0.461694,223.506,5.616303,27.87,0,electric_kettle,sess_1775552109752__arc_01,1775552127613,329875,1,1,1,0,20,32768,0,4,resistive,electric_kettle,9,arc,,0
32.598545,6.404848,-9.665252,-62.528984,2.881021,0.074886,0.9764,15.813848,0.625676,0.172549,223.506,5.69383,27.87,0,electric_kettle,sess_1775552109752__arc_01,1775552127721,329970,1,1,1,0,20,32768,0,4,resistive,electric_kettle,9,arc,,0
28.771189,7.74483,-8.388318,-54.932831,4.883602,0.107196,1.4057,16.107994,1.101281,0.024249,223.506,5.704875,27.87,0,electric_kettle,sess_1775552109752__arc_01,1775552127803,330069,1,1,1,0,20,32768,0,4,resistive,electric_kettle,9,arc,,0
30.763659,11.317449,-4.555687,-64.160553,8.03617,0.016479,2.3985,16.771645,0.681127,0.198813,223.735,5.795612,27.87,0,electric_kettle,sess_1775552109752__arc_01,1775552128126,330171,1,1,1,0,20,32768,0,4,resistive,electric_kettle,9,arc,,0
34.457352,3.226619,-17.29327,-60.714279,10.489321,0.036518,1.1728,15.936389,1.022638,0.067372,223.735,5.633671,27.87,0,electric_kettle,sess_1775552109752__arc_01,1775552128153,330368,1,1,1,0,20,32768,0,4,resistive,electric_kettle,9,arc,,0
30.217556,11.173015,-5.703497,-50.31179,1.494053,0.077578,1.9361,16.091568,0.503784,0.425141,223.735,5.82528,27.87,0,electric_kettle,sess_1775552109752__arc_01,1775552128206,330462,1,1,1,0,20,32768,0,4,resistive,electric_kettle,9,arc,,0
32.660374,11.612096,-4.36775,-63.391193,1.703,0.088885,0.7988,16.001652,0.773363,0.102433,223.735,5.777544,27.87,0,electric_kettle,sess_1775552109752__arc_01,1775552128288,330554,1,1,1,0,20,32768,0,4,resistive,electric_kettle,9,arc,,0
35.610634,12.477855,-3.382013,-48.155079,12.634204,0.066865,0,15.818891,0.885947,0.050019,223.921,5.800663,27.87,0,electric_kettle,sess_1775552109752__arc_01,1775552128397,330655,1,1,1,0,20,32768,0,4,resistive,electric_kettle,9,arc,,0
32.079029,10.961981,-6.042561,-49.10421,7.329407,0.053187,1.9939,15.379982,1.054583,0.290907,223.921,5.750396,27.875,0,electric_kettle,sess_1775552109752__arc_01,1775552128633,330853,1,1,1,0,20,32768,0,4,resistive,electric_kettle,9,arc,,0
30.477831,12.833052,-4.108871,-62.041138,2.434138,0.073609,1.48,16.124298,0.448395,0.202289,223.921,5.657336,27.875,0,electric_kettle,sess_1775552109752__arc_01,1775552128686,330947,1,1,1,0,20,32768,0,4,resistive,electric_kettle,9,arc,,0
33.445244,10.885354,-5.242472,-64.826538,1.187407,0.0313,0.8023,16.266312,0.603946,0.06371,223.921,5.628502,27.875,0,electric_kettle,sess_1775552109752__arc_01,1775552128795,331040,1,1,1,0,20,32768,0,4,resistive,electric_kettle,9,arc,,0
30.643522,9.501728,-6.558451,-62.538177,4.468524,0.089166,0.9093,15.854837,0.888876,0.074537,223.921,5.594939,27.875,0,electric_kettle,sess_1775552109752__arc_01,1775552128877,331140,1,1,1,0,20,32768,0,4,resistive,electric_kettle,9,arc,,0
32.527046,10.388202,-6.599219,-57.351425,5.578116,0.06203,2.1311,15.749617,0.852663,0.34351,224.194,5.700322,27.878,0,electric_kettle,sess_1775552109752__arc_01,1775552129133,331342,1,1,1,0,20,32768,0,4,resistive,electric_kettle,9,arc,,0
32.417023,11.886967,-5.083246,-63.637157,1.95249,0.023375,0.3454,15.493765,0.674211,0.252005,224.194,5.815243,27.878,0,electric_kettle,sess_1775552109752__arc_01,1775552129186,331436,1,1,1,0,20,32768,0,4,resistive,electric_kettle,9,arc,,0
32.758438,11.881461,-4.144347,-64.507759,2.122414,0.122701,3.2376,15.957745,0.610061,0.062362,224.194,5.786231,27.878,0,electric_kettle,sess_1775552109752__arc_01,1775552129268,331528,1,1,1,0,20,32768,0,4,resistive,electric_kettle,9,arc,,0
32.451576,12.6924,-3.22325,-62.846512,13.763115,0.053621,1.24,17.025951,0.720772,0.128874,224.194,5.726575,27.878,0,electric_kettle,sess_1775552109752__arc_01,1775552129363,331629,1,1,1,0,20,32768,0,4,resistive,electric_kettle,9,arc,,0
29.917938,12.717314,-4.157387,-54.937038,0.991407,0.041971,2.8153,16.099241,0.591949,0.279592,224.48,5.674296,27.886,0,electric_kettle,sess_1775552109752__arc_01,1775552129677,331921,1,1,1,0,20,32768,0,4,resistive,electric_kettle,9,arc,,0
30.027824,10.577538,-6.076958,-61.219807,2.274854,0.014968,1.8514,15.800385,0.816449,0.036937,224.48,5.657529,27.886,0,electric_kettle,sess_1775552109752__arc_01,1775552129746,332014,1,1,1,0,20,32768,0,4,resistive,electric_kettle,9,arc,,0
30.709644,12.067289,-3.426483,-60.671661,3.556988,0.036345,1.0789,16.369289,0.737499,0.294165,224.48,5.790669,27.886,0,electric_kettle,sess_1775552109752__arc_01,1775552129854,332111,1,1,1,0,20,32768,0,4,resistive,electric_kettle,9,arc,,0
33.39468,12.508337,-3.36262,-62.709141,1.942,0.087194,1.0179,15.458006,0.58483,0.031864,224.712,5.80543,27.877,0,electric_kettle,sess_1775552109752__arc_01,1775552130126,332211,1,1,1,0,20,32768,0,4,resistive,electric_kettle,9,arc,,0
27.253841,9.836994,-7.358336,-49.262005,2.859017,0.035273,2.283,16.448135,0.507128,0.106547,224.712,5.687803,27.877,0,electric_kettle,sess_1775552109752__arc_01,1775552130143,332407,1,1,1,0,20,32768,0,4,resistive,electric_kettle,9,arc,,0
32.244831,10.106975,-5.880873,-63.87188,1.074689,0.073526,0.8716,15.073071,0.877567,0.160203,224.712,5.7607,27.877,0,electric_kettle,sess_1775552109752__arc_01,1775552130238,332501,1,1,1,0,20,32768,0,4,resistive,electric_kettle,9,arc,,0
33.763348,9.455029,-8.563708,-52.272182,16.099033,0.12168,2.4725,15.999871,1.141799,0.245087,224.712,5.87365,27.877,1,electric_kettle,sess_1775552109752__arc_01,1775552130333,332600,1,1,1,0,20,32768,0,4,resistive,electric_kettle,9,arc,,0
33.763348,9.455029,-8.563708,-52.272182,16.099033,0.12168,2.4725,15.999871,1.141799,0.245087,224.712,1.689965,27.877,1,electric_kettle,sess_1775552109752__arc_01,1775552130428,332701,0,1,1,0,18,32768,0,4,resistive,electric_kettle,9,arc,,0
33.763348,9.455029,-8.563708,-52.272182,16.099033,0.12168,2.4725,15.999871,1.141799,0.245087,224.783,0,27.87,0,electric_kettle,sess_1775552109752__arc_01,1775552130653,332901,0,1,1,0,12,32768,0,4,resistive,electric_kettle,9,arc,,0
33.763348,9.455029,-8.563708,-52.272182,16.099033,0.12168,2.4725,15.999871,1.141799,0.245087,224.783,0,27.87,0,electric_kettle,sess_1775552109752__arc_01,1775552130657,332964,0,1,1,0,10,32768,0,4,resistive,electric_kettle,9,arc,,0
33.763348,9.455029,-8.563708,-52.272182,16.099033,0.12168,2.4725,15.999871,1.141799,0.245087,224.783,0,27.87,0,electric_kettle,sess_1775552109752__arc_01,1775552130738,333026,0,1,1,0,0,32768,0,4,resistive,electric_kettle,9,arc,,0
24.866642,9.14571,-7.135076,-50.739368,10.851387,0.105699,2.1165,16.603149,0.991156,0.447722,224.783,5.663268,27.87,1,electric_kettle,sess_1775552109752__arc_01,1775552130832,333096,0,1,1,0,0,32768,0,4,resistive,electric_kettle,9,arc,,0
30.28727,3.914459,-12.547102,-61.334499,2.064315,0.087811,1.2233,16.00198,0.83437,0.031365,224.783,5.649058,27.87,0,electric_kettle,sess_1775552109752__arc_01,1775552130940,333198,0,1,1,0,0,32768,0,4,resistive,electric_kettle,9,arc,,0
33.832005,11.460497,-5.33009,-56.707436,7.032697,0.098188,0.6179,16.298941,0.984371,0.173302,224.957,5.741488,27.871,0,electric_kettle,sess_1775552109752__arc_01,1775552131203,333400,0,1,1,0,0,32768,0,4,resistive,electric_kettle,9,arc,,0
31.464804,12.917273,-3.962662,-64.25032,0.001645,0.020189,1.0211,15.854901,0.1955,0.050315,224.957,5.718378,27.871,0,electric_kettle,sess_1775552109752__arc_01,1775552131219,333494,0,1,1,0,0,32768,0,4,resistive,electric_kettle,9,arc,,0
30.303612,9.195421,-6.679895,-51.26236,9.102321,0.069933,1.8876,16.32972,0.647907,0.239373,224.957,5.608871,27.871,0,electric_kettle,sess_1775552109752__arc_01,1775552131327,333587,0,1,1,0,0,32768,0,4,resistive,electric_kettle,9,arc,,0
30.486635,4.373421,-11.792414,-63.579369,1.640067,0.055901,0.7928,15.704236,0.815758,0.088504,224.957,5.569159,27.871,0,electric_kettle,sess_1775552109752__arc_01,1775552131422,333688,0,1,1,0,0,32768,0,4,resistive,electric_kettle,9,arc,,0
31.204069,12.114952,-4.857886,-63.349846,0.006344,0.047134,0.5103,15.279356,0.336188,0.304445,224.909,5.812244,27.874,0,electric_kettle,sess_1775552109752__arc_01,1775552131724,333983,0,1,1,0,0,32768,0,4,resistive,electric_kettle,9,arc,,0
34.163097,12.027402,-3.80429,-50.837303,2.329179,0.00166,4.1225,16.328672,0.934298,0.034849,224.909,5.79604,27.874,0,electric_kettle,sess_1775552109752__arc_01,1775552131808,334075,0,1,1,0,0,32768,0,4,resistive,electric_kettle,9,arc,,0
25.607903,10.462624,-5.452923,-51.077835,6.323918,0.083182,1.6682,16.12348,0.716237,0.166174,224.909,5.873092,27.874,0,electric_kettle,sess_1775552109752__arc_01,1775552131915,334174,0,1,1,0,0,32768,0,4,resistive,electric_kettle,9,arc,,0
33.447044,9.330441,-7.931574,-64.136848,0.000798,0.032944,1.7925,15.559887,0.096446,0.101892,224.876,5.629906,27.872,0,electric_kettle,sess_1775552109752__arc_01,1775552132332,334561,0,1,1,0,0,32768,0,4,resistive,electric_kettle,9,arc,,0
31.191572,11.018782,-5.457361,-50.572395,2.172137,0.014031,9.8294,16.179985,0.360503,0.05227,224.876,5.606364,27.872,0,electric_kettle,sess_1775552109752__arc_01,1775552132389,334652,0,1,1,0,0,32768,0,4,resistive,electric_kettle,9,arc,,0
33.729168,4.037097,-12.853426,-64.633987,2.080073,0.086746,0.7149,16.127878,0.55969,0.059077,224.876,5.63286,27.877,0,electric_kettle,sess_1775552109752__arc_01,1775552132684,334747,1,1,1,0,1,32768,0,4,resistive,electric_kettle,9,arc,,0
31.973488,11.487637,-8.716573,-53.644531,2.613674,0.083127,1.086,15.791916,0.898601,0.218836,224.876,5.64658,27.877,0,electric_kettle,sess_1775552109752__arc_01,1775552132711,334944,1,1,1,0,2,32768,0,4,resistive,electric_kettle,9,arc,,0
30.052626,4.728838,-15.63836,-60.967175,6.495109,0.116347,0.8389,16.833397,0.69682,0.162419,224.876,5.719949,27.877,0,electric_kettle,sess_1775552109752__arc_01,1775552132779,335038,0,1,1,0,3,32768,0,4,resistive,electric_kettle,9,arc,,0
31.635342,12.005524,-3.943512,-63.426514,1.604092,0.010323,0.6454,15.419799,0.890874,0.067102,224.932,5.689243,27.877,0,electric_kettle,sess_1775552109752__arc_01,1775552132864,335134,1,1,1,0,1,32768,0,4,resistive,electric_kettle,9,arc,,0
28.502264,10.379881,-5.819599,-61.908203,1.810198,0.0139,0.44,15.79362,0.518416,0.235123,224.932,5.582229,27.877,0,electric_kettle,sess_1775552109752__arc_01,1775552132985,335235,1,1,1,0,8,32768,0,4,resistive,electric_kettle,9,arc,,0
30.459934,12.459165,-3.592677,-46.45739,3.96832,0.102066,10.0978,16.535038,0.894497,0.026506,224.932,5.702864,27.878,0,electric_kettle,sess_1775552109752__arc_01,1775552133201,335433,1,1,1,0,10,32768,0,4,resistive,electric_kettle,9,arc,,0
31.108046,6.052829,-11.012106,-58.932091,1.338941,0.015933,0.9213,15.736994,0.817971,0.054753,224.932,5.727844,27.878,0,electric_kettle,sess_1775552109752__arc_01,1775552133269,335528,1,1,1,0,14,32768,0,4,resistive,electric_kettle,9,arc,,0
33.476463,12.631969,-3.123742,-62.864212,2.363827,0.109669,0.3916,15.394363,0.823449,0.129617,224.91,5.787238,27.878,0,electric_kettle,sess_1775552109752__arc_01,1775552133364,335624,1,1,1,0,19,32768,0,4,resistive,electric_kettle,9,arc,,0
35.388641,12.119327,-3.895012,-46.728172,0.41289,0.067701,0,17.097534,0.262354,0.081885,224.91,5.749327,27.878,0,electric_kettle,sess_1775552109752__arc_01,1775552133475,335723,1,1,1,0,20,32768,0,4,resistive,electric_kettle,9,arc,,0
33.003883,8.805544,-8.413929,-58.650391,6.043708,0.033028,1.4425,16.185135,1.021818,0.11616,224.91,5.703104,27.871,0,electric_kettle,sess_1775552109752__arc_01,1775552133708,335921,1,1,1,0,20,32768,0,4,resistive,electric_kettle,9,arc,,0
29.235626,12.759356,-3.952998,-52.195572,1.446594,0.044362,1.1968,15.808943,0.676952,0.13968,224.91,5.766832,27.871,0,electric_kettle,sess_1775552109752__arc_01,1775552133761,336015,1,1,1,0,20,32768,0,4,resistive,electric_kettle,9,arc,,0
31.130863,12.188902,-3.55255,-62.276413,2.480833,0.02364,1.5851,16.910519,0.775829,0.164811,224.91,5.690797,27.871,0,electric_kettle,sess_1775552109752__arc_01,1775552133842,336107,1,1,1,0,20,32768,0,4,resistive,electric_kettle,9,arc,,0
31.37813,12.731296,-3.044169,-63.236259,0.93841,0.067441,2.2661,16.89934,0.810747,0.189915,224.81,5.777259,27.871,0,electric_kettle,sess_1775552109752__arc_01,1775552133940,336207,1,1,1,0,20,32768,0,4,resistive,electric_kettle,9,arc,,0
31.823498,10.518543,-6.675868,-57.446636,0.00177,0.066476,0.8931,15.990957,0.892865,0.083987,224.81,5.777639,27.874,0,electric_kettle,sess_1775552109752__arc_01,1775552134281,336496,1,1,1,0,20,32768,0,4,resistive,electric_kettle,9,arc,,0
27.705034,12.725327,-4.045153,-47.690434,2.742594,0.063169,2.075,15.985528,0.6312,0.111277,224.81,5.726205,27.874,0,electric_kettle,sess_1775552109752__arc_01,1775552134334,336590,1,1,1,0,20,32768,0,4,resistive,electric_kettle,9,arc,,0
32.984699,10.054674,-6.136182,-65.268242,0.43658,0.065709,0.9967,15.957971,0.975449,0.068816,224.623,5.694681,27.874,0,electric_kettle,sess_1775552109752__arc_01,1775552134418,336683,1,1,1,0,20,32768,0,4,resistive,electric_kettle,9,arc,,0
29.794586,12.44371,-4.207509,-56.967735,1.989008,0.001263,1.2482,15.839286,0.528004,0.381695,224.623,5.816032,27.873,0,electric_kettle,sess_1775552109752__arc_01,1775552134760,336980,1,1,1,0,20,32768,0,4,resistive,electric_kettle,9,arc,,0
30.250219,12.360688,-4.532674,-55.804733,0.224735,0.10227,0.9809,15.996698,0.524161,0.39398,224.623,5.63272,27.873,0,electric_kettle,sess_1775552109752__arc_01,1775552134813,337072,1,1,1,0,20,32768,0,4,resistive,electric_kettle,9,arc,,0
33.59948,11.927339,-4.001302,-62.236359,1.550662,0.08137,1.9697,15.798525,0.709105,0.129905,224.481,5.691257,27.873,0,electric_kettle,sess_1775552109752__arc_01,1775552134911,337165,1,1,1,0,20,32768,0,4,resistive,electric_kettle,9,arc,,0
29.683491,12.767307,-3.058253,-65.394173,9.525084,0.143045,3.4065,16.006447,0.859232,0.090294,224.481,5.732368,27.873,0,electric_kettle,sess_1775552109752__arc_01,1775552135006,337264,1,1,1,0,20,32768,0,4,resistive,electric_kettle,9,arc,,0
33.711319,12.993831,-4.013707,-65.33564,0.010152,0.051348,0.7442,15.262071,0.294842,0.123411,224.481,5.810001,27.873,0,electric_kettle,sess_1775552109752__arc_01,1775552135277,337463,1,1,1,0,20,32768,0,4,resistive,electric_kettle,9,arc,,0
31.898911,10.226446,-7.287027,-64.552673,0.027793,0.058262,2.1755,17.787289,0.106818,0.346618,224.481,5.648892,27.873,0,electric_kettle,sess_1775552109752__arc_01,1775552135291,337557,1,1,1,0,20,32768,0,4,resistive,electric_kettle,9,arc,,0
31.27894,12.467253,-6.706638,-55.817955,0.779645,0.061365,3.712,16.482,0.949152,0.056351,224.068,5.610023,27.873,0,electric_kettle,sess_1775552109752__arc_01,1775552135527,337757,1,1,1,0,20,32768,0,4,resistive,electric_kettle,9,arc,,0
37.353321,12.057258,-4.178881,-47.181564,31.895885,0.094221,11.0161,16.452728,1.360573,0.367051,224.068,5.631011,27.875,0,electric_kettle,sess_1775552109752__arc_01,1775552135896,338138,1,1,1,0,20,32768,0,4,resistive,electric_kettle,9,arc,,0
34.648781,6.230187,-10.787063,-59.132305,10.462405,0.036996,0.8977,16.05447,0.997833,0.358075,224.068,5.792317,27.875,0,electric_kettle,sess_1775552109752__arc_01,1775552135976,338234,1,1,1,0,20,32768,0,4,resistive,electric_kettle,9,arc,,0
33.64109,10.771465,-5.880789,-64.018898,22.416988,0.161684,0.7344,17.09071,1.849843,0.259951,223.757,5.693216,27.872,0,electric_kettle,sess_1775552109752__arc_01,1775552136406,338431,1,1,1,0,20,32768,0,4,resistive,electric_kettle,9,arc,,0
31.592369,12.432096,-3.294397,-54.69519,4.192204,0.091717,0.4237,15.337061,2.251907,0.188332,223.757,5.717196,27.872,0,electric_kettle,sess_1775552109752__arc_01,1775552136627,338812,1,1,1,0,20,32768,0,4,resistive,electric_kettle,9,arc,,0
34.360214,12.285107,-3.936699,-47.41116,3.631682,0.043817,0,15.702736,0.532378,0.095887,223.757,5.761052,27.872,0,electric_kettle,sess_1775552109752__arc_01,1775552136654,338911,1,1,1,0,20,32768,0,4,resistive,electric_kettle,9,arc,,0
36.748573,12.95704,-3.166576,-63.230736,17.439608,0.350582,0.7764,17.037254,1.4876,0.170614,223.403,5.549191,27.872,0,electric_kettle,sess_1775552109752__arc_01,1775552137180,339395,1,1,1,0,20,32768,0,4,resistive,electric_kettle,9,arc,,0
31.664583,9.488839,-8.696822,-45.323582,6.014554,0.06298,3.5578,16.924433,0.676512,0.611423,223.403,5.820623,27.872,0,electric_kettle,sess_1775552109752__arc_01,1775552137223,339491,1,1,1,0,20,32768,0,4,resistive,electric_kettle,9,arc,,0
29.769915,11.005066,-5.294299,-53.59409,11.349835,0.076999,1.068,17.003363,1.528244,0.2374,223.403,5.673675,27.865,0,electric_kettle,sess_1775552109752__arc_01,1775552137638,339876,1,1,1,0,20,32768,0,4,resistive,electric_kettle,9,arc,,0
28.296206,8.322429,-8.582916,-50.965595,2.87547,0.006483,2.4036,16.356089,0.84731,0.161812,223.058,5.747121,27.865,0,electric_kettle,sess_1775552109752__arc_01,1775552137719,339972,1,1,1,0,20,32768,0,4,resistive,electric_kettle,9,arc,,0
35.942429,11.11786,-8.273479,-43.606491,27.032524,0.421754,6.7466,16.06402,1.455364,0.433642,223.058,5.713515,27.868,0,electric_kettle,sess_1775552109752__arc_01,1775552138204,340454,1,1,1,0,20,32768,0,4,resistive,electric_kettle,9,arc,,0
35.586174,10.600453,-10.825171,-47.987362,30.604935,0.0545,2.588,15.16686,1.38501,0.292877,222.693,5.675267,27.868,0,electric_kettle,sess_1775552109752__arc_01,1775552138666,340929,1,1,1,0,20,32768,0,4,resistive,electric_kettle,9,arc,,0
34.578915,9.711034,-6.531197,-60.402016,2.392246,0.057112,1.1331,15.518379,0.774807,0.12963,222.462,5.616412,27.868,0,electric_kettle,sess_1775552109752__arc_01,1775552138751,341028,1,1,1,0,20,32768,0,4,resistive,electric_kettle,9,arc,,0
33.437191,10.744213,-5.822308,-45.751274,1.323189,0.38329,0,15.605633,0.612333,0.168379,222.462,5.579599,27.877,0,electric_kettle,sess_1775552109752__arc_01,1775552139117,341319,1,1,1,0,20,32768,0,4,resistive,electric_kettle,9,arc,,0
34.267296,10.021466,-6.56053,-57.344322,4.787032,0.028848,2.5511,16.141647,0.791787,0.03969,222.462,5.561882,27.877,0,electric_kettle,sess_1775552109752__arc_01,1775552139158,341419,1,1,1,0,20,32768,0,4,resistive,electric_kettle,9,arc,,0
33.887054,3.979287,-17.45813,-64.747688,2.592839,0.010468,1.1647,16.733917,0.822564,0.234901,222.492,5.666402,27.877,0,electric_kettle,sess_1775552109752__arc_01,1775552139253,341513,0,1,1,0,18,32768,0,4,resistive,electric_kettle,9,arc,,0
30.810314,8.917528,-8.009918,-51.339577,2.132687,0.761698,2.5497,15.80924,0.675115,0.291905,222.492,5.458832,27.879,0,electric_kettle,sess_1775552109752__arc_01,1775552139477,341711,1,1,1,0,15,32768,0,4,resistive,electric_kettle,9,arc,,0
30.037331,9.292727,-6.887045,-60.321388,1.372849,0.104469,0.6193,16.380266,0.90413,0.662254,222.492,5.748043,27.879,0,electric_kettle,sess_1775552109752__arc_01,1775552139546,341806,1,1,1,0,19,32768,0,4,resistive,electric_kettle,9,arc,,0
31.565847,3.953115,-12.424006,-65.214828,11.087805,0.014474,0.7513,16.284178,0.973188,0.314001,222.492,5.603652,27.879,0,electric_kettle,sess_1775552109752__arc_01,1775552139641,341903,1,1,1,0,20,32768,0,4,resistive,electric_kettle,9,arc,,0
29.723707,4.145571,-12.316216,-63.30262,2.232639,0.022224,0.5894,16.628658,0.821489,0.003511,222.492,5.602077,27.879,0,electric_kettle,sess_1775552109752__arc_01,1775552139749,342003,1,1,1,0,20,32768,0,4,resistive,electric_kettle,9,arc,,0
34.960217,9.3426,-7.293721,-47.156975,4.536846,0.061113,5.7596,16.003563,0.66465,0.349202,222.798,5.751252,27.883,0,electric_kettle,sess_1775552109752__arc_01,1775552139984,342203,1,1,1,0,20,32768,0,4,resistive,electric_kettle,9,arc,,0
29.183784,11.937248,-5.00703,-50.821732,3.13084,0.009158,1.6611,16.491354,0.638834,0.188945,222.798,5.838186,27.883,0,electric_kettle,sess_1775552109752__arc_01,1775552140038,342298,1,1,1,0,20,32768,0,4,resistive,electric_kettle,9,arc,,0
30.965767,12.348755,-3.806737,-64.375114,1.214749,0.021478,1.5334,16.066521,0.548541,0.300841,222.798,5.697676,27.883,0,electric_kettle,sess_1775552109752__arc_01,1775552140146,342392,1,1,1,0,20,32768,0,4,resistive,electric_kettle,9,arc,,0
31.464573,12.466333,-3.326685,-64.565155,1.686847,0.036511,2.7492,15.599338,0.760138,0.148014,222.798,5.765143,27.883,0,electric_kettle,sess_1775552109752__arc_01,1775552140227,342491,1,1,1,0,20,32768,0,4,resistive,electric_kettle,9,arc,,0
29.277494,3.136974,-27.015478,-63.728291,0.220598,0.025966,1.3396,15.868731,0.262129,0.167163,223.289,5.612446,27.887,0,electric_kettle,sess_1775552109752__arc_01,1775552140574,342786,0,1,1,0,18,32768,0,4,resistive,electric_kettle,9,arc,,0
29.396051,8.996311,-8.039078,-49.870869,1.111071,0.107025,5.7538,16.382729,0.420669,0.111941,223.289,5.662707,27.887,0,electric_kettle,sess_1775552109752__arc_01,1775552140627,342877,1,1,1,0,15,32768,0,4,resistive,electric_kettle,9,arc,,0
31.42325,4.501396,-14.144503,-61.229343,0.455575,0.049068,0.4618,15.514946,0.825093,0.182727,223.289,5.745485,27.887,0,electric_kettle,sess_1775552109752__arc_01,1775552140709,342970,1,1,1,0,20,32768,0,4,resistive,electric_kettle,9,arc,,0
30.995199,13.075289,-4.093788,-65.23185,0.016579,0.035651,0.759,16.150213,0.300092,0.124619,223.686,5.797318,27.888,0,electric_kettle,sess_1775552109752__arc_01,1775552140972,343172,1,1,1,0,20,32768,0,4,resistive,electric_kettle,9,arc,,0
29.054876,9.94493,-7.586572,-66.087631,0.047044,0.035087,2.0626,17.725304,0.099958,0.332496,223.686,5.64311,27.888,0,electric_kettle,sess_1775552109752__arc_01,1775552140999,343267,1,1,1,0,20,32768,0,4,resistive,electric_kettle,9,arc,,0
32.215282,9.189157,-8.351147,-60.10107,2.767547,0.058688,0.8338,16.1833,0.980092,0.048034,223.686,5.621425,27.888,0,electric_kettle,sess_1775552109752__arc_01,1775552141093,343359,1,1,1,0,20,32768,0,4,resistive,electric_kettle,9,arc,,0
30.257919,3.920041,-19.175764,-63.405998,2.399759,0.023036,0.9826,16.551601,0.89426,0.035085,223.686,5.637203,27.888,0,electric_kettle,sess_1775552109752__arc_01,1775552141201,343460,0,1,1,0,18,32768,0,4,resistive,electric_kettle,9,arc,,0
32.351181,8.249128,-7.974617,-62.276588,1.77668,0.029469,0.7485,15.801567,0.535483,0.149429,223.686,5.569814,27.886,1,electric_kettle,sess_1775552109752__arc_01,1775552141489,343559,1,1,1,0,9,32768,0,4,resistive,electric_kettle,9,arc,,0
31.368223,13.555599,-9.082191,-50.813896,0,0,4.4863,15.586441,1.062685,2.828441,223.579,4.37041,27.886,1,electric_kettle,sess_1775552109752__arc_01,1775552141517,343753,1,1,1,0,10,32768,0,4,resistive,electric_kettle,9,arc,,0
31.368223,13.555599,-9.082191,-50.813896,0,0,4.4863,15.586441,1.062685,2.828441,223.579,0,27.886,0,electric_kettle,sess_1775552109752__arc_01,1775552141547,343846,0,1,1,0,10,32768,0,4,resistive,electric_kettle,9,arc,,0
31.368223,13.555599,-9.082191,-50.813896,0,0,4.4863,15.586441,1.062685,2.828441,223.579,0,27.886,0,electric_kettle,sess_1775552109752__arc_01,1775552141629,343912,0,1,1,0,2,32768,0,4,resistive,electric_kettle,9,arc,,0
31.368223,13.555599,-9.082191,-50.813896,0,0,4.4863,15.586441,1.062685,2.828441,223.579,0,27.886,0,electric_kettle,sess_1775552109752__arc_01,1775552141684,343981,0,1,1,0,0,32768,0,4,resistive,electric_kettle,9,arc,,0
31.368223,13.555599,-9.082191,-50.813896,0,0,4.4863,15.586441,1.062685,2.828441,223.579,0,27.886,0,electric_kettle,sess_1775552109752__arc_01,1775552141752,344049,0,1,1,0,0,32768,0,4,resistive,electric_kettle,9,arc,,0
30.847437,3.504393,-15.564399,-63.543167,0.027879,0.000581,1.0006,17.164248,0.189953,0.119572,223.354,5.696355,27.886,1,electric_kettle,sess_1775552109752__arc_01,1775552142047,344310,0,1,1,0,0,32768,0,4,resistive,electric_kettle,9,arc,,0
32.541126,9.613146,-6.410171,-63.596153,1.588259,0.063052,1.0436,17.097752,0.690521,0.128966,223.354,5.755126,27.886,0,electric_kettle,sess_1775552109752__arc_01,1775552142158,344403,0,1,1,0,0,32768,0,4,resistive,electric_kettle,9,arc,,0
30.562887,6.70242,-11.247246,-56.385921,0.765541,0.088842,1.1379,16.11133,0.930025,0.083721,223.354,5.793672,27.886,0,electric_kettle,sess_1775552109752__arc_01,1775552142239,344502,0,1,1,0,0,32768,0,4,resistive,electric_kettle,9,arc,,0
32.08654,11.412749,-5.778199,-49.729614,0.002961,0.036319,0,16.154593,0.54796,0.556192,223.354,5.534126,27.882,0,electric_kettle,sess_1775552109752__arc_01,1775552142533,344798,0,1,1,0,0,32768,0,4,resistive,electric_kettle,9,arc,,0
37.451027,7.517098,-8.63658,-62.986053,2.282717,0.027311,0.6742,15.084614,0.623187,0.079613,222.755,5.569373,27.882,0,electric_kettle,sess_1775552109752__arc_01,1775552142643,344891,0,1,1,0,0,32768,0,4,resistive,electric_kettle,9,arc,,0
29.125727,9.595078,-6.327703,-62.444298,0.690342,0.091391,0.765,15.657463,0.933484,0.198694,222.755,5.657901,27.882,0,electric_kettle,sess_1775552109752__arc_01,1775552142724,344990,0,1,1,0,0,32768,0,4,resistive,electric_kettle,9,arc,,0
28.201342,9.711894,-6.02149,-49.005608,21.967375,0.033888,0.5701,15.939145,0.891174,0.259797,222.755,5.540308,27.875,0,electric_kettle,sess_1775552109752__arc_01,1775552143036,345090,0,1,1,0,0,32768,0,4,resistive,electric_kettle,9,arc,,0
31.385704,12.30456,-4.219271,-46.192055,1.836183,0.045796,0,16.31422,0.65797,0.419637,222.755,5.503125,27.875,0,electric_kettle,sess_1775552109752__arc_01,1775552143063,345288,0,1,1,0,0,32768,0,4,resistive,electric_kettle,9,arc,,0
31.903244,8.626682,-9.563967,-51.344894,2.73156,0.069717,9.7926,16.777523,0.495324,0.402795,222.228,5.680456,27.875,0,electric_kettle,sess_1775552109752__arc_01,1775552143106,345382,0,1,1,0,0,32768,0,4,resistive,electric_kettle,9,arc,,0
31.366169,3.938514,-12.589146,-63.113789,0.704926,0.116778,0.9505,16.688583,0.590937,0.011316,222.228,5.675313,27.875,0,electric_kettle,sess_1775552109752__arc_01,1775552143226,345476,0,1,1,0,0,32768,0,4,resistive,electric_kettle,9,arc,,0
30.019289,4.11582,-14.045377,-63.213699,1.443428,0.108468,0.5154,16.009258,0.970972,0.210664,222.228,5.579667,27.876,0,electric_kettle,sess_1775552109752__arc_01,1775552143550,345574,0,1,1,0,0,32768,0,4,resistive,electric_kettle,9,arc,,0
32.853107,11.734369,-5.561781,-65.076668,0.001393,0.026711,1.2004,16.356546,0.160822,0.08799,222.228,5.684906,27.876,0,electric_kettle,sess_1775552109752__arc_01,1775552143577,345772,0,1,1,0,0,32768,0,4,resistive,electric_kettle,9,arc,,0
30.810966,7.248236,-9.974631,-54.254028,0.474669,0.016241,1.0943,15.844068,0.300552,0.026502,222.228,5.696959,27.876,0,electric_kettle,sess_1775552109752__arc_01,1775552143604,345866,0,1,1,0,0,32768,0,4,resistive,electric_kettle,9,arc,,0
30.794958,6.422009,-9.628247,-61.361256,22.762281,0.08473,0.9048,15.561191,0.852562,0.211838,221.934,5.793505,27.876,0,electric_kettle,sess_1775552109752__arc_01,1775552143702,345959,1,1,1,0,4,32768,0,4,resistive,electric_kettle,9,arc,,0
31.355576,4.244775,-16.381351,-62.987637,2.035698,0.089592,1.8089,16.304276,0.81824,0.298433,221.934,5.655187,27.876,0,electric_kettle,sess_1775552109752__arc_01,1775552143797,346058,0,1,1,0,6,32768,0,4,resistive,electric_kettle,9,arc,,0
34.831135,11.002447,-5.910935,-61.154083,9.819981,0.133408,0.8164,16.030853,0.72354,0.371944,221.934,5.824428,27.867,0,electric_kettle,sess_1775552109752__arc_01,1775552144053,346258,1,1,1,0,1,32768,0,4,resistive,electric_kettle,9,arc,,0
31.063658,12.07144,-4.833129,-52.883106,0.051512,0.052716,0.9228,16.745636,0.461522,0.078439,221.934,5.860977,27.867,0,electric_kettle,sess_1775552109752__arc_01,1775552144079,346352,1,1,1,0,3,32768,0,4,resistive,electric_kettle,9,arc,,0
34.644016,12.259415,-3.723538,-66.051125,0.248108,0.040204,4.6607,15.764524,0.89562,0.047333,221.924,5.838784,27.867,0,electric_kettle,sess_1775552109752__arc_01,1775552144177,346444,1,1,1,0,9,32768,0,4,resistive,electric_kettle,9,arc,,0
37.299633,10.887112,-5.316913,-48.372368,7.293482,0.083072,0,16.040829,0.626727,0.224567,221.924,5.733888,27.867,0,electric_kettle,sess_1775552109752__arc_01,1775552144286,346543,1,1,1,0,15,32768,0,4,resistive,electric_kettle,9,arc,,0
28.426521,12.48925,-4.758698,-63.868023,0.110099,0.019819,0.4629,15.584592,0.233126,0.193658,221.924,5.693641,27.869,0,electric_kettle,sess_1775552109752__arc_01,1775552144582,346837,1,1,1,0,20,32768,0,4,resistive,electric_kettle,9,arc,,0
32.152225,11.380029,-4.739998,-63.774944,2.386559,0.050549,4.166,15.961357,0.881732,0.019095,221.924,5.702338,27.869,0,electric_kettle,sess_1775552109752__arc_01,1775552144663,346929,1,1,1,0,20,32768,0,4,resistive,electric_kettle,9,arc,,0
32.953213,12.757598,-3.115645,-62.692738,0.799913,0.05051,2.9337,16.049034,0.777021,0.106027,221.966,5.750707,27.869,0,electric_kettle,sess_1775552109752__arc_01,1775552144762,347028,1,1,1,0,20,32768,0,4,resistive,electric_kettle,9,arc,,0
30.586552,3.079921,-15.787395,-65.152771,0.001576,0.029319,0.5713,15.5562,0.150667,0.069654,221.966,5.66907,27.87,0,electric_kettle,sess_1775552109752__arc_01,1775552145183,347415,0,1,1,0,18,32768,0,4,resistive,electric_kettle,9,arc,,0
31.378284,6.587324,-10.436028,-54.934227,2.667058,0.056609,1.0139,16.383005,0.429681,0.170756,222.179,5.746512,27.87,0,electric_kettle,sess_1775552109752__arc_01,1775552145240,347507,1,1,1,0,13,32768,0,4,resistive,electric_kettle,9,arc,,0
30.294556,12.370802,-3.437132,-56.789211,3.784333,0.016929,0.8228,16.312244,0.905813,0.09668,222.179,5.790958,27.87,0,electric_kettle,sess_1775552109752__arc_01,1775552145348,347602,1,1,1,0,19,32768,0,4,resistive,electric_kettle,9,arc,,0
30.32622,12.781333,-4.316583,-63.694336,0.020194,0.023988,0.5863,15.61593,0.333119,0.035119,222.43,5.813968,27.865,0,electric_kettle,sess_1775552109752__arc_01,1775552145782,347984,1,1,1,0,20,32768,0,4,resistive,electric_kettle,9,arc,,0
31.113525,11.176054,-5.661356,-57.117661,11.650928,0.111802,0.8621,16.281843,1.006994,0.159253,222.43,5.739897,27.865,0,electric_kettle,sess_1775552109752__arc_01,1775552145812,348075,1,1,1,0,20,32768,0,4,resistive,electric_kettle,9,arc,,0
34.266666,4.728542,-13.88518,-56.086365,3.094829,0.041618,0.6969,16.049574,0.646534,0.15389,222.43,5.688287,27.865,0,electric_kettle,sess_1775552109752__arc_01,1775552146114,348364,1,1,1,0,20,32768,0,4,resistive,electric_kettle,9,arc,,0
34.388004,8.168694,-8.116511,-65.510429,2.445413,0.002052,0.5831,16.226025,0.857139,0.005898,222.43,5.690971,27.865,0,electric_kettle,sess_1775552109752__arc_01,1775552146196,348457,1,1,1,0,20,32768,0,4,resistive,electric_kettle,9,arc,,0
33.251709,5.457758,-10.83434,-61.109028,2.228541,0.079364,0.4766,14.894438,0.914789,0.272713,222.843,5.566811,27.865,0,electric_kettle,sess_1775552109752__arc_01,1775552146291,348554,1,1,1,0,20,32768,0,4,resistive,electric_kettle,9,arc,,0
33.419308,4.080943,-12.220248,-63.999313,1.039458,0.041688,1.7459,15.423889,0.817306,0.260752,222.843,5.682936,27.863,0,electric_kettle,sess_1775552109752__arc_01,1775552146566,348656,1,1,1,0,20,32768,0,4,resistive,electric_kettle,9,arc,,0
31.109671,12.79271,-4.108093,-64.323547,3.049452,0.394451,1.7314,16.883007,0.62455,0.164223,222.843,5.636594,27.863,0,electric_kettle,sess_1775552109752__arc_01,1775552146593,348851,1,1,1,0,20,32768,0,4,resistive,electric_kettle,9,arc,,0
31.897434,7.574894,-8.75925,-61.861618,3.43994,0.060268,0.8956,14.953166,0.869181,0.021003,222.843,5.627123,27.863,0,electric_kettle,sess_1775552109752__arc_01,1775552146702,348945,1,1,1,0,20,32768,0,4,resistive,electric_kettle,9,arc,,0
31.883907,10.645466,-5.695498,-46.02652,29.302364,0.072121,2.5099,15.120152,1.134747,0.31475,223.216,5.792341,27.865,0,electric_kettle,sess_1775552109752__arc_01,1775552147126,349144,1,1,1,0,20,32768,0,4,resistive,electric_kettle,9,arc,,0
31.869772,10.348153,-6.192575,-46.386765,2.322697,0.093182,6.349,16.090776,0.825953,0.472946,223.216,5.809709,27.865,0,electric_kettle,sess_1775552109752__arc_01,1775552147143,349337,1,1,1,0,20,32768,0,4,resistive,electric_kettle,9,arc,,0
32.300301,12.007151,-5.162515,-62.364388,0.065307,0.034893,0.7954,16.251389,0.288733,0.034004,223.216,5.825513,27.865,0,electric_kettle,sess_1775552109752__arc_01,1775552147156,349432,1,1,1,0,20,32768,0,4,resistive,electric_kettle,9,arc,,0
32.941822,12.091045,-3.809197,-62.742966,2.606869,0.057716,0.7886,16.004372,0.794819,0.059729,223.216,5.85335,27.865,0,electric_kettle,sess_1775552109752__arc_01,1775552147264,349524,1,1,1,0,20,32768,0,4,resistive,electric_kettle,9,arc,,0
32.802887,12.303825,-3.780041,-62.536064,0.395684,0.072839,1.178,16.752125,0.676038,0.151973,223.216,5.782186,27.865,0,electric_kettle,sess_1775552109752__arc_01,1775552147372,349625,1,1,1,0,20,32768,0,4,resistive,electric_kettle,9,arc,,0
31.052053,9.297563,-7.882082,-56.590351,0.753279,0.002026,0.6408,15.77093,0.500169,0.13259,223.494,5.803998,27.857,0,electric_kettle,sess_1775552109752__arc_01,1775552147678,349914,1,1,1,0,20,32768,0,4,resistive,electric_kettle,9,arc,,0
30.508682,9.963746,-6.880014,-62.56361,6.205009,0.058623,0.663,15.604101,0.757235,0.251167,223.494,5.687376,27.857,0,electric_kettle,sess_1775552109752__arc_01,1775552147735,350006,1,1,1,0,20,32768,0,4,resistive,electric_kettle,9,arc,,0
30.635246,10.915042,-4.658414,-49.924591,2.203776,0.060915,1.6763,16.363697,0.950152,0.039296,223.494,5.669496,27.857,0,electric_kettle,sess_1775552109752__arc_01,1775552147844,350101,1,1,1,0,20,32768,0,4,resistive,electric_kettle,9,arc,,0
30.766014,4.030272,-13.129984,-61.879753,2.119714,0.052961,0.5258,16.056854,0.588884,0.25902,223.494,5.552015,27.858,0,electric_kettle,sess_1775552109752__arc_01,1775552148188,350203,1,1,1,0,20,32768,0,4,resistive,electric_kettle,9,arc,,0
34.328823,11.56646,-4.828521,-49.788094,4.874923,0.063158,1.9142,15.677176,0.825011,0.538581,223.5,5.90759,27.858,0,electric_kettle,sess_1775552109752__arc_01,1775552148215,350398,1,1,1,0,20,32768,0,4,resistive,electric_kettle,9,arc,,0
35.694317,12.344202,-5.129876,-62.878338,0.00143,0.030413,0.5498,15.224937,0.204094,0.406696,223.5,5.715382,27.858,0,electric_kettle,sess_1775552109752__arc_01,1775552148219,350492,1,1,1,0,20,32768,0,4,resistive,electric_kettle,9,arc,,0
33.378643,10.822762,-4.907728,-47.183693,6.914927,0.049953,2.897,16.268091,0.981732,0.122719,223.5,5.659271,27.858,0,electric_kettle,sess_1775552109752__arc_01,1775552148327,350584,1,1,1,0,20,32768,0,4,resistive,electric_kettle,9,arc,,0
29.69006,9.073056,-7.208343,-63.74773,1.75286,0.035154,0.4584,16.160044,0.546037,0.179708,223.5,5.57791,27.858,0,electric_kettle,sess_1775552109752__arc_01,1775552148435,350685,1,1,1,0,20,32768,0,4,resistive,electric_kettle,9,arc,,0
39.74226,8.306959,-8.598005,-51.529156,5.422098,0.090627,8.8737,15.090785,0.681616,0.277321,223.5,5.565149,27.856,0,electric_kettle,sess_1775552109752__arc_01,1775552148667,350885,1,1,1,0,20,32768,0,4,resistive,electric_kettle,9,arc,,0
30.018234,10.338315,-6.487274,-49.608734,0.840097,0.042232,0.7893,16.458792,0.64658,0.60739,223.453,5.835567,27.856,0,electric_kettle,sess_1775552109752__arc_01,1775552148720,350980,1,1,1,0,20,32768,0,4,resistive,electric_kettle,9,arc,,0
30.697355,12.311611,-3.387361,-55.252083,0.017479,0.047814,2.1264,16.173523,0.806253,0.041049,223.453,5.854731,27.856,0,electric_kettle,sess_1775552109752__arc_01,1775552148805,351073,1,1,1,0,20,32768,0,4,resistive,electric_kettle,9,arc,,0
29.462915,10.889601,-5.265775,-63.009434,2.942845,0.046055,1.8445,16.207272,0.694545,0.14458,223.453,5.787012,27.856,0,electric_kettle,sess_1775552109752__arc_01,1775552148914,351172,1,1,1,0,20,32768,0,4,resistive,electric_kettle,9,arc,,0
29.083633,12.562399,-4.222158,-54.91761,1.234818,0.12734,1.2104,16.438253,0.472739,0.032237,223.169,5.795022,27.867,1,electric_kettle,sess_1775552109752__arc_01,1775552149252,351465,1,1,1,0,20,32768,0,4,resistive,electric_kettle,9,arc,,0
29.083633,12.562399,-4.222158,-54.91761,1.234818,0.12734,1.2104,16.438253,0.472739,0.032237,223.169,0,27.87,0,electric_kettle,sess_1775552109752__arc_01,1775552149704,351781,0,1,1,0,18,32768,0,4,resistive,electric_kettle,9,arc,,0
31.051573,11.905451,-5.914559,-49.975655,7.871814,0.048634,7.4939,16.050823,1.051553,0.141752,222.859,5.812144,27.87,1,electric_kettle,sess_1775552109752__arc_01,1775552149954,352160,0,1,1,0,16,32768,0,4,resistive,electric_kettle,9,arc,,0
32.639442,12.702422,-4.426055,-63.080219,0.001705,0.013959,0.4888,14.927561,0.286984,0.018989,222.859,5.820974,27.87,0,electric_kettle,sess_1775552109752__arc_01,1775552149971,352255,0,1,1,0,14,32768,0,4,resistive,electric_kettle,9,arc,,0
31.340038,12.122053,-3.644241,-54.318272,9.631407,0.018654,0.8906,15.224171,1.455761,0.026473,222.859,5.645811,27.929,0,electric_kettle,sess_1775552109752__arc_01,1775552150403,352640,0,1,1,0,8,32768,0,4,resistive,electric_kettle,9,arc,,0
31.001287,7.561424,-9.464022,-50.425133,2.250889,0.014041,2.0202,16.29283,1.061865,0.213943,222.219,5.742442,27.929,0,electric_kettle,sess_1775552109752__arc_01,1775552150483,352735,0,1,1,0,0,32768,0,4,resistive,electric_kettle,9,arc,,0
32.47731,3.353596,-28.89245,-63.643131,0.004061,0.152166,2.0421,16.385557,0.0764,0.14761,222.219,5.646005,27.923,0,electric_kettle,sess_1775552109752__arc_01,1775552150920,353126,0,1,1,0,0,32768,0,4,resistive,electric_kettle,9,arc,,0
30.90317,7.126945,-10.123187,-59.418869,0.024172,0.093338,0.9702,15.673937,0.236463,0.223366,222.219,5.746895,27.923,0,electric_kettle,sess_1775552109752__arc_01,1775552150947,353219,0,1,1,0,0,32768,0,4,resistive,electric_kettle,9,arc,,0
30.663359,12.906252,-3.629956,-63.299072,1.947794,0.018747,0.7713,15.410013,0.452931,0.030588,221.95,5.671234,27.913,0,electric_kettle,sess_1775552109752__arc_01,1775552151389,353604,0,1,1,0,0,32768,0,4,resistive,electric_kettle,9,arc,,0
31.076628,10.874972,-5.941188,-63.435707,1.711677,0.077055,0.5906,15.450993,0.42317,0.425503,221.95,5.864284,27.913,0,electric_kettle,sess_1775552109752__arc_01,1775552151429,353703,0,1,1,0,0,32768,0,4,resistive,electric_kettle,9,arc,,0
38.440914,12.763747,-2.862343,-37.453979,127.904106,6.321717,60.1896,14.864641,2.425037,0.08519,221.115,5.791014,27.906,0,electric_kettle,sess_1775552109752__arc_01,1775552151913,354088,1,1,1,0,1,32768,0,4,resistive,electric_kettle,9,arc,,0
36.670776,10.80364,-5.73818,-49.979416,14.972086,0.042093,4.0255,16.325991,1.255218,0.060466,221.115,5.763001,27.906,0,electric_kettle,sess_1775552109752__arc_01,1775552151930,354186,1,1,1,0,2,32768,0,4,resistive,electric_kettle,9,arc,,0
31.798735,4.040575,-12.656356,-63.777802,1.681585,0.086592,0.7166,15.653959,0.810536,0.177735,221.115,5.681058,27.908,0,electric_kettle,sess_1775552109752__arc_01,1775552152210,354284,1,1,1,0,8,32768,0,4,resistive,electric_kettle,9,arc,,0
36.170162,9.991716,-6.551611,-40.563702,10.046123,0.013409,0,15.970572,0.933734,0.249224,220.828,5.73005,27.908,0,electric_kettle,sess_1775552109752__arc_01,1775552152446,354674,1,1,1,0,9,32768,0,4,resistive,electric_kettle,9,arc,,0
33.121281,5.646222,-11.486736,-50.144432,1.527728,0.05078,4.4035,16.06002,0.613679,0.014181,220.828,5.723549,27.908,0,electric_kettle,sess_1775552109752__arc_01,1775552152503,354766,1,1,1,0,13,32768,0,4,resistive,electric_kettle,9,arc,,0
38.335129,9.741139,-6.970461,-38.453335,2.748133,0.022025,0,16.986393,0.440366,0.089823,220.828,5.633149,27.912,0,electric_kettle,sess_1775552109752__arc_01,1775552152867,355056,1,1,1,0,15,32768,0,4,resistive,electric_kettle,9,arc,,0
35.038757,12.850933,-3.979647,-64.598534,0.010811,0.062593,0.4206,16.415106,0.321651,0.424145,220.828,5.824291,27.912,0,electric_kettle,sess_1775552109752__arc_01,1775552152894,355153,1,1,1,0,16,32768,0,4,resistive,electric_kettle,9,arc,,0
34.450268,12.813578,-3.229009,-49.087215,1.456514,0.049692,0,16.344711,0.62019,0.165704,220.916,5.747082,27.912,0,electric_kettle,sess_1775552109752__arc_01,1775552152992,355246,1,1,1,0,20,32768,0,4,resistive,electric_kettle,9,arc,,0
33.160229,5.043912,-12.625195,-50.807518,0.00173,0.017316,0,16.474611,0.0072,0.251025,220.916,5.623727,27.902,0,electric_kettle,sess_1775552109752__arc_01,1775552153282,355540,1,1,1,0,20,32768,0,4,resistive,electric_kettle,9,arc,,0
35.220192,4.134735,-17.114592,-62.750355,0.172037,0.071673,0.4526,15.079073,0.974607,0.110507,220.916,5.673444,27.902,0,electric_kettle,sess_1775552109752__arc_01,1775552153390,355633,0,1,1,0,18,32768,0,4,resistive,electric_kettle,9,arc,,0
29.854137,8.138153,-7.985591,-64.750931,11.633015,0.020354,0.5862,15.69479,0.909646,0.091921,220.916,5.631723,27.902,0,electric_kettle,sess_1775552109752__arc_01,1775552153471,355731,1,1,1,0,11,32768,0,4,resistive,electric_kettle,9,arc,,0
30.84499,12.529273,-4.178978,-64.751839,0.00155,0.006802,0.5992,17.299534,0.267837,0.563195,221.146,5.810093,27.897,0,electric_kettle,sess_1775552109752__arc_01,1775552153758,356027,1,1,1,0,17,32768,0,4,resistive,electric_kettle,9,arc,,0
32.79464,12.517267,-3.485402,-63.456249,0.139438,0.005093,0.2362,15.871754,0.849651,0.082503,221.146,5.771745,27.897,0,electric_kettle,sess_1775552109752__arc_01,1775552153866,356120,1,1,1,0,20,32768,0,4,resistive,electric_kettle,9,arc,,0
35.631531,12.907977,-2.982646,-47.99194,0.939325,0.102829,0,16.648769,0.508285,0.020339,221.146,5.762354,27.897,0,electric_kettle,sess_1775552109752__arc_01,1775552153974,356220,1,1,1,0,20,32768,0,4,resistive,electric_kettle,9,arc,,0
34.107269,7.810853,-8.306042,-65.772186,2.278809,0.025509,0.6612,16.377934,0.69073,0.057981,221.102,5.789083,27.896,0,electric_kettle,sess_1775552109752__arc_01,1775552154329,356317,1,1,1,0,20,32768,0,4,resistive,electric_kettle,9,arc,,0
30.677361,4.811071,-13.492497,-64.288567,0.033863,0.080345,2.8492,15.884171,0.152558,0.227014,221.102,5.621399,27.896,0,electric_kettle,sess_1775552109752__arc_01,1775552154356,356606,1,1,1,0,20,32768,0,4,resistive,electric_kettle,9,arc,,0
32.468506,4.300762,-15.048271,-63.45718,4.744373,0.089469,1.153,15.855995,0.832764,0.090127,221.102,5.66193,27.896,0,electric_kettle,sess_1775552109752__arc_01,1775552154437,356698,0,1,1,0,18,32768,0,4,resistive,electric_kettle,9,arc,,0
32.759537,10.724934,-5.11227,-61.478333,0.631831,0.047251,0.951,15.395006,0.950693,0.052783,221.205,5.685838,27.896,0,electric_kettle,sess_1775552109752__arc_01,1775552154522,356796,1,1,1,0,11,32768,0,4,resistive,electric_kettle,9,arc,,0
38.056053,11.447418,-9.681898,-44.312424,2.001057,0.079795,0,15.710572,0.713307,0.118626,221.205,5.640399,27.907,0,electric_kettle,sess_1775552109752__arc_01,1775552154795,356997,1,1,1,0,15,32768,0,4,resistive,electric_kettle,9,arc,,0
33.007141,8.772533,-11.420688,-54.50341,0.042284,0.094213,1.3132,16.109446,0.655024,0.512898,221.205,5.871835,27.907,0,electric_kettle,sess_1775552109752__arc_01,1775552154821,357091,1,1,1,0,17,32768,0,4,resistive,electric_kettle,9,arc,,0
31.438585,11.105392,-4.969801,-62.53437,0.5612,0.061762,2.5184,16.180489,0.879597,0.063977,221.205,5.841782,27.907,0,electric_kettle,sess_1775552109752__arc_01,1775552154916,357184,1,1,1,0,20,32768,0,4,resistive,electric_kettle,9,arc,,0
31.881702,7.532219,-8.743962,-61.675743,16.211653,0.063652,2.0483,15.114231,0.745557,0.164164,221.535,5.765061,27.907,0,electric_kettle,sess_1775552109752__arc_01,1775552155025,357283,1,1,1,0,20,32768,0,4,resistive,electric_kettle,9,arc,,0
31.936186,12.115975,-5.015522,-64.405884,0.001926,0.181304,0.7832,15.627235,0.287246,0.074658,221.535,5.816229,27.907,1,electric_kettle,sess_1775552109752__arc_01,1775552155293,357484,1,1,1,0,20,32768,0,4,resistive,electric_kettle,9,arc,,0
30.115154,12.601618,-4.662275,-64.218361,0.002047,0.091464,0.8036,17.076025,0.209203,0.183372,221.535,5.730906,27.907,0,electric_kettle,sess_1775552109752__arc_01,1775552155306,357578,1,1,1,0,20,32768,0,4,resistive,electric_kettle,9,arc,,0
33.820507,12.717688,-4.471495,-63.672112,1.616718,0.068061,0.8941,15.831834,0.953134,1.848069,221.535,4.883615,27.907,1,electric_kettle,sess_1775552109752__arc_01,1775552155401,357670,1,1,1,0,20,32768,0,4,resistive,electric_kettle,9,arc,,0
33.820507,12.717688,-4.471495,-63.672112,1.616718,0.068061,0.8941,15.831834,0.953134,1.848069,221.535,0,27.907,0,electric_kettle,sess_1775552109752__arc_01,1775552155482,357769,0,1,1,0,18,32768,0,4,resistive,electric_kettle,9,arc,,0
33.820507,12.717688,-4.471495,-63.672112,1.616718,0.068061,0.8941,15.831834,0.953134,1.848069,221.645,0,27.907,0,electric_kettle,sess_1775552109752__arc_01,1775552155553,357838,0,1,1,0,10,32768,0,4,resistive,electric_kettle,9,arc,,0
35.577152,10.914175,-7.4532,-43.917397,0,0,3.1052,16.357958,0.971816,0.058242,221.645,4.860861,27.906,1,electric_kettle,sess_1775552109752__arc_01,1775552155818,358039,0,1,1,0,2,32768,0,4,resistive,electric_kettle,9,arc,,0
28.00828,9.165427,-9.211943,-47.948555,2.346651,0.065523,2.1967,16.539104,0.618317,2.498168,221.645,5.832323,27.906,1,electric_kettle,sess_1775552109752__arc_01,1775552155871,358132,0,1,1,0,0,32768,0,4,resistive,electric_kettle,9,arc,,0
30.415339,11.199927,-4.863542,-57.322983,3.72467,0.210248,0.9277,16.52557,0.775874,0.077494,221.645,5.796165,27.906,0,electric_kettle,sess_1775552109752__arc_01,1775552155979,358225,0,1,1,0,0,32768,0,4,resistive,electric_kettle,9,arc,,0
27.930809,10.925656,-4.712319,-52.316658,1.23392,0.065376,2.1156,16.187565,1.150386,0.216982,221.824,5.896779,27.906,0,electric_kettle,sess_1775552109752__arc_01,1775552156060,358325,0,1,1,0,0,32768,0,4,resistive,electric_kettle,9,arc,,0
35.233749,12.31815,-4.47896,-56.289368,3.880864,0.515463,3.4934,16.154427,0.691485,0.796982,221.824,5.410328,27.898,0,electric_kettle,sess_1775552109752__arc_01,1775552156298,358527,0,1,1,0,0,32768,0,4,resistive,electric_kettle,9,arc,,0
29.939762,4.655605,-14.443212,-57.929401,0.629613,0.439628,1.173,16.629469,0.525919,0.582397,221.824,5.662405,27.898,0,electric_kettle,sess_1775552109752__arc_01,1775552156352,358622,0,1,1,0,0,32768,0,4,resistive,electric_kettle,9,arc,,0
32.053829,11.884055,-3.895747,-63.512619,5.100272,0.023332,1.6671,15.107535,0.767384,0.319326,221.824,5.807057,27.898,0,electric_kettle,sess_1775552109752__arc_01,1775552156459,358717,0,1,1,0,0,32768,0,4,resistive,electric_kettle,9,arc,,0
29.492252,10.305876,-5.695722,-63.304665,0.877361,0.109724,0.9454,16.539381,0.524736,0.078512,221.824,5.843531,27.898,0,electric_kettle,sess_1775552109752__arc_01,1775552156566,358816,0,1,1,0,0,32768,0,4,resistive,electric_kettle,9,arc,,0
33.521351,8.584063,-8.694457,-65.292961,0.002022,0.009153,0.9679,16.602453,0.240085,0.124843,222.321,5.743048,27.893,0,electric_kettle,sess_1775552109752__arc_01,1775552156828,359015,0,1,1,0,0,32768,0,4,resistive,electric_kettle,9,arc,,0
29.521641,13.023264,-3.975247,-64.062592,0.03287,0.067617,0.6364,15.47295,0.275263,0.135047,222.321,5.805095,27.893,0,electric_kettle,sess_1775552109752__arc_01,1775552156842,359109,0,1,1,0,0,32768,0,4,resistive,electric_kettle,9,arc,,0
32.107437,12.750702,-3.179884,-64.893295,2.804328,0.08857,0.7794,16.179478,0.577638,0.124161,222.321,5.747433,27.893,0,electric_kettle,sess_1775552109752__arc_01,1775552156937,359201,0,1,1,0,0,32768,0,4,resistive,electric_kettle,9,arc,,0
31.391884,11.733441,-4.207488,-62.926144,3.245704,0.015937,2.5263,15.580135,0.642158,0.098579,222.321,5.792759,27.893,0,electric_kettle,sess_1775552109752__arc_01,1775552157044,359300,0,1,1,0,0,32768,0,4,resistive,electric_kettle,9,arc,,0
37.994099,12.237064,-3.430581,-40.700958,23.510082,0.045897,0,15.321483,0.925143,0.158522,222.829,5.866222,27.895,0,electric_kettle,sess_1775552109752__arc_01,1775552157381,359401,0,1,1,0,0,32768,0,4,resistive,electric_kettle,9,arc,,0
28.004116,12.801588,-3.722322,-45.607582,7.179521,0.625238,2.0424,16.38896,0.848397,0.575508,222.829,5.594502,27.895,0,electric_kettle,sess_1775552109752__arc_01,1775552157398,359593,0,1,1,0,0,32768,0,4,resistive,electric_kettle,9,arc,,0
31.139385,5.087862,-12.163149,-63.269096,0.005245,0.019307,0.9741,16.143253,0.195498,0.278638,222.829,5.71921,27.895,0,electric_kettle,sess_1775552109752__arc_01,1775552157424,359689,1,1,1,0,1,32768,0,4,resistive,electric_kettle,9,arc,,0
32.389912,10.799035,-5.106671,-64.181862,2.045211,0.011611,2.7734,16.351532,0.677772,0.181755,222.829,5.80237,27.895,0,electric_kettle,sess_1775552109752__arc_01,1775552157519,359782,1,1,1,0,6,32768,0,4,resistive,electric_kettle,9,arc,,0
31.958462,11.883121,-4.135425,-63.536972,1.493894,0.013709,1.2313,16.292303,0.64218,0.029345,222.829,5.788748,27.895,0,electric_kettle,sess_1775552109752__arc_01,1775552157627,359883,1,1,1,0,12,32768,0,4,resistive,electric_kettle,9,arc,,0
29.537577,8.350574,-9.987585,-50.626713,4.032454,0.004704,1.5872,16.339067,0.865762,0.144824,223.208,5.848357,27.891,0,electric_kettle,sess_1775552109752__arc_01,1775552157928,360172,1,1,1,0,17,32768,0,4,resistive,electric_kettle,9,arc,,0
27.784876,12.485018,-3.629108,-61.762108,1.581156,0.039714,1.0265,14.806644,0.849553,0.213961,223.208,5.748251,27.891,0,electric_kettle,sess_1775552109752__arc_01,1775552158000,360267,1,1,1,0,20,32768,0,4,resistive,electric_kettle,9,arc,,0
32.24221,10.454771,-5.484612,-49.853382,15.013114,0.100679,168.8717,16.275883,1.085515,0.060011,223.208,5.775848,27.891,0,electric_kettle,sess_1775552109752__arc_01,1775552158109,360363,1,1,1,0,20,32768,0,4,resistive,electric_kettle,9,arc,,0
35.454918,11.056218,-4.879508,-62.256935,2.818503,0.010145,2.9085,16.312342,0.654238,0.124725,223.208,5.83348,27.891,0,electric_kettle,sess_1775552109752__arc_01,1775552158430,360465,1,1,1,0,20,32768,0,4,resistive,electric_kettle,9,arc,,0
31.088451,12.445477,-4.510348,-59.787216,0.001704,0.015885,0.7072,15.669254,0.8671,0.295484,223.391,5.676592,27.891,0,electric_kettle,sess_1775552109752__arc_01,1775552158457,360658,1,1,1,0,20,32768,0,4,resistive,electric_kettle,9,arc,,0
29.987064,9.940844,-7.053152,-57.136551,3.100535,0.001963,2.8811,15.924313,0.355567,0.05806,223.391,5.650226,27.891,0,electric_kettle,sess_1775552109752__arc_01,1775552158488,360752,1,1,1,0,20,32768,0,4,resistive,electric_kettle,9,arc,,0
29.683453,8.63456,-7.368275,-49.008896,4.412222,0.098893,2.3368,16.177763,0.491076,0.053833,223.391,5.625892,27.891,0,electric_kettle,sess_1775552109752__arc_01,1775552158583,360845,1,1,1,0,20,32768,0,4,resistive,electric_kettle,9,arc,,0
28.972383,4.109773,-12.43556,-64.135895,4.132181,0.003167,1.0837,15.646682,0.735871,0.027949,223.391,5.613313,27.891,0,electric_kettle,sess_1775552109752__arc_01,1775552158678,360946,1,1,1,0,20,32768,0,4,resistive,electric_kettle,9,arc,,0
29.538027,11.548412,-5.539548,-63.984818,0.001154,0.005437,0.8601,15.937284,0.2772,0.206058,223.661,5.816953,27.888,0,electric_kettle,sess_1775552109752__arc_01,1775552159489,361531,1,1,1,0,20,32768,0,4,resistive,electric_kettle,9,arc,,0
31.387917,7.905054,-9.428607,-59.44236,0.060179,0.040417,2.4318,15.950417,0.686102,0.12776,223.661,5.643284,27.888,0,electric_kettle,sess_1775552109752__arc_01,1775552159506,361720,1,1,1,0,20,32768,0,4,resistive,electric_kettle,9,arc,,0
34.10611,12.175206,-6.173799,-50.684792,3.743732,0.04655,1.4526,15.383038,0.743885,0.643263,223.661,5.933694,27.888,0,electric_kettle,sess_1775552109752__arc_01,1775552159545,361814,1,1,1,0,20,32768,0,4,resistive,electric_kettle,9,arc,,0
39.477669,12.519772,-3.622139,-48.323952,6.126988,0.041092,0,15.602888,0.691495,0.329864,223.661,5.777109,27.888,0,electric_kettle,sess_1775552109752__arc_01,1775552159640,361907,1,1,1,0,20,32768,0,4,resistive,electric_kettle,9,arc,,0
29.667101,11.073753,-5.017574,-49.55328,4.675931,0.040262,0,15.924655,0.643691,0.08488,223.661,5.73788,27.888,0,electric_kettle,sess_1775552109752__arc_01,1775552159749,362006,1,1,1,0,20,32768,0,4,resistive,electric_kettle,9,arc,,0
29.562246,13.124738,-4.007283,-63.363625,0.00105,0.011803,0.5889,16.581554,0.270539,0.056031,223.712,5.797734,27.888,0,electric_kettle,sess_1775552109752__arc_01,1775552160026,362299,1,1,1,0,20,32768,0,4,resistive,electric_kettle,9,arc,,0
34.940521,11.351156,-4.812959,-63.245392,1.483901,0.058435,0.7515,16.6273,0.928227,0.043977,223.712,5.777337,27.888,1,electric_kettle,sess_1775552109752__arc_01,1775552160137,362392,1,1,1,0,20,32768,0,4,resistive,electric_kettle,9,arc,,0
32.036133,12.055367,-4.068837,-62.391235,1.330214,0.069811,1.1223,16.370537,0.529769,0.212307,223.712,5.679211,27.888,1,electric_kettle,sess_1775552109752__arc_01,1775552160245,362492,1,1,1,0,20,32768,0,4,resistive,electric_kettle,9,arc,,0
32.036133,12.055367,-4.068837,-62.391235,1.330214,0.069811,1.1223,16.370537,0.529769,0.212307,223.719,0,27.886,0,electric_kettle,sess_1775552109752__arc_01,1775552160542,362814,0,1,1,0,18,32768,0,4,resistive,electric_kettle,9,arc,,0
32.036133,12.055367,-4.068837,-62.391235,1.330214,0.069811,1.1223,16.370537,0.529769,0.212307,223.719,0,27.886,0,electric_kettle,sess_1775552109752__arc_01,1775552160599,362874,0,1,1,0,10,32768,0,4,resistive,electric_kettle,9,arc,,0
33.789818,6.827011,-11.59122,-56.803604,0,0,8.1915,15.198225,0,2.163746,223.719,4.093319,27.886,1,electric_kettle,sess_1775552109752__arc_01,1775552160679,362941,0,1,1,0,0,32768,0,4,resistive,electric_kettle,9,arc,,0
33.11393,12.612262,-0.286885,-58.478313,3.895364,0.075125,28.3253,16.381821,0.649856,5.097665,223.719,5.762634,27.886,1,electric_kettle,sess_1775552109752__arc_01,1775552160773,363040,0,1,1,0,0,32768,0,4,resistive,electric_kettle,9,arc,,0
29.88063,12.541742,-4.231718,-52.237949,0.011759,0.030747,1.4809,15.954395,0.614994,0.032605,223.52,5.800036,27.888,0,electric_kettle,sess_1775552109752__arc_01,1775552161053,363240,0,1,1,0,0,32768,0,4,resistive,electric_kettle,9,arc,,0
29.680422,12.173323,-5.078146,-64.383339,0.035102,0.010208,0.482,16.346331,0.169963,0.231735,223.52,5.692511,27.888,0,electric_kettle,sess_1775552109752__arc_01,1775552161057,363333,0,1,1,0,0,32768,0,4,resistive,electric_kettle,9,arc,,0
32.43494,8.143256,-8.067121,-64.333916,0.544097,0.035924,0.5791,16.633234,0.997464,0.151041,223.52,5.623726,27.888,0,electric_kettle,sess_1775552109752__arc_01,1775552161164,363426,0,1,1,0,0,32768,0,4,resistive,electric_kettle,9,arc,,0
30.547249,8.322853,-7.946689,-62.883877,2.715447,0.476588,0.7828,15.616284,0.848671,0.060113,223.52,5.650771,27.888,0,electric_kettle,sess_1775552109752__arc_01,1775552161272,363526,0,1,1,0,0,32768,0,4,resistive,electric_kettle,9,arc,,0
32.13401,12.788185,-3.9302,-63.132568,0.002,0.015666,1.0702,16.065624,0.168237,0.062904,223.52,5.708768,27.887,0,electric_kettle,sess_1775552109752__arc_01,1775552161521,363724,0,1,1,0,0,32768,0,4,resistive,electric_kettle,9,arc,,0
29.205673,9.319955,-7.549336,-56.167927,8.511678,0.042293,3.9448,15.823503,0.740226,0.270067,223.52,5.585428,27.887,0,electric_kettle,sess_1775552109752__arc_01,1775552161547,363817,0,1,1,0,0,32768,0,4,resistive,electric_kettle,9,arc,,0
30.541185,4.24807,-15.529289,-61.336082,2.996037,0.098669,0.5551,15.803028,0.939771,0.174173,223.56,5.663255,27.887,0,electric_kettle,sess_1775552109752__arc_01,1775552161644,363910,0,1,1,0,0,32768,0,4,resistive,electric_kettle,9,arc,,0
32.201759,4.019284,-16.716248,-61.112003,12.12793,0.040946,0.9797,17.019674,0.903903,0.014101,223.56,5.656866,27.887,0,electric_kettle,sess_1775552109752__arc_01,1775552161753,364010,0,1,1,0,0,32768,0,4,resistive,electric_kettle,9,arc,,0
33.210915,3.88324,-17.610214,-62.858776,1.874954,0.038387,0.8535,15.927855,0.946499,0.117521,223.56,5.603682,27.892,0,electric_kettle,sess_1775552109752__arc_01,1775552162027,364110,0,1,1,0,0,32768,0,4,resistive,electric_kettle,9,arc,,0
27.403233,12.493376,-4.225629,-53.736824,0.901004,0.053175,3.3166,16.009794,0.50898,0.15698,223.56,5.743116,27.892,0,electric_kettle,sess_1775552109752__arc_01,1775552162054,364307,0,1,1,0,0,32768,0,4,resistive,electric_kettle,9,arc,,0
32.997177,4.287201,-12.193932,-64.420921,1.239935,0.360843,0.6619,16.256636,0.993523,0.247164,223.592,5.629557,27.892,0,electric_kettle,sess_1775552109752__arc_01,1775552162138,364402,0,1,1,0,0,32768,0,4,resistive,electric_kettle,9,arc,,0
34.581631,4.528403,-11.702969,-61.697769,10.980812,0.026786,0.6266,16.561979,0.86803,0.091881,223.592,5.588177,27.892,0,electric_kettle,sess_1775552109752__arc_01,1775552162247,364501,0,1,1,0,0,32768,0,4,resistive,electric_kettle,9,arc,,0
32.949757,4.33706,-12.113554,-61.539227,1.74809,0.045576,0.9189,17.107849,1.017187,0.007683,223.592,5.584742,27.892,0,electric_kettle,sess_1775552109752__arc_01,1775552162341,364601,0,1,1,0,0,32768,0,4,resistive,electric_kettle,9,arc,,0
28.171459,9.444508,-7.7742,-45.727726,5.600497,0.00763,3.4813,16.1665,0.659345,0.026762,223.592,5.677505,27.889,0,electric_kettle,sess_1775552109752__arc_01,1775552162556,364800,1,1,1,0,1,32768,0,4,resistive,electric_kettle,9,arc,,0
