spectral_flux_midhf,residual_crest_factor,edge_spike_ratio,midband_residual_ratio,cycle_nmse,peak_fluct_cv,thd_i,hf_energy_delta,zcv,abs_irms_zscore_vs_baseline,v_rms,i_rms,temp_c,label_arc,load_type,session_id,epoch_ms,uptime_ms,model_pred,feat_valid,current_valid,fault_state,arc_counter,adc_fs_hz,auto_capture,feature_space_version
0.000000,0.000000,0.000000,0.000000,0.000000,0.000000,0.0000,0.000000,0.000000,0.000000,228.446,0.000000,27.635,0,Electric_Kettle,sess_1775549807051,1775549821330,27808,0,0,1,0,0,32768.00,0,4
0.000000,0.000000,0.000000,0.000000,0.000000,0.000000,0.0000,0.000000,0.000000,0.000000,228.446,0.000000,27.635,0,Electric_Kettle,sess_1775549807051,1775549821347,27997,0,0,1,0,0,32768.00,0,4
0.000000,0.000000,0.000000,0.000000,0.000000,0.000000,0.0000,0.000000,0.000000,0.000000,228.446,0.000000,27.635,0,Electric_Kettle,sess_1775549807051,1775549821413,28059,0,0,1,0,0,32768.00,0,4
0.000000,0.000000,0.000000,0.000000,0.000000,0.000000,0.0000,0.000000,0.000000,0.000000,228.446,0.000000,27.635,0,Electric_Kettle,sess_1775549807051,1775549821468,28127,0,0,1,0,0,32768.00,0,4
0.000000,0.000000,0.000000,0.000000,0.000000,0.000000,0.0000,0.000000,0.000000,0.000000,228.446,0.000000,27.635,0,Electric_Kettle,sess_1775549807051,1775549821536,28196,0,0,1,0,0,32768.00,0,4
0.000000,0.000000,0.000000,0.000000,0.000000,0.000000,0.0000,0.000000,0.000000,0.000000,228.446,0.000000,27.635,0,Electric_Kettle,sess_1775549807051,1775549821604,28263,0,0,1,0,0,32768.00,0,4
0.000000,0.000000,0.000000,0.000000,0.000000,0.000000,0.0000,0.000000,0.000000,0.000000,228.446,0.000000,27.628,0,Electric_Kettle,sess_1775549807051,1775549821889,28333,0,0,1,0,0,32768.00,0,4
0.000000,0.000000,0.000000,0.000000,0.000000,0.000000,0.0000,0.000000,0.000000,0.000000,228.332,0.000000,27.628,0,Electric_Kettle,sess_1775549807051,1775549821915,28528,0,0,1,0,0,32768.00,0,4
0.000000,0.000000,0.000000,0.000000,0.000000,0.000000,0.0000,0.000000,0.000000,0.000000,228.332,0.000000,27.628,0,Electric_Kettle,sess_1775549807051,1775549821919,28591,0,0,1,0,0,32768.00,0,4
0.000000,0.000000,0.000000,0.000000,0.000000,0.000000,0.0000,0.000000,0.000000,0.000000,228.332,0.000000,27.628,0,Electric_Kettle,sess_1775549807051,1775549821985,28654,0,0,1,0,0,32768.00,0,4
0.000000,0.000000,0.000000,0.000000,0.000000,0.000000,0.0000,0.000000,0.000000,0.000000,228.332,0.000000,27.628,0,Electric_Kettle,sess_1775549807051,1775549822080,28723,0,0,1,0,0,32768.00,0,4
0.000000,0.000000,0.000000,0.000000,0.000000,0.000000,0.0000,0.000000,0.000000,0.000000,228.332,0.000000,27.628,0,Electric_Kettle,sess_1775549807051,1775549822134,28792,0,0,1,0,0,32768.00,0,4
0.000000,0.000000,0.000000,0.000000,0.000000,0.000000,0.0000,0.000000,0.000000,0.000000,228.365,0.000000,27.632,0,Electric_Kettle,sess_1775549807051,1775549822435,29052,0,0,1,0,0,32768.00,0,4
0.000000,0.000000,0.000000,0.000000,0.000000,0.000000,0.0000,0.000000,0.000000,0.000000,228.365,0.000000,27.632,0,Electric_Kettle,sess_1775549807051,1775549822439,29115,0,0,1,0,0,32768.00,0,4
0.000000,0.000000,0.000000,0.000000,0.000000,0.000000,0.0000,0.000000,0.000000,0.000000,228.365,0.000000,27.632,0,Electric_Kettle,sess_1775549807051,1775549822518,29178,0,0,1,0,0,32768.00,0,4
0.000000,0.000000,0.000000,0.000000,0.000000,0.000000,0.0000,0.000000,0.000000,0.000000,228.365,0.000000,27.632,0,Electric_Kettle,sess_1775549807051,1775549822599,29247,0,0,1,0,0,32768.00,0,4
0.000000,0.000000,0.000000,0.000000,0.000000,0.000000,0.0000,0.000000,0.000000,0.000000,228.365,0.000000,27.632,0,Electric_Kettle,sess_1775549807051,1775549822653,29316,0,0,1,0,0,32768.00,0,4
0.000000,0.000000,0.000000,0.000000,0.000000,0.000000,0.0000,0.000000,0.000000,0.000000,228.495,0.000000,27.629,0,Electric_Kettle,sess_1775549807051,1775549822951,29577,0,0,1,0,0,32768.00,0,4
0.000000,0.000000,0.000000,0.000000,0.000000,0.000000,0.0000,0.000000,0.000000,0.000000,228.495,0.000000,27.629,0,Electric_Kettle,sess_1775549807051,1775549822968,29639,0,0,1,0,0,32768.00,0,4
0.000000,0.000000,0.000000,0.000000,0.000000,0.000000,0.0000,0.000000,0.000000,0.000000,228.495,0.000000,27.629,0,Electric_Kettle,sess_1775549807051,1775549823036,29703,0,0,1,0,0,32768.00,0,4
0.000000,0.000000,0.000000,0.000000,0.000000,0.000000,0.0000,0.000000,0.000000,0.000000,228.495,0.000000,27.629,0,Electric_Kettle,sess_1775549807051,1775549823117,29771,0,0,1,0,0,32768.00,0,4
0.000000,0.000000,0.000000,0.000000,0.000000,0.000000,0.0000,0.000000,0.000000,0.000000,228.495,0.000000,27.629,0,Electric_Kettle,sess_1775549807051,1775549823171,29840,0,0,1,0,0,32768.00,0,4
0.000000,0.000000,0.000000,0.000000,0.000000,0.000000,0.0000,0.000000,0.000000,0.000000,228.495,2.750109,27.625,0,Electric_Kettle,sess_1775549807051,1775549823431,30038,0,0,1,0,0,32768.00,0,4
0.000000,4.471324,18.433317,-19.192305,10.517742,0.779954,2.0832,15.671305,0.803383,25.000000,228.652,5.726932,27.625,0,Electric_Kettle,sess_1775549807051,1775549823474,30110,0,1,1,0,0,32768.00,0,4
32.154510,9.547408,-6.263335,-62.629757,1.612482,0.002126,0.6436,15.555407,0.870934,0.448998,228.652,5.932642,27.625,0,Electric_Kettle,sess_1775549807051,1775549823566,30204,0,1,1,0,0,32768.00,0,4
30.511761,3.930723,-13.583611,-63.204727,4.149024,0.080481,0.4781,14.764756,0.668194,0.224077,228.652,5.826293,27.625,0,Electric_Kettle,sess_1775549807051,1775549823673,30303,0,1,1,0,0,32768.00,0,4
30.628771,12.699189,-4.570345,-64.075363,0.062488,0.040563,0.7594,15.155167,0.268254,0.215425,228.652,5.870895,27.623,0,Electric_Kettle,sess_1775549807051,1775549823966,30599,0,1,1,0,0,32768.00,0,4
33.672165,4.242758,-24.916004,-62.893177,0.538140,0.030785,0.4104,15.846447,0.399609,0.295162,228.780,5.732265,27.623,0,Electric_Kettle,sess_1775549807051,1775549824077,30694,0,1,1,0,0,32768.00,0,4
29.870003,9.155900,-6.821470,-65.842499,4.175041,0.094197,0.9700,15.625997,0.886354,0.009684,228.780,5.736706,27.623,0,Electric_Kettle,sess_1775549807051,1775549824157,30792,0,1,1,0,0,32768.00,0,4
37.441914,9.426634,-7.767983,-46.644753,2.175484,0.039137,7.5768,16.371552,0.732924,0.186914,228.780,5.854943,27.629,0,Electric_Kettle,sess_1775549807051,1775549824482,31084,0,1,1,0,0,32768.00,0,4
34.393768,4.573607,-18.448067,-61.067081,5.658014,0.052150,1.1159,16.742275,0.719551,0.249211,228.575,5.738214,27.629,0,Electric_Kettle,sess_1775549807051,1775549824539,31178,0,1,1,0,0,32768.00,0,4
32.902878,12.237844,-3.557742,-64.151459,1.676470,0.047705,0.4304,15.831872,0.825362,0.289658,228.575,5.871183,27.629,0,Electric_Kettle,sess_1775549807051,1775549824647,31274,0,1,1,0,0,32768.00,0,4
30.737417,12.758448,-3.166971,-62.192516,2.478408,0.035898,0.8793,15.330509,0.482060,0.029086,228.575,5.857522,27.622,0,Electric_Kettle,sess_1775549807051,1775549824984,31374,0,1,1,0,0,32768.00,0,4
32.694897,3.454038,-14.700270,-63.346802,0.075954,0.143796,1.6837,15.531840,0.162296,0.002715,227.996,5.775125,27.622,0,Electric_Kettle,sess_1775549807051,1775549825010,31569,0,1,1,0,0,32768.00,0,4
29.010069,11.305506,-5.671553,-62.998741,0.023631,0.006246,0.7608,17.018965,0.353754,0.391678,227.996,5.956084,27.622,0,Electric_Kettle,sess_1775549807051,1775549825014,31663,0,1,1,0,0,32768.00,0,4
32.744263,12.442156,-3.479647,-60.878300,10.180861,0.127338,2.2987,16.371944,0.710003,0.059562,227.996,5.927704,27.622,0,Electric_Kettle,sess_1775549807051,1775549825121,31756,0,1,1,0,0,32768.00,0,4
30.904829,12.101393,-3.846100,-63.378124,1.679001,0.062942,1.5354,15.744293,0.754050,0.033376,227.996,5.943532,27.622,0,Electric_Kettle,sess_1775549807051,1775549825228,31856,0,1,1,0,0,32768.00,0,4
33.632011,11.844767,-5.313268,-64.937599,0.002713,0.113582,0.7298,16.492313,0.280083,0.079606,227.996,5.949775,27.621,0,Electric_Kettle,sess_1775549807051,1775549825502,32055,1,1,1,0,1,32768.00,0,4
30.487787,13.056629,-4.063054,-65.292519,0.003647,0.071788,0.6247,15.494730,0.278302,0.019223,227.330,5.940625,27.621,0,Electric_Kettle,sess_1775549807051,1775549825517,32148,1,1,1,0,2,32768.00,0,4
31.750572,12.123497,-4.105721,-64.031151,2.553058,0.027361,0.7131,15.709303,0.826931,0.296333,227.330,5.799793,27.621,0,Electric_Kettle,sess_1775549807051,1775549825613,32241,1,1,1,0,8,32768.00,0,4
31.509674,12.391286,-3.533672,-61.594959,3.635760,0.121164,1.0091,15.931845,0.630201,0.066097,227.330,5.830461,27.621,0,Electric_Kettle,sess_1775549807051,1775549825721,32341,1,1,1,0,14,32768.00,0,4
33.553436,10.202895,-6.816410,-65.712173,2.143692,0.112467,1.8105,15.161526,0.531373,0.206409,227.330,5.754492,27.615,0,Electric_Kettle,sess_1775549807051,1775549825986,32542,1,1,1,0,18,32768.00,0,4
29.931725,7.142084,-10.112125,-64.229424,0.001518,0.041093,0.9102,17.152769,0.228565,0.230356,227.330,5.860538,27.615,0,Electric_Kettle,sess_1775549807051,1775549826000,32637,1,1,1,0,19,32768.00,0,4
33.598259,11.080904,-4.863410,-66.320923,2.628746,0.045524,4.0533,15.364807,0.776473,0.137079,226.824,5.924807,27.615,0,Electric_Kettle,sess_1775549807051,1775549826098,32730,1,1,1,0,20,32768.00,0,4
31.025219,6.483839,-9.902020,-64.073631,1.416349,0.018453,1.6465,16.192509,0.539308,0.283463,226.824,5.790450,27.615,0,Electric_Kettle,sess_1775549807051,1775549826206,32829,1,1,1,0,20,32768.00,0,4
31.656984,4.053542,-18.876612,-64.394768,0.449066,0.049407,0.5070,15.127711,0.999347,0.053825,226.824,5.765516,27.612,0,Electric_Kettle,sess_1775549807051,1775549826540,32927,0,1,1,0,18,32768.00,0,4
30.482079,6.403291,-12.919512,-59.870876,0.098825,0.003209,1.0122,16.274195,0.459816,0.316251,226.422,5.861211,27.612,0,Electric_Kettle,sess_1775549807051,1775549826567,33120,1,1,1,0,19,32768.00,0,4
31.187788,11.316761,-5.834544,-64.521545,0.018526,0.097908,0.6775,16.600121,0.297236,0.144030,226.422,5.928746,27.612,0,Electric_Kettle,sess_1775549807051,1775549826571,33213,1,1,1,0,20,32768.00,0,4
31.061539,12.346664,-3.651029,-63.435623,1.356726,0.051916,0.9338,15.298085,0.741835,0.068813,226.422,5.896108,27.612,0,Electric_Kettle,sess_1775549807051,1775549826678,33306,1,1,1,0,20,32768.00,0,4
34.687046,12.211989,-3.752908,-46.934715,3.655481,0.072209,0.0000,16.412441,0.563032,0.008842,226.422,5.900279,27.612,0,Electric_Kettle,sess_1775549807051,1775549826786,33406,1,1,1,0,20,32768.00,0,4
31.646406,4.849551,-21.109915,-59.278675,4.178378,0.061771,2.6769,16.719320,0.731026,0.202936,226.422,5.723385,27.606,0,Electric_Kettle,sess_1775549807051,1775549827023,33602,0,1,1,0,18,32768.00,0,4
29.367947,10.729594,-6.119155,-54.924198,5.154406,0.065975,0.7678,15.958591,1.058602,0.450578,226.517,5.929692,27.606,0,Electric_Kettle,sess_1775549807051,1775549827077,33696,1,1,1,0,15,32768.00,0,4
34.488770,12.234407,-3.824634,-64.287918,2.001079,0.002697,2.5307,14.586123,0.617085,0.134252,226.517,5.866006,27.606,0,Electric_Kettle,sess_1775549807051,1775549827160,33789,1,1,1,0,20,32768.00,0,4
32.979439,12.272388,-3.572247,-63.097687,1.973978,0.028861,45.3788,15.982534,0.744891,0.126579,226.517,5.925407,27.606,0,Electric_Kettle,sess_1775549807051,1775549827255,33889,1,1,1,0,20,32768.00,0,4
29.521435,12.674123,-4.284683,-59.032074,0.046487,0.010620,1.1069,15.774746,0.512205,0.266166,226.517,5.825574,27.603,0,Electric_Kettle,sess_1775549807051,1775549827513,34090,1,1,1,0,20,32768.00,0,4
34.453903,10.793617,-9.247107,-46.902580,7.203593,0.041024,97.3193,15.925068,0.875292,0.249403,226.517,5.709341,27.603,0,Electric_Kettle,sess_1775549807051,1775549827566,34184,1,1,1,0,20,32768.00,0,4
36.382820,3.952347,-21.452532,-64.592827,2.467566,0.042044,0.5306,15.382755,0.671060,0.032745,226.649,5.724297,27.603,0,Electric_Kettle,sess_1775549807051,1775549827651,34277,0,1,1,0,18,32768.00,0,4
32.987331,5.887022,-10.306359,-62.668144,8.869506,0.052888,0.2977,15.499680,0.940106,0.106899,226.649,5.675343,27.603,0,Electric_Kettle,sess_1775549807051,1775549827745,34376,1,1,1,0,11,32768.00,0,4
33.607967,3.725493,-17.628902,-63.456425,0.065191,0.089288,1.1161,14.993256,0.189750,0.130453,226.501,5.769253,27.609,0,Electric_Kettle,sess_1775549807051,1775549828304,34944,0,1,1,0,13,32768.00,0,4
35.286472,8.594973,-8.566835,-49.460052,0.818113,0.071565,2.3132,15.774891,1.005034,0.095271,226.501,5.801327,27.603,0,Electric_Kettle,sess_1775549807051,1775549828548,35135,1,1,1,0,10,32768.00,0,4
29.351461,10.152241,-6.980125,-54.510818,10.512500,0.422646,0.5407,15.714003,0.936690,0.035858,226.501,5.817969,27.603,0,Electric_Kettle,sess_1775549807051,1775549828601,35229,1,1,1,0,13,32768.00,0,4
33.784962,12.818705,-3.041783,-47.863899,1.308104,0.073138,0.0000,15.166321,0.610131,0.036487,226.501,5.834952,27.603,0,Electric_Kettle,sess_1775549807051,1775549828709,35323,1,1,1,0,19,32768.00,0,4
37.932144,12.179214,-3.708822,-66.147614,3.156522,0.208135,4.3571,16.257423,0.655559,0.108155,226.501,5.885438,27.603,0,Electric_Kettle,sess_1775549807051,1775549828790,35422,1,1,1,0,20,32768.00,0,4
29.172066,11.171899,-6.338491,-66.616913,0.002737,0.052465,1.4473,18.000000,0.138078,0.317576,226.205,5.757687,27.612,0,Electric_Kettle,sess_1775549807051,1775549829075,35716,1,1,1,0,20,32768.00,0,4
31.250811,4.892078,-11.499399,-63.814171,1.936939,0.037308,0.6197,16.356798,0.919869,0.051975,226.205,5.733746,27.612,0,Electric_Kettle,sess_1775549807051,1775549829183,35809,1,1,1,0,20,32768.00,0,4
30.227852,6.080417,-10.310225,-64.036858,1.179469,0.057314,0.5741,15.577907,0.598507,0.158831,226.205,5.660890,27.612,0,Electric_Kettle,sess_1775549807051,1775549829291,35909,1,1,1,0,20,32768.00,0,4
30.719366,3.247347,-17.041756,-61.981056,0.262029,0.175398,0.6759,16.483376,0.544253,0.142210,226.009,5.636605,27.612,0,Electric_Kettle,sess_1775549807051,1775549829594,36201,0,1,1,0,18,32768.00,0,4
32.277794,10.553078,-8.133892,-47.981602,14.348395,0.041859,2.1827,16.689270,1.289785,0.600518,226.009,5.907396,27.612,0,Electric_Kettle,sess_1775549807051,1775549829660,36294,1,1,1,0,13,32768.00,0,4
33.523724,12.017723,-4.189766,-64.996208,3.446706,0.035069,0.9151,15.998467,0.693384,0.228923,226.009,5.799209,27.612,0,Electric_Kettle,sess_1775549807051,1775549829769,36390,1,1,1,0,19,32768.00,0,4
32.949383,9.390362,-9.317953,-55.001595,3.970324,0.083681,5.7202,16.467566,0.486943,0.185358,225.860,5.717066,27.603,0,Electric_Kettle,sess_1775549807051,1775549830107,36683,1,1,1,0,20,32768.00,0,4
28.640560,3.790041,-20.510645,-59.131058,9.429302,0.009147,2.2811,16.625336,1.107683,0.025432,225.860,5.728698,27.603,0,Electric_Kettle,sess_1775549807051,1775549830136,36776,1,1,1,0,20,32768.00,0,4
32.525394,6.671860,-9.298839,-62.092590,12.187991,0.096954,0.9081,15.174788,0.979385,0.313652,225.860,5.872444,27.603,0,Electric_Kettle,sess_1775549807051,1775549830231,36869,1,1,1,0,20,32768.00,0,4
32.087704,6.707736,-9.436033,-60.564362,1.198709,0.062365,1.9813,15.322935,0.865876,0.054888,225.860,5.898231,27.603,0,Electric_Kettle,sess_1775549807051,1775549830339,36969,1,1,1,0,20,32768.00,0,4
31.787592,8.879641,-10.235970,-52.477718,0.471127,0.022384,1.5759,15.817371,0.625653,0.208875,225.860,5.874125,27.606,0,Electric_Kettle,sess_1775549807051,1775549830558,37169,1,1,1,0,20,32768.00,0,4
29.297506,11.394016,-4.416944,-62.000294,1.576860,0.060361,0.6425,15.764636,0.780889,0.007468,225.579,5.870615,27.606,0,Electric_Kettle,sess_1775549807051,1775549830617,37262,1,1,1,0,20,32768.00,0,4
34.833508,3.888118,-12.476250,-62.506256,0.627762,0.059691,1.0906,14.860388,0.968420,0.122141,225.579,5.813252,27.606,0,Electric_Kettle,sess_1775549807051,1775549830725,37360,1,1,1,0,20,32768.00,0,4
31.123182,4.316217,-12.229905,-65.429413,2.468348,0.003506,0.6752,16.695475,0.971387,0.224748,225.579,5.708730,27.606,0,Electric_Kettle,sess_1775549807051,1775549830833,37459,1,1,1,0,20,32768.00,0,4
36.818558,3.602600,-13.681883,-46.900108,0.022707,0.040594,0.0000,15.578135,0.056605,0.255857,225.579,5.683253,27.606,0,Electric_Kettle,sess_1775549807051,1775549831105,37658,1,1,1,0,20,32768.00,0,4
34.207325,11.838472,-5.081544,-66.639290,0.000894,0.013578,0.7964,16.632109,0.286062,0.422610,225.431,5.875397,27.606,0,Electric_Kettle,sess_1775549807051,1775549831120,37753,1,1,1,0,20,32768.00,0,4
31.872004,12.551814,-3.332911,-63.287121,0.774378,0.015733,0.7412,15.622338,0.828950,0.054931,225.431,5.901217,27.606,0,Electric_Kettle,sess_1775549807051,1775549831216,37846,1,1,1,0,20,32768.00,0,4
31.360218,11.352562,-4.776282,-63.835800,0.883660,0.016168,2.3345,15.354205,0.506334,0.146356,225.431,5.832122,27.606,0,Electric_Kettle,sess_1775549807051,1775549831324,37945,1,1,1,0,20,32768.00,0,4
30.566696,9.247158,-10.150584,-61.654282,1.453289,0.012294,0.9385,15.111889,1.463055,0.326154,225.431,5.679948,27.605,0,Electric_Kettle,sess_1775549807051,1775549831667,38043,1,1,1,0,20,32768.00,0,4
29.767311,11.308996,-6.040981,-64.314323,0.001753,0.011165,0.8336,14.739891,0.127248,0.035655,225.303,5.746202,27.593,0,Electric_Kettle,sess_1775549807051,1775549832424,38814,1,1,1,0,20,32768.00,0,4
35.226562,10.029817,-6.067924,-40.838036,60.674267,0.099769,108.9277,15.006054,2.341297,0.044549,225.303,5.751810,27.593,0,Electric_Kettle,sess_1775549807051,1775549832614,39191,1,1,1,0,20,32768.00,0,4
38.581512,5.686363,-13.531522,-65.543732,0.655156,0.042422,1.4195,16.687172,0.342948,0.226709,225.303,5.647491,27.593,0,Electric_Kettle,sess_1775549807051,1775549832655,39290,1,1,1,0,20,32768.00,0,4
33.800957,10.953428,-4.765101,-65.416878,11.495884,0.046784,3.0408,16.254650,0.798211,0.474940,225.303,5.862069,27.590,0,Electric_Kettle,sess_1775549807051,1775549832938,39385,1,1,1,0,20,32768.00,0,4
32.324303,9.382980,-7.294843,-47.707500,1.699582,0.023201,9.6665,15.880217,0.914358,0.206087,225.406,5.612568,27.590,0,Electric_Kettle,sess_1775549807051,1775549833147,39772,1,1,1,0,20,32768.00,0,4
34.824089,8.488242,-7.592411,-61.675468,15.369412,0.055219,0.5504,16.041180,0.986143,0.204515,225.406,5.704397,27.590,0,Electric_Kettle,sess_1775549807051,1775549833231,39866,1,1,1,0,20,32768.00,0,4
29.735485,10.606729,-6.413810,-59.172264,8.025436,0.017221,0.4766,16.269363,0.894439,0.171893,225.406,5.855954,27.595,0,Electric_Kettle,sess_1775549807051,1775549833655,40259,1,1,1,0,20,32768.00,0,4
30.831331,12.355546,-3.850701,-47.557178,2.563311,0.010612,5.7771,16.535622,0.692756,0.255140,225.224,5.736427,27.595,0,Electric_Kettle,sess_1775549807051,1775549833738,40353,1,1,1,0,20,32768.00,0,4
38.484604,3.212241,-14.906888,-63.959053,0.008693,0.019514,0.7871,15.896186,0.181769,0.036073,225.085,5.743694,27.596,0,Electric_Kettle,sess_1775549807051,1775549834198,40840,0,1,1,0,18,32768.00,0,4
37.818634,10.822015,-5.315973,-44.208534,15.372680,0.296794,8.5099,15.242445,1.993760,0.181657,225.085,5.588808,27.593,0,Electric_Kettle,sess_1775549807051,1775549834670,41222,1,1,1,0,9,32768.00,0,4
34.747002,12.072662,-3.888094,-63.330734,2.690745,0.417927,2.8415,15.038065,0.611419,0.244447,225.085,5.698101,27.593,0,Electric_Kettle,sess_1775549807051,1775549834697,41319,1,1,1,0,10,32768.00,0,4
34.367161,10.348671,-5.530341,-63.692226,1.274669,0.051174,0.9931,15.249972,0.693990,0.274679,224.969,5.823313,27.593,0,Electric_Kettle,sess_1775549807051,1775549834781,41416,1,1,1,0,16,32768.00,0,4
31.534349,10.547884,-5.497148,-50.493256,9.013921,0.304141,2.2286,15.827005,2.106115,0.412680,224.969,5.673687,27.598,0,Electric_Kettle,sess_1775549807051,1775549835225,41803,1,1,1,0,18,32768.00,0,4
36.006268,5.825361,-11.439662,-50.190392,1.097269,0.415709,0.0000,16.783649,0.451730,0.209401,224.538,5.578641,27.598,0,Electric_Kettle,sess_1775549807051,1775549835256,41904,1,1,1,0,20,32768.00,0,4
30.831179,13.052366,-3.969895,-66.091179,0.001584,0.039360,0.6886,15.121758,0.278120,0.094724,224.538,5.855905,27.603,0,Electric_Kettle,sess_1775549807051,1775549835550,42192,1,1,1,0,20,32768.00,0,4
34.111485,11.669259,-4.496221,-62.269218,1.368205,0.055763,0.7433,16.148842,0.885614,0.195315,224.538,5.764405,27.603,0,Electric_Kettle,sess_1775549807051,1775549835658,42285,1,1,1,0,20,32768.00,0,4
31.783834,12.171898,-3.863221,-63.014027,2.127689,0.046489,0.9342,16.143391,0.515459,0.068251,224.185,5.732931,27.603,0,Electric_Kettle,sess_1775549807051,1775549835767,42385,1,1,1,0,20,32768.00,0,4
29.827198,12.128200,-4.275492,-50.675755,4.984209,0.014538,2.8439,18.000000,0.532251,0.098438,224.185,5.764486,27.610,0,Electric_Kettle,sess_1775549807051,1775549836084,42675,1,1,1,0,20,32768.00,0,4
28.542873,8.357880,-8.754446,-56.108433,7.535413,1.137413,2.5447,15.870918,0.818941,0.436421,224.185,5.563226,27.610,0,Electric_Kettle,sess_1775549807051,1775549836137,42769,1,1,1,0,20,32768.00,0,4
33.860176,7.871239,-7.993130,-63.678497,3.135524,0.043035,0.4123,15.992596,0.588043,0.443774,224.185,5.760732,27.610,0,Electric_Kettle,sess_1775549807051,1775549836246,42864,1,1,1,0,20,32768.00,0,4
31.456228,4.525718,-11.678277,-62.524704,1.847110,0.081226,0.6355,15.974968,0.810274,0.026183,223.917,5.748665,27.612,0,Electric_Kettle,sess_1775549807051,1775549836510,42963,1,1,1,0,20,32768.00,0,4
30.538937,11.598217,-5.105858,-55.448906,1.186735,0.071293,8.4893,15.602451,0.488987,0.162316,223.917,5.725735,27.612,0,Electric_Kettle,sess_1775549807051,1775549836537,43159,1,1,1,0,20,32768.00,0,4
34.258591,3.967848,-16.089430,-61.981312,2.264811,0.127921,0.7775,15.651686,0.936395,0.084629,223.917,5.686970,27.612,0,Electric_Kettle,sess_1775549807051,1775549836618,43254,0,1,1,0,18,32768.00,0,4
30.584913,7.039989,-9.169673,-63.553284,2.743358,0.034434,0.6491,15.039608,0.708482,0.212278,223.917,5.590393,27.612,0,Electric_Kettle,sess_1775549807051,1775549836727,43352,1,1,1,0,9,32768.00,0,4
32.610291,5.657094,-10.361372,-60.424271,10.065411,0.061535,0.6199,15.956913,0.940388,0.092311,223.924,5.631677,27.612,0,Electric_Kettle,sess_1775549807051,1775549836812,43452,1,1,1,0,14,32768.00,0,4
35.197876,9.519500,-6.739018,-47.354668,0.943671,0.050848,4.6783,16.575195,0.478296,0.432676,223.924,5.816593,27.612,0,Electric_Kettle,sess_1775549807051,1775549837060,43651,1,1,1,0,17,32768.00,0,4
28.446871,11.466520,-5.274136,-44.051857,11.253447,0.005344,3.0784,15.824290,1.186161,0.208082,223.924,5.913420,27.612,0,Electric_Kettle,sess_1775549807051,1775549837113,43746,1,1,1,0,20,32768.00,0,4
32.739437,12.587786,-3.562506,-62.140587,1.049123,0.020253,1.1096,15.809868,0.569847,0.316050,223.924,5.763905,27.612,0,Electric_Kettle,sess_1775549807051,1775549837221,43841,1,1,1,0,20,32768.00,0,4
31.790548,12.114629,-3.706346,-61.415592,3.122952,0.035289,1.5277,15.357867,0.805967,0.198809,223.924,5.855578,27.612,0,Electric_Kettle,sess_1775549807051,1775549837302,43939,1,1,1,0,20,32768.00,0,4
31.686310,11.402815,-5.612628,-52.424934,1.546831,0.040567,1.2744,16.099445,0.790861,0.116212,224.013,5.929503,27.616,0,Electric_Kettle,sess_1775549807051,1775549837559,44138,1,1,1,0,20,32768.00,0,4
29.229141,12.409098,-4.080876,-47.091427,11.917607,0.100685,4.4777,16.184385,1.136478,0.264324,224.013,5.804118,27.616,0,Electric_Kettle,sess_1775549807051,1775549837612,44231,1,1,1,0,20,32768.00,0,4
34.148689,4.289400,-12.709520,-61.852043,2.024143,0.003638,0.3937,16.530380,0.981011,0.376626,224.013,5.629239,27.616,0,Electric_Kettle,sess_1775549807051,1775549837693,44326,1,1,1,0,20,32768.00,0,4
33.690960,4.072530,-13.682344,-59.760761,11.439775,0.084760,0.7062,15.569752,0.867105,0.027009,224.013,5.641402,27.616,0,Electric_Kettle,sess_1775549807051,1775549837788,44426,1,1,1,0,20,32768.00,0,4
30.162769,5.576835,-11.810803,-63.724518,1.832610,0.031011,1.0228,16.123291,0.467159,0.012884,224.085,5.799061,27.614,0,Electric_Kettle,sess_1775549807051,1775549838150,44719,1,1,1,0,20,32768.00,0,4
31.892311,10.765433,-5.885468,-56.559711,0.000706,0.087032,1.6067,16.217602,1.050498,0.259023,224.085,5.919229,27.614,0,Electric_Kettle,sess_1775549807051,1775549838177,44812,1,1,1,0,20,32768.00,0,4
31.898651,12.200184,-3.839916,-62.776569,22.763935,0.025317,0.9377,16.262663,0.894185,0.214565,224.085,5.817624,27.614,0,Electric_Kettle,sess_1775549807051,1775549838272,44906,1,1,1,0,20,32768.00,0,4
32.180027,12.471823,-3.375301,-61.960876,1.826972,0.044179,0.6203,15.824827,0.919412,0.114591,224.141,5.870955,27.615,0,Electric_Kettle,sess_1775549807051,1775549838552,45005,1,1,1,0,20,32768.00,0,4
35.337311,7.795769,-9.461181,-53.047348,1.653975,0.064853,1.5010,16.311018,0.858142,0.105039,224.141,5.777121,27.615,0,Electric_Kettle,sess_1775549807051,1775549838569,45201,1,1,1,0,20,32768.00,0,4
35.514557,12.238570,-3.666199,-62.972313,0.866987,0.069873,1.1251,14.897963,0.723516,0.140827,224.141,5.842207,27.615,0,Electric_Kettle,sess_1775549807051,1775549838663,45296,1,1,1,0,20,32768.00,0,4
35.819439,12.252301,-3.682119,-48.231239,6.426761,0.094187,0.0000,15.774954,0.659267,0.000058,224.141,5.842180,27.615,0,Electric_Kettle,sess_1775549807051,1775549838758,45395,1,1,1,0,20,32768.00,0,4
32.728886,12.144717,-3.865012,-60.803295,4.778857,0.063860,1.9994,15.466393,0.660851,0.084221,224.141,5.802817,27.615,0,Electric_Kettle,sess_1775549807051,1775549838866,45495,1,1,1,0,20,32768.00,0,4
28.339762,10.868998,-5.759507,-48.378975,1.499129,0.009176,2.4472,16.265093,0.647966,0.076913,224.238,5.883034,27.610,0,Electric_Kettle,sess_1775549807051,1775549839111,45694,1,1,1,0,20,32768.00,0,4
26.996521,12.728779,-3.936411,-48.182278,6.118808,0.074143,2.3428,16.230639,0.967701,0.363853,224.238,5.711789,27.610,0,Electric_Kettle,sess_1775549807051,1775549839168,45787,1,1,1,0,20,32768.00,0,4
33.242817,8.094090,-8.026906,-63.550186,9.217864,0.034784,0.5667,15.736466,0.949354,0.232774,224.238,5.605424,27.610,0,Electric_Kettle,sess_1775549807051,1775549839248,45881,1,1,1,0,20,32768.00,0,4
32.639141,7.772825,-8.327455,-61.908054,2.577667,0.092043,0.6648,15.052277,0.833198,0.011082,224.238,5.610394,27.610,0,Electric_Kettle,sess_1775549807051,1775549839357,45981,1,1,1,0,20,32768.00,0,4
30.970812,8.134520,-9.036091,-65.352295,0.002443,0.038239,0.9051,15.525057,0.255319,0.301105,224.180,5.793316,27.609,0,Electric_Kettle,sess_1775549807051,1775549839633,46275,1,1,1,0,20,32768.00,0,4
32.220295,11.177494,-4.811888,-63.602276,1.951123,0.020611,1.4019,15.999401,0.552782,0.072133,224.180,5.826747,27.609,0,Electric_Kettle,sess_1775549807051,1775549839744,46368,1,1,1,0,20,32768.00,0,4
29.673243,10.176573,-5.986362,-64.704941,0.213913,0.021604,0.8725,16.166265,0.817131,0.087186,224.180,5.786107,27.609,0,Electric_Kettle,sess_1775549807051,1775549839852,46467,1,1,1,0,20,32768.00,0,4
31.517262,4.814643,-13.593780,-55.964325,1.273800,0.019205,0.7289,16.720692,0.631822,0.178020,223.995,5.726181,27.611,0,Electric_Kettle,sess_1775549807051,1775549840166,46757,1,1,1,0,20,32768.00,0,4
29.894915,12.210930,-5.722155,-43.445301,6.253391,0.023896,4.5613,15.234317,0.965188,0.366544,223.995,5.894093,27.611,0,Electric_Kettle,sess_1775549807051,1775549840223,46850,1,1,1,0,20,32768.00,0,4
35.636757,12.553854,-3.609938,-61.541824,1.903852,0.019312,2.0472,15.452682,0.735973,0.321636,223.995,5.742433,27.611,0,Electric_Kettle,sess_1775549807051,1775549840331,46944,1,1,1,0,20,32768.00,0,4
31.308386,12.488077,-3.318615,-63.626728,7.624057,0.082632,2.2426,15.591804,0.675664,0.091937,223.995,5.784668,27.602,0,Electric_Kettle,sess_1775549807051,1775549840618,47043,1,1,1,0,20,32768.00,0,4
31.010061,3.225714,-15.053949,-60.076897,0.052461,0.129841,0.7119,14.875493,0.908361,0.032242,223.995,5.735030,27.602,0,Electric_Kettle,sess_1775549807051,1775549840645,47239,0,1,1,0,18,32768.00,0,4
32.851131,10.482403,-6.081542,-49.444397,2.531468,0.027089,2.3465,15.608608,1.104912,0.198513,224.039,5.826108,27.602,0,Electric_Kettle,sess_1775549807051,1775549840688,47332,1,1,1,0,15,32768.00,0,4
32.271168,11.819978,-4.101647,-54.649242,1.608883,0.032852,2.1666,16.254023,0.573388,0.277222,224.039,5.696898,27.602,0,Electric_Kettle,sess_1775549807051,1775549840810,47427,1,1,1,0,20,32768.00,0,4
29.970669,10.838211,-5.061421,-64.423035,0.758082,0.034264,1.3697,16.183210,0.912391,0.047984,224.039,5.718766,27.602,0,Electric_Kettle,sess_1775549807051,1775549840891,47527,1,1,1,0,20,32768.00,0,4
31.053993,12.494422,-4.317836,-61.918564,0.042855,0.029832,0.8953,16.602819,0.517101,0.030285,224.039,5.889902,27.605,0,Electric_Kettle,sess_1775549807051,1775549841186,47816,1,1,1,0,20,32768.00,0,4
33.727818,6.686049,-9.966066,-63.878685,1.159446,0.052082,0.4071,15.819403,0.614690,0.632066,224.220,5.592077,27.605,0,Electric_Kettle,sess_1775549807051,1775549841297,47911,1,1,1,0,20,32768.00,0,4
29.255598,9.171108,-6.772598,-63.576336,10.572955,0.008481,0.5620,16.232012,0.967579,0.112140,224.220,5.642244,27.605,0,Electric_Kettle,sess_1775549807051,1775549841378,48010,1,1,1,0,20,32768.00,0,4
34.928471,12.427926,-3.686792,-52.601807,13.190074,0.000303,2.6420,15.519023,1.082376,0.257171,224.445,5.722323,27.603,0,Electric_Kettle,sess_1775549807051,1775549841770,48399,1,1,1,0,20,32768.00,0,4
31.599728,11.114372,-4.841060,-62.796898,19.727522,0.144402,0.7015,17.108604,0.913661,0.168846,224.445,5.799619,27.603,0,Electric_Kettle,sess_1775549807051,1775549841867,48497,1,1,1,0,20,32768.00,0,4
33.652512,10.831526,-5.999898,-64.476379,1.730024,0.002410,0.5232,15.471391,0.385560,0.501990,224.445,5.936544,27.600,0,Electric_Kettle,sess_1775549807051,1775549842129,48696,1,1,1,0,20,32768.00,0,4
30.485413,12.553023,-4.021591,-61.284027,2.469254,0.061705,0.8732,15.356779,0.931412,0.357612,224.445,5.766705,27.600,0,Electric_Kettle,sess_1775549807051,1775549842155,48790,1,1,1,0,20,32768.00,0,4
31.604052,3.917395,-12.516506,-61.009579,10.011807,0.040119,0.8066,15.462805,0.951988,0.123671,224.445,5.709651,27.600,0,Electric_Kettle,sess_1775549807051,1775549842250,48885,1,1,1,0,20,32768.00,0,4
29.857155,4.119057,-15.487514,-61.879112,2.678435,0.095462,0.6648,16.315144,0.793080,0.144380,224.725,5.643702,27.600,0,Electric_Kettle,sess_1775549807051,1775549842348,48985,0,1,1,0,18,32768.00,0,4
29.898584,11.629564,-5.432696,-62.342873,0.050054,0.105038,0.7325,16.967886,0.420442,0.135042,224.725,5.903978,27.604,0,Electric_Kettle,sess_1775549807051,1775549842774,49370,1,1,1,0,9,32768.00,0,4
32.314880,12.272321,-4.327324,-50.677715,5.306071,0.046986,2.7860,15.489646,1.032290,0.350183,224.952,5.738580,27.604,0,Electric_Kettle,sess_1775549807051,1775549842818,49462,1,1,1,0,12,32768.00,0,4
36.167614,9.495049,-6.682818,-64.721573,1.036773,0.048009,0.6630,16.429686,0.478274,0.220185,224.952,5.637496,27.606,0,Electric_Kettle,sess_1775549807051,1775549843187,49557,1,1,1,0,19,32768.00,0,4
29.455286,13.124715,-3.976010,-64.568626,0.009779,0.021750,0.7012,16.526405,0.280560,0.065476,224.952,5.816485,27.606,0,Electric_Kettle,sess_1775549807051,1775549843214,49846,1,1,1,0,20,32768.00,0,4
32.991119,7.733168,-8.767745,-64.557510,1.053683,0.048677,0.4981,15.569214,0.588040,0.412579,225.030,5.624504,27.606,0,Electric_Kettle,sess_1775549807051,1775549843323,49940,1,1,1,0,20,32768.00,0,4
31.753546,9.531346,-6.549030,-64.614609,0.843181,0.077793,0.8927,15.739506,0.889183,0.094869,225.030,5.667191,27.606,0,Electric_Kettle,sess_1775549807051,1775549843406,50039,1,1,1,0,20,32768.00,0,4
34.351654,9.323476,-7.358978,-48.698002,3.425210,0.010367,2.7974,16.458717,0.504573,0.447975,225.030,5.848216,27.610,0,Electric_Kettle,sess_1775549807051,1775549843650,50240,1,1,1,0,20,32768.00,0,4
33.841591,11.694649,-4.988757,-46.733269,8.201281,0.024814,3.7660,15.526732,0.739474,0.126198,225.030,5.907259,27.610,0,Electric_Kettle,sess_1775549807051,1775549843703,50335,1,1,1,0,20,32768.00,0,4
34.858902,12.172021,-4.027239,-63.400398,0.203586,0.035512,1.3147,16.355017,0.450255,0.381980,225.030,5.726742,27.610,0,Electric_Kettle,sess_1775549807051,1775549843811,50429,1,1,1,0,20,32768.00,0,4
35.968307,12.226488,-3.418630,-47.957111,0.996208,0.045035,0.0000,15.783148,0.684123,0.286892,225.066,5.858179,27.610,0,Electric_Kettle,sess_1775549807051,1775549843895,50527,1,1,1,0,20,32768.00,0,4
34.361332,12.167841,-4.748879,-59.680828,4.504031,0.016254,0.7128,16.595240,0.625893,0.096454,225.066,5.884414,27.606,0,Electric_Kettle,sess_1775549807051,1775549844156,50726,1,1,1,0,20,32768.00,0,4
32.115784,11.762153,-5.522557,-54.657978,1.951983,0.051708,2.9748,15.751217,0.690905,0.364289,225.066,5.712923,27.606,0,Electric_Kettle,sess_1775549807051,1775549844182,50820,1,1,1,0,20,32768.00,0,4
31.992786,3.955692,-12.457327,-59.488220,12.737815,0.039242,0.6532,15.648526,0.988902,0.041255,225.066,5.731778,27.606,0,Electric_Kettle,sess_1775549807051,1775549844277,50914,1,1,1,0,20,32768.00,0,4
30.941933,4.148037,-12.014774,-60.842926,0.909173,0.069585,0.7902,16.110418,0.837920,0.048233,225.028,5.753895,27.606,0,Electric_Kettle,sess_1775549807051,1775549844376,51014,1,1,1,0,20,32768.00,0,4
31.762609,10.658174,-6.553988,-59.876347,2.493812,0.037978,0.6339,15.912754,0.767565,0.103038,225.028,5.826032,27.617,0,Electric_Kettle,sess_1775549807051,1775549844743,51307,1,1,1,0,20,32768.00,0,4
31.712570,13.160830,-3.722364,-66.298630,4.014255,0.056159,0.6625,16.796347,0.853741,0.367773,225.028,5.654619,27.617,0,Electric_Kettle,sess_1775549807051,1775549844770,51401,1,1,1,0,20,32768.00,0,4
30.724325,6.221332,-9.899946,-61.218079,1.793046,0.113276,0.4843,14.663558,0.938621,0.050930,225.028,5.631580,27.617,0,Electric_Kettle,sess_1775549807051,1775549844864,51495,1,1,1,0,20,32768.00,0,4
33.362339,4.225326,-12.718552,-62.690430,10.215306,0.028944,1.0097,16.481655,0.912969,0.069871,225.004,5.663059,27.610,0,Electric_Kettle,sess_1775549807051,1775549845164,51596,1,1,1,0,20,32768.00,0,4
26.379782,12.200495,-4.672603,-52.906563,0.117250,0.115011,1.9526,16.186497,0.575041,0.453045,225.004,5.633681,27.610,0,Electric_Kettle,sess_1775549807051,1775549845192,51791,1,1,1,0,20,32768.00,0,4
33.804226,12.462702,-3.630059,-52.925003,8.756867,0.061779,58.5397,15.594641,0.761677,0.027150,225.004,5.621445,27.610,0,Electric_Kettle,sess_1775549807051,1775549845245,51884,1,1,1,0,20,32768.00,0,4
36.178192,10.700159,-5.015759,-64.815582,1.779301,0.124827,3.2923,15.875316,0.804213,0.515330,225.004,5.853197,27.610,0,Electric_Kettle,sess_1775549807051,1775549845353,51981,1,1,1,0,20,32768.00,0,4
29.283106,10.819351,-5.271760,-62.037239,3.238685,0.052115,2.7606,16.258575,0.524682,0.056797,225.115,5.826602,27.604,0,Electric_Kettle,sess_1775549807051,1775549845691,52081,1,1,1,0,20,32768.00,0,4
38.108452,8.810032,-10.899930,-45.699722,9.744899,0.311128,84.5779,15.936774,2.105524,0.073354,225.147,5.640165,27.604,0,Electric_Kettle,sess_1775549807051,1775549845911,52462,1,1,1,0,20,32768.00,0,4
34.654823,11.516133,-5.380535,-62.878860,0.072689,0.025447,0.3149,15.967006,0.345406,0.489507,225.147,5.861038,27.604,0,Electric_Kettle,sess_1775549807051,1775549845928,52563,1,1,1,0,20,32768.00,0,4
31.625805,11.167852,-4.757400,-65.132362,19.530724,0.035714,0.9547,15.409895,1.594128,0.048343,225.147,5.695237,27.609,0,Electric_Kettle,sess_1775549807051,1775549846372,52946,1,1,1,0,20,32768.00,0,4
30.908400,12.416607,-4.189945,-53.184963,0.600100,0.060362,1.5948,16.681864,0.497420,0.042452,225.147,5.714579,27.609,0,Electric_Kettle,sess_1775549807051,1775549846413,53048,1,1,1,0,20,32768.00,0,4
37.259274,10.535022,-7.244830,-48.248001,81.677803,0.441364,3.7748,14.928715,2.224128,0.439668,224.642,5.627335,27.608,0,Electric_Kettle,sess_1775549807051,1775549846877,53432,1,1,1,0,20,32768.00,0,4
35.399525,6.345408,-10.876670,-65.728500,0.000591,0.005323,1.3268,16.984922,0.112965,0.179320,224.642,5.708062,27.608,0,Electric_Kettle,sess_1775549807051,1775549846904,53533,1,1,1,0,20,32768.00,0,4
34.483616,11.552405,-4.663101,-47.705841,11.201722,0.080150,7.2953,16.546936,0.921399,0.103934,223.544,5.669207,27.599,0,Electric_Kettle,sess_1775549807051,1775549847378,54013,1,1,1,0,20,32768.00,0,4
29.964823,7.831421,-8.025192,-55.199699,15.979834,0.081553,1.7149,16.130878,1.110784,0.373011,222.316,5.838382,27.599,0,Electric_Kettle,sess_1775549807051,1775549847473,54109,1,1,1,0,20,32768.00,0,4
29.634073,3.993686,-13.370074,-63.091160,0.068490,0.132886,1.9473,15.098907,0.076141,0.311082,222.316,5.690300,27.600,0,Electric_Kettle,sess_1775549807051,1775549847910,54498,1,1,1,0,20,32768.00,0,4
30.667213,7.906346,-10.735283,-57.518543,0.024002,0.075846,1.2627,16.375360,0.992265,0.370818,222.316,5.859106,27.600,0,Electric_Kettle,sess_1775549807051,1775549847950,54591,1,1,1,0,20,32768.00,0,4
33.725739,8.555798,-8.581300,-64.847809,0.001321,0.018498,0.8969,15.330126,0.187345,0.358685,221.352,5.783717,27.596,0,Electric_Kettle,sess_1775549807051,1775549848394,54982,1,1,1,0,20,32768.00,0,4
30.843410,12.712951,-4.103105,-61.794090,0.000800,0.118539,0.8044,15.582089,0.435081,0.170551,221.352,5.862631,27.596,0,Electric_Kettle,sess_1775549807051,1775549848434,55076,1,1,1,0,20,32768.00,0,4
32.124302,12.547227,-3.412705,-54.420261,4.159564,0.016262,0.2929,15.029439,2.114429,0.297187,221.352,5.718542,27.589,0,Electric_Kettle,sess_1775549807051,1775549848889,55459,1,1,1,0,20,32768.00,0,4
31.394186,12.817984,-3.777115,-62.014854,0.001413,0.024646,0.7858,17.044172,0.230215,0.165897,220.972,5.794437,27.589,0,Electric_Kettle,sess_1775549807051,1775549848917,55559,1,1,1,0,20,32768.00,0,4
31.603130,5.699659,-10.622746,-63.989216,0.483996,0.022336,0.8988,16.384941,0.989103,0.158176,220.972,5.721114,27.589,0,Electric_Kettle,sess_1775549807051,1775549849238,55653,1,1,1,0,20,32768.00,0,4
29.910040,12.730238,-3.863195,-49.527531,7.231013,0.067883,1.9962,15.849669,0.888709,0.167914,220.972,5.721538,27.589,0,Electric_Kettle,sess_1775549807051,1775549849381,55941,1,1,1,0,20,32768.00,0,4
30.064186,12.823221,-4.088363,-61.972809,0.013067,0.005107,0.3888,15.367652,0.325207,0.307668,220.972,5.862365,27.589,0,Electric_Kettle,sess_1775549807051,1775549849408,56040,1,1,1,0,20,32768.00,0,4
31.741911,4.313554,-14.657486,-61.619282,0.870796,0.065093,0.2281,16.350304,0.431666,0.545778,220.796,5.606400,27.589,0,Electric_Kettle,sess_1775549807051,1775549849519,56136,1,1,1,0,20,32768.00,0,4
31.253983,9.728235,-6.867689,-52.066883,3.508648,0.004152,35.5790,16.208170,1.042816,0.085877,220.796,5.585884,27.595,0,Electric_Kettle,sess_1775549807051,1775549849756,56334,1,1,1,0,20,32768.00,0,4
33.826008,7.912784,-9.021391,-54.753220,6.486071,0.092394,1.9184,16.150795,1.122684,0.562315,220.796,5.837166,27.595,0,Electric_Kettle,sess_1775549807051,1775549849809,56429,1,1,1,0,20,32768.00,0,4
34.458401,11.652050,-4.324430,-65.284645,2.296097,0.057239,1.8108,15.648426,0.634751,0.041163,220.796,5.856389,27.595,0,Electric_Kettle,sess_1775549807051,1775549849891,56522,1,1,1,0,20,32768.00,0,4
36.366982,12.387419,-3.632415,-50.441643,4.569305,0.040266,0.0000,16.401638,0.656180,0.139497,220.789,5.791032,27.595,0,Electric_Kettle,sess_1775549807051,1775549849989,56622,1,1,1,0,20,32768.00,0,4
29.931688,11.955290,-5.194220,-65.003311,0.001112,0.051388,0.6382,15.605589,0.174669,0.069819,220.789,5.733869,27.603,0,Electric_Kettle,sess_1775549807051,1775549850368,57007,1,1,1,0,20,32768.00,0,4
32.061134,6.951504,-9.433833,-63.301167,1.884468,0.065946,0.4256,15.295597,0.853720,0.195642,220.966,5.644126,27.603,0,Electric_Kettle,sess_1775549807051,1775549850479,57100,1,1,1,0,20,32768.00,0,4
30.629990,8.433711,-10.517468,-52.059143,0.006648,0.084451,0.0000,16.693077,0.049581,0.033950,220.966,5.657694,27.597,0,Electric_Kettle,sess_1775549807051,1775549850837,57391,1,1,1,0,20,32768.00,0,4
33.179405,7.149234,-10.002875,-57.524090,0.989175,0.083774,0.8170,16.189882,0.514805,0.337531,220.966,5.810466,27.597,0,Electric_Kettle,sess_1775549807051,1775549850851,57485,1,1,1,0,20,32768.00,0,4
29.322275,11.482844,-4.302214,-51.429905,6.462877,0.021223,1.7366,16.508352,0.691095,0.165756,221.300,5.887516,27.597,0,Electric_Kettle,sess_1775549807051,1775549850947,57578,1,1,1,0,20,32768.00,0,4
34.935421,11.140561,-4.917487,-45.189877,0.261411,0.076954,0.0000,15.390821,0.424288,0.012851,221.300,5.881463,27.611,0,Electric_Kettle,sess_1775549807051,1775549851266,57678,1,1,1,0,20,32768.00,0,4
29.357311,12.826924,-3.899549,-53.398895,2.871305,0.039576,1.7452,15.978050,0.514548,0.276103,221.300,5.707195,27.611,0,Electric_Kettle,sess_1775549807051,1775549851293,57871,1,1,1,0,20,32768.00,0,4
29.385620,11.923969,-4.997658,-48.609692,6.275859,0.038331,5.4058,15.705219,1.154149,0.227709,221.300,5.811162,27.611,0,Electric_Kettle,sess_1775549807051,1775549851346,57966,1,1,1,0,20,32768.00,0,4
32.508228,6.592339,-9.573732,-65.576035,2.414207,0.030661,0.6690,16.356739,0.715914,0.017539,221.300,5.819316,27.611,0,Electric_Kettle,sess_1775549807051,1775549851427,58059,1,1,1,0,20,32768.00,0,4
32.846485,3.949214,-14.716509,-62.671581,0.613932,0.006237,0.8714,16.050238,0.941900,0.169641,221.810,5.740340,27.611,0,Electric_Kettle,sess_1775549807051,1775549851525,58158,1,1,1,0,20,32768.00,0,4
30.604033,10.026101,-8.462428,-62.586372,0.002984,0.001092,0.8123,13.770445,0.270346,0.309396,221.810,5.846743,27.607,0,Electric_Kettle,sess_1775549807051,1775549851814,58450,1,1,1,0,20,32768.00,0,4
32.419918,12.236773,-3.759005,-63.223076,0.818473,0.006275,1.7126,15.959991,0.579398,0.010324,221.810,5.841914,27.607,0,Electric_Kettle,sess_1775549807051,1775549851922,58544,1,1,1,0,20,32768.00,0,4
32.244949,10.460377,-5.945163,-45.255402,5.740598,0.084229,0.6599,15.471028,1.140462,0.045288,222.368,5.848983,27.606,0,Electric_Kettle,sess_1775549807051,1775549852339,58741,1,1,1,0,20,32768.00,0,4
32.094837,8.818854,-8.741087,-64.289772,0.023928,0.131476,1.1768,15.335846,0.312049,0.504837,222.368,5.828787,27.606,0,Electric_Kettle,sess_1775549807051,1775549852366,58931,1,1,1,0,20,32768.00,0,4
30.198034,11.657572,-5.234769,-63.639549,0.012256,0.045433,0.8013,17.096687,0.366724,0.190737,222.368,5.917729,27.606,0,Electric_Kettle,sess_1775549807051,1775549852393,59025,1,1,1,0,20,32768.00,0,4
31.533766,10.642075,-4.582866,-62.737823,2.158567,0.054081,0.6430,15.939102,1.130360,0.346202,222.672,5.753830,27.606,0,Electric_Kettle,sess_1775549807051,1775549852489,59119,1,1,1,0,20,32768.00,0,4
33.397598,4.789467,-11.380620,-62.487179,1.039958,0.068081,1.6916,15.791084,0.834858,0.046571,222.672,5.775267,27.606,0,Electric_Kettle,sess_1775549807051,1775549852586,59223,1,1,1,0,20,32768.00,0,4
32.061356,3.893121,-15.565377,-63.013206,0.014274,0.031246,1.0035,15.676693,0.222580,0.100806,222.672,5.747338,27.600,0,Electric_Kettle,sess_1775549807051,1775549852866,59422,0,1,1,0,18,32768.00,0,4
31.244459,10.825624,-6.281312,-64.265152,0.060067,0.048643,0.2660,16.113871,0.333698,0.250589,222.672,5.862556,27.600,0,Electric_Kettle,sess_1775549807051,1775549852880,59515,1,1,1,0,19,32768.00,0,4
31.885580,12.497423,-3.384644,-63.898033,1.645315,0.042826,1.0382,16.491137,0.547976,0.063716,222.672,5.832673,27.600,0,Electric_Kettle,sess_1775549807051,1775549852975,59608,1,1,1,0,20,32768.00,0,4
31.390652,12.046557,-3.922920,-62.745682,0.413299,0.118795,1.3447,16.159132,0.610559,0.050988,222.884,5.856464,27.600,0,Electric_Kettle,sess_1775549807051,1775549853086,59708,1,1,1,0,20,32768.00,0,4
30.489752,10.233989,-5.735326,-63.649704,1.766041,0.063822,0.7444,16.347858,0.856802,0.059671,222.884,5.884421,27.601,0,Electric_Kettle,sess_1775549807051,1775549853382,59806,1,1,1,0,20,32768.00,0,4
29.508356,12.277281,-4.672655,-60.881123,1.057325,0.177542,0.6343,15.975971,0.562849,0.488454,222.884,5.643225,27.601,0,Electric_Kettle,sess_1775549807051,1775549853409,59999,1,1,1,0,20,32768.00,0,4
31.999577,9.480215,-7.085681,-47.498207,9.643457,0.012639,20.9108,16.102953,0.948157,0.012219,222.884,5.637709,27.601,0,Electric_Kettle,sess_1775549807051,1775549853462,60093,1,1,1,0,20,32768.00,0,4
31.103924,6.577391,-9.477038,-62.596527,1.344958,0.045626,0.7641,16.727425,0.717190,0.238338,223.186,5.745203,27.601,0,Electric_Kettle,sess_1775549807051,1775549853573,60188,1,1,1,0,20,32768.00,0,4
29.567614,3.912260,-20.442978,-65.167938,3.046947,0.028760,0.8317,15.688528,0.856058,0.089608,223.186,5.704018,27.601,0,Electric_Kettle,sess_1775549807051,1775549853655,60286,0,1,1,0,18,32768.00,0,4
30.619776,6.381123,-10.905495,-64.402641,0.003188,0.009686,0.9181,16.920807,0.237633,0.193125,223.186,5.779807,27.601,0,Electric_Kettle,sess_1775549807051,1775549853934,60579,1,1,1,0,17,32768.00,0,4
30.019817,10.245682,-5.671177,-64.576416,2.377121,0.101740,1.2419,15.889178,0.852232,0.250847,223.549,5.895795,27.601,0,Electric_Kettle,sess_1775549807051,1775549854042,60671,1,1,1,0,20,32768.00,0,4
31.475904,6.161735,-10.291562,-62.380520,0.235295,0.035531,1.1718,15.276672,0.351251,0.378372,223.549,5.717330,27.601,0,Electric_Kettle,sess_1775549807051,1775549854153,60770,1,1,1,0,20,32768.00,0,4
32.500504,9.162227,-7.892749,-47.887569,1.091102,0.096756,2.6221,16.168713,0.999817,0.274074,223.549,5.891497,27.606,0,Electric_Kettle,sess_1775549807051,1775549854468,61060,1,1,1,0,20,32768.00,0,4
31.615976,11.113016,-7.146793,-46.582962,2.945870,0.093906,2.6761,15.446608,1.075736,0.030499,223.549,5.905871,27.606,0,Electric_Kettle,sess_1775549807051,1775549854521,61153,1,1,1,0,20,32768.00,0,4
35.878448,12.192505,-4.010203,-63.430710,2.047297,0.111403,1.0172,15.443571,0.521146,0.377294,223.988,5.727611,27.606,0,Electric_Kettle,sess_1775549807051,1775549854632,61248,1,1,1,0,20,32768.00,0,4
31.619913,12.442347,-3.268922,-61.542137,2.012589,0.095406,2.1068,15.806941,0.837969,0.113199,223.988,5.779480,27.612,0,Electric_Kettle,sess_1775549807051,1775549854947,61347,1,1,1,0,20,32768.00,0,4
32.218460,10.938044,-6.042868,-63.702908,0.000895,0.025667,0.3452,15.022743,0.289633,0.380977,223.988,5.867476,27.612,0,Electric_Kettle,sess_1775549807051,1775549854974,61544,1,1,1,0,20,32768.00,0,4
35.047447,11.015032,-5.699458,-54.189438,12.870108,0.013798,3.0117,15.717975,0.859768,0.461892,223.988,5.650665,27.612,0,Electric_Kettle,sess_1775549807051,1775549855000,61639,1,1,1,0,20,32768.00,0,4
32.487011,4.066516,-25.594040,-59.909660,1.995058,0.062157,0.4524,16.301468,0.929737,0.119618,224.486,5.704739,27.612,0,Electric_Kettle,sess_1775549807051,1775549855085,61733,0,1,1,0,18,32768.00,0,4
32.591347,4.903980,-11.409002,-64.731026,8.476174,0.049499,0.5615,14.434508,0.793037,0.185555,224.486,5.620055,27.612,0,Electric_Kettle,sess_1775549807051,1775549855207,61832,1,1,1,0,7,32768.00,0,4
29.987352,8.730780,-9.407491,-57.872295,0.490872,0.089840,5.0917,16.312807,0.321735,0.088151,224.486,5.697347,27.618,0,Electric_Kettle,sess_1775549807051,1775549855460,62031,1,1,1,0,9,32768.00,0,4
29.262165,9.742463,-12.023642,-57.410316,0.001688,0.028327,1.4548,16.319321,0.842090,0.265747,224.486,5.818471,27.618,0,Electric_Kettle,sess_1775549807051,1775549855486,62125,1,1,1,0,11,32768.00,0,4
31.661854,11.379905,-4.570231,-63.025856,2.070231,0.056066,2.2601,15.500092,0.755704,0.079898,224.486,5.855662,27.618,0,Electric_Kettle,sess_1775549807051,1775549855581,62218,1,1,1,0,16,32768.00,0,4
29.460299,9.074088,-7.138819,-63.189911,7.366249,0.091891,2.0584,15.778943,0.832741,0.120630,225.016,5.799153,27.618,0,Electric_Kettle,sess_1775549807051,1775549855679,62317,1,1,1,0,20,32768.00,0,4
30.950275,9.804213,-7.281757,-63.777081,0.059645,0.040333,0.2833,15.818089,0.384758,0.228626,225.016,5.912647,27.621,0,Electric_Kettle,sess_1775549807051,1775549855981,62608,1,1,1,0,20,32768.00,0,4
33.482967,12.018533,-4.217649,-63.714310,2.906039,0.073879,2.2656,16.549614,0.730297,0.345059,225.016,5.749430,27.621,0,Electric_Kettle,sess_1775549807051,1775549856090,62703,1,1,1,0,20,32768.00,0,4
33.726959,12.155747,-3.459939,-47.325104,8.603723,0.041530,105.9432,16.734936,0.804864,0.187472,225.272,5.835659,27.621,0,Electric_Kettle,sess_1775549807051,1775549856173,62801,1,1,1,0,20,32768.00,0,4
31.261862,11.446395,-5.411907,-56.863571,1.777975,0.061283,1.5097,16.137138,0.560388,0.262057,225.272,5.613066,27.622,0,Electric_Kettle,sess_1775549807051,1775549856517,63094,1,1,1,0,20,32768.00,0,4
30.445290,4.569422,-14.332089,-57.722847,10.380748,0.021308,2.1832,14.812612,1.080310,0.218086,225.272,5.710997,27.622,0,Electric_Kettle,sess_1775549807051,1775549856570,63188,1,1,1,0,20,32768.00,0,4
31.562160,6.743728,-9.303550,-65.971367,2.254714,0.039532,0.6781,16.949697,0.609593,0.173577,225.487,5.790301,27.622,0,Electric_Kettle,sess_1775549807051,1775549856642,63281,1,1,1,0,20,32768.00,0,4
32.657116,3.936308,-14.417592,-61.318718,22.773815,0.027567,0.7290,15.792884,0.967180,0.013150,225.487,5.784210,27.622,0,Electric_Kettle,sess_1775549807051,1775549856750,63380,1,1,1,0,20,32768.00,0,4
31.638840,9.496689,-7.476725,-64.403603,1.330032,0.080659,2.0198,16.260136,0.398404,0.131741,225.487,5.692584,27.630,0,Electric_Kettle,sess_1775549807051,1775549857013,63577,1,1,1,0,20,32768.00,0,4
28.779041,12.921894,-8.475325,-62.025696,0.026979,0.057894,0.6089,14.804965,0.541732,0.655952,225.487,5.991310,27.630,0,Electric_Kettle,sess_1775549807051,1775549857040,63672,1,1,1,0,20,32768.00,0,4
29.943710,12.493011,-3.608721,-60.621826,18.053360,0.045411,1.4510,14.747282,0.793805,0.311661,225.487,5.841929,27.630,0,Electric_Kettle,sess_1775549807051,1775549857134,63766,1,1,1,0,20,32768.00,0,4
31.809893,12.197929,-3.721575,-64.448273,2.712104,0.032435,1.2228,15.455447,0.744342,0.068381,225.491,5.873887,27.630,0,Electric_Kettle,sess_1775549807051,1775549857231,63865,1,1,1,0,20,32768.00,0,4
28.293884,11.629793,-5.617998,-64.765999,0.013379,0.014951,0.7856,14.347158,0.292621,0.031082,225.491,5.869838,27.625,0,Electric_Kettle,sess_1775549807051,1775549857600,64155,1,1,1,0,20,32768.00,0,4
29.533878,12.847118,-4.360471,-66.185631,0.008210,0.112737,0.7367,15.832152,0.252276,0.179098,225.491,5.785736,27.625,0,Electric_Kettle,sess_1775549807051,1775549857614,64249,1,1,1,0,20,32768.00,0,4
32.483105,8.850128,-7.216354,-62.820286,0.645102,0.041680,0.5965,16.180283,0.897396,0.255559,225.323,5.667448,27.625,0,Electric_Kettle,sess_1775549807051,1775549857712,64342,1,1,1,0,20,32768.00,0,4
27.604141,9.992433,-6.803373,-44.729305,0.836223,0.032827,3.1029,16.135265,0.594122,0.534266,225.323,5.937076,27.630,0,Electric_Kettle,sess_1775549807051,1775549858044,64636,1,1,1,0,20,32768.00,0,4
28.643911,11.281391,-5.324689,-47.793816,2.337041,0.026098,3.3468,15.726927,0.818047,0.188017,225.323,5.847774,27.630,0,Electric_Kettle,sess_1775549807051,1775549858097,64729,1,1,1,0,20,32768.00,0,4
31.233454,10.480462,-5.838565,-63.319664,1.547599,0.074435,0.8157,15.843533,0.497326,0.459004,224.885,5.633041,27.630,0,Electric_Kettle,sess_1775549807051,1775549858195,64824,1,1,1,0,20,32768.00,0,4
30.261868,11.469887,-4.382757,-64.473892,1.018466,0.039709,1.5165,16.751135,0.895549,0.281629,224.885,5.759956,27.630,0,Electric_Kettle,sess_1775549807051,1775549858289,64923,1,1,1,0,20,32768.00,0,4
30.608267,12.675980,-3.945112,-61.564869,0.001723,0.063239,0.6278,16.509207,0.298549,0.209174,224.885,5.870640,27.633,0,Electric_Kettle,sess_1775549807051,1775549858561,65121,1,1,1,0,20,32768.00,0,4
29.431511,8.680501,-8.662426,-59.040260,1.385385,0.014994,2.5479,15.841915,0.239375,0.383071,224.885,5.690730,27.633,0,Electric_Kettle,sess_1775549807051,1775549858574,65215,1,1,1,0,20,32768.00,0,4
30.853903,3.835357,-13.309776,-61.670113,10.308768,0.045181,0.8390,15.877365,0.733766,0.019018,224.885,5.682072,27.633,0,Electric_Kettle,sess_1775549807051,1775549858683,65309,1,1,1,0,20,32768.00,0,4
33.945240,4.072700,-13.603889,-64.458984,2.758826,0.066665,0.7654,16.378952,0.859588,0.032621,224.615,5.696900,27.633,0,Electric_Kettle,sess_1775549807051,1775549858780,65408,1,1,1,0,20,32768.00,0,4
36.014412,9.033717,-7.662229,-46.099884,0.702358,0.056428,3.8050,16.137100,0.450813,0.266441,224.615,5.802276,27.631,0,Electric_Kettle,sess_1775549807051,1775549859098,65698,1,1,1,0,20,32768.00,0,4
35.070240,9.964748,-6.728860,-52.842216,2.335100,0.035328,1.6828,15.470442,0.988107,0.127420,224.615,5.743129,27.631,0,Electric_Kettle,sess_1775549807051,1775549859152,65791,1,1,1,0,20,32768.00,0,4
35.079445,11.890473,-3.965399,-65.574654,1.519988,0.145454,0.4099,15.322506,0.953191,0.052348,224.282,5.719078,27.631,0,Electric_Kettle,sess_1775549807051,1775549859263,65887,1,1,1,0,20,32768.00,0,4
32.355671,9.582079,-7.858388,-65.533737,0.008654,0.112157,0.5734,16.603054,0.245815,0.161108,224.444,5.824809,27.627,0,Electric_Kettle,sess_1775549807051,1775549859794,66374,1,1,1,0,20,32768.00,0,4
30.015862,12.789441,-4.258579,-65.027245,0.001506,0.028566,0.3742,17.446424,0.304684,0.111627,224.444,5.876825,27.627,0,Electric_Kettle,sess_1775549807051,1775549859811,66467,1,1,1,0,20,32768.00,0,4
34.058250,11.166526,-5.381421,-64.396500,5.725821,0.005284,0.9584,15.627542,0.785177,0.246545,224.444,5.719211,27.631,0,Electric_Kettle,sess_1775549807051,1775549860259,66852,1,1,1,0,20,32768.00,0,4
30.267874,8.066822,-11.154103,-48.604092,0.687254,0.026037,2.6010,16.669128,0.679090,0.408607,224.881,5.906164,27.631,0,Electric_Kettle,sess_1775549807051,1775549860313,66947,1,1,1,0,20,32768.00,0,4
31.711241,3.182061,-17.284925,-64.764229,0.012528,0.060989,1.2058,16.407347,0.159589,0.167419,224.881,5.719202,27.644,0,Electric_Kettle,sess_1775549807051,1775549860760,67337,0,1,1,0,18,32768.00,0,4
30.574873,12.085209,-4.710778,-61.762161,0.007622,0.014833,0.4786,14.831409,0.407930,0.439248,224.881,5.920174,27.644,0,Electric_Kettle,sess_1775549807051,1775549860787,67431,1,1,1,0,19,32768.00,0,4
33.428730,10.496838,-9.284666,-51.007919,9.397619,0.173055,2.6886,15.050945,2.122373,0.029740,225.578,5.684383,27.633,0,Electric_Kettle,sess_1775549807051,1775549861246,67812,1,1,1,0,20,32768.00,0,4
32.990124,12.139984,-4.739513,-62.691502,0.064685,0.083659,0.9116,16.951603,0.366300,0.442642,225.578,5.885675,27.633,0,Electric_Kettle,sess_1775549807051,1775549861273,67913,1,1,1,0,20,32768.00,0,4
33.043148,11.747078,-4.317067,-65.638878,0.377327,0.123016,2.1124,16.790880,0.518011,0.067186,225.854,5.854041,27.633,0,Electric_Kettle,sess_1775549807051,1775549861588,68005,1,1,1,0,20,32768.00,0,4
34.180382,3.133065,-14.435464,-63.772068,0.001631,0.034824,1.0072,15.339614,0.122431,0.256123,225.854,5.735062,27.633,0,Electric_Kettle,sess_1775549807051,1775549861806,68393,1,1,1,0,20,32768.00,0,4
31.862867,10.456513,-6.417367,-62.466541,5.716685,0.020956,0.5497,15.908119,0.672707,0.418473,225.854,5.927060,27.633,0,Electric_Kettle,sess_1775549807051,1775549861846,68486,1,1,1,0,20,32768.00,0,4
35.608551,3.228144,-16.590221,-65.751907,0.000830,0.018242,1.1831,16.655468,0.110410,0.169342,226.158,5.724161,27.628,0,Electric_Kettle,sess_1775549807051,1775549862286,68875,0,1,1,0,18,32768.00,0,4
30.792831,12.279143,-4.499746,-63.021416,0.002526,0.005650,0.4386,15.717740,0.340030,0.443053,226.158,5.927050,27.628,0,Electric_Kettle,sess_1775549807051,1775549862326,68969,1,1,1,0,17,32768.00,0,4
29.384125,12.500163,-3.720668,-46.524437,20.714548,0.054202,93.8791,16.287067,1.480913,0.300523,226.158,5.698340,27.630,0,Electric_Kettle,sess_1775549807051,1775549862773,69352,1,1,1,0,20,32768.00,0,4
29.724550,11.553588,-5.208244,-50.324368,3.656870,0.122934,2.1294,15.825534,0.668323,0.365140,226.157,5.864796,27.630,0,Electric_Kettle,sess_1775549807051,1775549862804,69448,1,1,1,0,20,32768.00,0,4
32.564430,4.280258,-13.712223,-61.686760,7.373150,0.887625,1.1595,16.454103,0.731054,0.275411,226.157,5.624726,27.631,0,Electric_Kettle,sess_1775549807051,1775549863314,69739,1,1,1,0,20,32768.00,0,4
33.278950,10.223656,-6.683443,-47.557800,11.948224,0.027484,2.9582,16.686514,1.139743,0.219099,225.473,5.855985,27.631,0,Electric_Kettle,sess_1775549807051,1775549863447,70024,1,1,1,0,20,32768.00,0,4
34.088100,10.794081,-6.477370,-61.855095,0.001918,0.027297,0.9726,16.626266,0.569474,0.085347,225.473,5.816002,27.631,0,Electric_Kettle,sess_1775549807051,1775549863491,70122,1,1,1,0,20,32768.00,0,4
32.498299,11.967146,-3.863057,-62.990494,2.486087,0.013524,0.9652,15.180658,0.751696,0.197549,225.473,5.907917,27.631,0,Electric_Kettle,sess_1775549807051,1775549863586,70216,1,1,1,0,20,32768.00,0,4
30.892366,10.232358,-9.425477,-52.709980,1.577319,0.061455,1.2616,16.221411,0.539126,0.183502,225.473,5.926526,27.637,0,Electric_Kettle,sess_1775549807051,1775549863835,70414,1,1,1,0,20,32768.00,0,4
26.553123,12.436571,-4.562927,-53.502609,9.311572,0.094880,1.3346,15.726364,1.101907,0.281684,225.473,5.792973,27.637,0,Electric_Kettle,sess_1775549807051,1775549863888,70507,1,1,1,0,20,32768.00,0,4
32.492466,12.569989,-3.293360,-65.131447,2.758217,0.044624,1.2079,15.714578,0.769314,0.097401,224.954,5.747833,27.637,0,Electric_Kettle,sess_1775549807051,1775549863969,70600,1,1,1,0,20,32768.00,0,4
31.854609,12.492810,-3.321376,-62.982712,19.333750,0.044340,1.5936,15.338224,0.865964,0.058691,224.954,5.774821,27.637,0,Electric_Kettle,sess_1775549807051,1775549864066,70700,1,1,1,0,20,32768.00,0,4
31.589005,12.786173,-3.654137,-52.682404,6.842228,0.228567,2.0008,15.523162,0.930894,0.423657,224.954,5.632294,27.631,0,Electric_Kettle,sess_1775549807051,1775549864387,70990,1,1,1,0,20,32768.00,0,4
31.107410,11.290577,-11.586285,-56.439289,14.108145,0.012289,0.6629,16.517456,0.851853,0.326064,224.954,5.779213,27.631,0,Electric_Kettle,sess_1775549807051,1775549864455,71085,1,1,1,0,20,32768.00,0,4
33.670746,12.704387,-3.047095,-63.800262,2.396310,0.029880,0.5059,15.848881,0.704767,0.055970,224.554,5.805090,27.631,0,Electric_Kettle,sess_1775549807051,1775549864553,71182,1,1,1,0,20,32768.00,0,4
30.123409,12.071833,-4.706028,-50.651096,2.267689,0.413922,2.1841,16.304493,0.607183,0.470987,224.554,5.618874,27.636,0,Electric_Kettle,sess_1775549807051,1775549864877,71472,1,1,1,0,20,32768.00,0,4
31.818676,11.419477,-10.086771,-48.400719,3.857378,0.003328,2.1068,16.502571,0.612622,0.323182,224.554,5.764147,27.636,0,Electric_Kettle,sess_1775549807051,1775549864930,71567,1,1,1,0,20,32768.00,0,4
36.634888,11.951013,-3.947426,-62.953026,0.827329,0.025493,1.3178,16.363647,0.610864,0.156570,224.157,5.836347,27.636,0,Electric_Kettle,sess_1775549807051,1775549865028,71663,1,1,1,0,20,32768.00,0,4
32.814342,11.398165,-4.560242,-64.167091,1.132244,0.041781,0.6400,15.959686,0.692040,0.075318,224.157,5.871513,27.636,0,Electric_Kettle,sess_1775549807051,1775549865305,71762,1,1,1,0,20,32768.00,0,4
29.375282,12.796228,-3.881398,-52.416378,1.577050,0.046733,2.6293,16.311081,0.717361,0.034128,224.157,5.788385,27.636,0,Electric_Kettle,sess_1775549807051,1775549865332,71955,1,1,1,0,20,32768.00,0,4
31.508669,6.528878,-10.007023,-63.737122,1.335054,0.109705,0.8339,16.176716,0.958415,0.274744,224.157,5.661159,27.634,0,Electric_Kettle,sess_1775549807051,1775549865415,72049,1,1,1,0,20,32768.00,0,4
34.322544,9.736624,-6.251031,-60.852242,8.645565,0.055891,0.6137,15.694114,0.771065,0.076775,224.157,5.626388,27.634,0,Electric_Kettle,sess_1775549807051,1775549865524,72148,1,1,1,0,20,32768.00,0,4
30.849802,4.139872,-13.621436,-61.919601,2.541504,0.106894,0.6199,15.946778,0.991860,0.113734,223.978,5.677581,27.634,0,Electric_Kettle,sess_1775549807051,1775549865828,72249,1,1,1,0,20,32768.00,0,4
24.797073,12.452724,-3.841207,-47.455048,3.653638,0.016095,3.2515,16.474928,0.809929,0.014228,223.978,5.785640,27.634,0,Electric_Kettle,sess_1775549807051,1775549865855,72445,1,1,1,0,20,32768.00,0,4
32.016975,11.253157,-5.602526,-39.096409,6.088473,0.126885,0.0000,14.929594,0.720071,0.500705,223.978,5.553888,27.634,0,Electric_Kettle,sess_1775549807051,1775549865909,72538,1,1,1,0,20,32768.00,0,4
39.444012,4.390962,-21.898029,-63.547783,4.044335,0.034720,0.5556,16.346573,0.804227,0.201565,223.978,5.643445,27.634,0,Electric_Kettle,sess_1775549807051,1775549866016,72632,0,1,1,0,18,32768.00,0,4
31.420633,4.090645,-12.373196,-63.157558,2.283554,0.066015,0.3749,16.202000,0.924672,0.028643,224.247,5.630514,27.634,0,Electric_Kettle,sess_1775549807051,1775549866100,72731,1,1,1,0,9,32768.00,0,4
29.915667,7.641840,-9.664477,-63.194904,0.009560,0.038222,2.5706,14.764570,0.061577,0.043154,224.247,5.661057,27.634,0,Electric_Kettle,sess_1775549807051,1775549866374,72930,1,1,1,0,11,32768.00,0,4
30.303577,6.589610,-10.624746,-64.584595,0.039259,0.153905,1.0360,16.803421,0.235858,0.289019,224.247,5.791950,27.634,0,Electric_Kettle,sess_1775549807051,1775549866388,73024,1,1,1,0,12,32768.00,0,4
31.640518,11.374997,-4.548724,-64.895027,8.115718,0.071421,1.9386,16.241629,0.700857,0.109206,224.247,5.842552,27.639,0,Electric_Kettle,sess_1775549807051,1775549866483,73117,1,1,1,0,17,32768.00,0,4
31.206871,11.251339,-4.791860,-63.814732,1.656479,0.054855,1.6802,17.114552,0.614149,0.021671,224.400,5.832423,27.639,0,Electric_Kettle,sess_1775549807051,1775549866592,73217,1,1,1,0,20,32768.00,0,4
37.128185,12.019577,-4.764523,-48.671501,0.997185,0.002011,2.6854,15.902767,0.977996,0.030238,224.400,5.858408,27.639,0,Electric_Kettle,sess_1775549807051,1775549866910,73508,1,1,1,0,20,32768.00,0,4
34.313072,13.018436,-3.339435,-57.037720,8.554000,0.748687,2.4078,16.078341,0.779741,0.550978,224.400,5.600179,27.643,0,Electric_Kettle,sess_1775549807051,1775549866965,73601,1,1,1,0,20,32768.00,0,4
32.670437,7.955496,-7.991848,-63.569954,1.723160,0.077503,1.6531,16.188778,0.681510,0.324361,224.400,5.745498,27.643,0,Electric_Kettle,sess_1775549807051,1775549867073,73698,1,1,1,0,20,32768.00,0,4
31.105053,12.540707,-4.303755,-60.946659,4.743970,0.363581,0.6572,15.635606,0.691372,0.214847,224.541,5.705987,27.643,0,Electric_Kettle,sess_1775549807051,1775549867413,73991,1,1,1,0,20,32768.00,0,4
34.792580,11.743343,-7.201338,-50.365086,5.755367,0.034496,13.3642,16.036472,0.744503,0.004156,224.541,5.704090,27.651,0,Electric_Kettle,sess_1775549807051,1775549867467,74085,1,1,1,0,20,32768.00,0,4
33.128674,3.825258,-15.430054,-65.228073,0.947950,0.105005,0.5803,15.448156,0.694086,0.101584,224.541,5.750445,27.651,0,Electric_Kettle,sess_1775549807051,1775549867548,74179,0,1,1,0,18,32768.00,0,4
33.265381,4.026735,-12.402126,-60.776497,9.749621,0.050309,1.2119,15.286641,0.914491,0.069232,224.656,5.782295,27.651,0,Electric_Kettle,sess_1775549807051,1775549867634,74279,1,1,1,0,11,32768.00,0,4
32.758522,10.173759,-6.918005,-63.781258,0.115561,0.034424,0.2750,17.179735,0.294979,0.312908,224.656,5.842206,27.648,0,Electric_Kettle,sess_1775549807051,1775549867952,74571,1,1,1,0,14,32768.00,0,4
32.416756,11.934254,-4.127694,-63.398315,2.152686,0.103172,0.8794,16.132029,0.756949,0.096207,224.656,5.797241,27.648,0,Electric_Kettle,sess_1775549807051,1775549868032,74664,1,1,1,0,19,32768.00,0,4
32.644733,8.712029,-7.424419,-64.196861,5.555604,0.095382,1.0871,16.289822,0.767375,0.020742,224.656,5.787621,27.648,0,Electric_Kettle,sess_1775549807051,1775549868127,74762,1,1,1,0,20,32768.00,0,4
31.379301,10.368307,-6.629651,-54.434525,0.001267,0.067832,0.8623,16.156118,0.600237,0.259170,224.736,5.915340,27.648,0,Electric_Kettle,sess_1775549807051,1775549868391,74962,1,1,1,0,20,32768.00,0,4
28.017050,12.250469,-4.609900,-58.919773,8.840418,0.049532,0.9777,15.793561,0.855678,0.256056,224.736,5.794167,27.648,0,Electric_Kettle,sess_1775549807051,1775549868417,75055,1,1,1,0,20,32768.00,0,4
32.091419,10.087301,-6.095332,-62.898071,2.256409,0.017284,0.8863,16.181591,0.832736,0.283767,224.736,5.662632,27.654,0,Electric_Kettle,sess_1775549807051,1775549868512,75149,1,1,1,0,20,32768.00,0,4
32.428467,9.249694,-6.712090,-60.931927,11.601866,0.089320,1.0371,15.315443,0.992562,0.118643,224.736,5.716378,27.654,0,Electric_Kettle,sess_1775549807051,1775549868620,75249,1,1,1,0,20,32768.00,0,4
30.737936,3.300731,-23.925072,-59.288540,0.174746,0.211843,0.3818,14.526919,0.634151,0.233265,224.595,5.638347,27.654,0,Electric_Kettle,sess_1775549807051,1775549868947,75542,0,1,1,0,18,32768.00,0,4
31.561338,9.266138,-7.449653,-52.730480,10.175326,0.053395,1.9864,16.079613,1.238040,0.262819,224.595,5.756896,27.658,0,Electric_Kettle,sess_1775549807051,1775549869002,75635,1,1,1,0,15,32768.00,0,4
37.543522,12.331487,-3.630828,-63.785366,2.924206,0.047486,0.8763,16.784470,0.562889,0.010918,224.595,5.761925,27.658,0,Electric_Kettle,sess_1775549807051,1775549869110,75730,1,1,1,0,20,32768.00,0,4
30.054337,13.068208,-4.035182,-63.354309,0.031439,0.065255,0.6544,15.374957,0.333565,0.070561,224.489,5.837152,27.658,0,Electric_Kettle,sess_1775549807051,1775549869456,76020,1,1,1,0,20,32768.00,0,4
31.293259,11.274202,-5.420306,-63.212811,5.648163,0.097956,2.2039,14.911970,0.812855,0.403099,224.489,5.648915,27.655,0,Electric_Kettle,sess_1775549807051,1775549869483,76113,1,1,1,0,20,32768.00,0,4
33.138691,5.386651,-10.485437,-59.791039,1.875972,0.109679,1.3892,16.184113,0.733337,0.474627,224.489,5.863406,27.655,0,Electric_Kettle,sess_1775549807051,1775549869577,76208,1,1,1,0,20,32768.00,0,4
32.362972,10.353287,-5.691118,-66.720970,11.210082,0.098032,4.5663,16.079943,0.859675,0.065323,224.467,5.894047,27.655,0,Electric_Kettle,sess_1775549807051,1775549869672,76309,1,1,1,0,20,32768.00,0,4
32.680813,8.603232,-8.593464,-63.508167,0.034399,0.030766,1.8989,17.030087,0.531865,0.012335,224.467,5.739427,27.655,0,Electric_Kettle,sess_1775549807051,1775549869933,76506,1,1,1,0,20,32768.00,0,4
34.850113,11.592841,-6.279073,-51.952522,4.060639,0.051699,1.8828,15.646221,0.827077,0.378969,224.467,5.913432,27.655,0,Electric_Kettle,sess_1775549807051,1775549869959,76600,1,1,1,0,20,32768.00,0,4
37.337467,12.508870,-3.484774,-67.477654,10.484139,0.073194,7.3633,15.941328,0.803638,0.127554,224.467,5.853089,27.660,0,Electric_Kettle,sess_1775549807051,1775549870068,76693,1,1,1,0,20,32768.00,0,4
33.526333,12.481377,-3.495732,-62.783707,2.575988,0.065477,1.5987,15.324562,0.729659,0.093871,224.467,5.809134,27.660,0,Electric_Kettle,sess_1775549807051,1775549870163,76793,1,1,1,0,20,32768.00,0,4
30.493689,12.849431,-4.169498,-62.702595,4.334583,0.067127,0.6849,17.068975,0.779048,0.223506,224.602,5.764688,27.660,0,Electric_Kettle,sess_1775549807051,1775549870466,77084,1,1,1,0,20,32768.00,0,4
31.815361,9.304265,-7.262552,-64.111717,5.727898,0.061072,2.9589,16.846973,0.863386,0.137554,224.602,5.701252,27.664,0,Electric_Kettle,sess_1775549807051,1775549870549,77178,1,1,1,0,20,32768.00,0,4
31.030867,12.425144,-3.328519,-62.434204,1.512048,0.098955,0.8962,15.316345,0.858920,0.183659,224.602,5.785018,27.664,0,Electric_Kettle,sess_1775549807051,1775549870644,77276,1,1,1,0,20,32768.00,0,4
32.577427,8.857433,-8.265296,-64.470840,0.001751,0.045390,0.6754,16.897341,0.256471,0.334154,224.712,5.795210,27.664,0,Electric_Kettle,sess_1775549807051,1775549870923,77572,1,1,1,0,20,32768.00,0,4
34.023090,12.255171,-3.631942,-62.433868,0.858279,0.057271,0.7191,15.281433,0.580470,0.111656,224.712,5.846976,27.666,0,Electric_Kettle,sess_1775549807051,1775549871045,77666,1,1,1,0,20,32768.00,0,4
32.027515,10.844349,-5.255613,-64.716423,2.079525,0.056807,0.8152,15.533058,0.684642,0.088140,224.712,5.805748,27.666,0,Electric_Kettle,sess_1775549807051,1775549871126,77764,1,1,1,0,20,32768.00,0,4
27.333197,8.391260,-10.323494,-50.038723,6.732800,0.048441,1.4169,16.507797,1.131601,0.223366,224.837,5.789511,27.666,0,Electric_Kettle,sess_1775549807051,1775549871476,78054,1,1,1,0,20,32768.00,0,4
31.115236,12.574988,-3.803623,-48.728714,4.427965,0.117234,3.8297,16.163202,0.854542,0.175089,224.837,5.708416,27.673,0,Electric_Kettle,sess_1775549807051,1775549871506,78149,1,1,1,0,20,32768.00,0,4
35.549446,9.874458,-6.133794,-65.065376,9.454108,0.070441,0.5582,16.077124,0.834744,0.080361,224.837,5.671717,27.673,0,Electric_Kettle,sess_1775549807051,1775549871615,78242,1,1,1,0,20,32768.00,0,4
32.869019,8.488432,-7.550866,-62.947659,2.405782,0.007138,0.6323,14.944990,0.876615,0.212487,224.837,5.575304,27.673,0,Electric_Kettle,sess_1775549807051,1775549871970,78342,1,1,1,0,20,32768.00,0,4
29.273161,3.272146,-16.081589,-64.806717,0.003619,0.083698,5.0126,17.220020,0.054790,0.396838,225.023,5.664348,27.673,0,Electric_Kettle,sess_1775549807051,1775549871998,78634,0,1,1,0,18,32768.00,0,4
34.177723,4.264274,-15.809941,-62.721516,0.278531,0.078619,1.0482,15.986664,0.405423,0.057159,225.023,5.690249,27.676,0,Electric_Kettle,sess_1775549807051,1775549872108,78727,0,1,1,0,4,32768.00,0,4
30.905762,4.217674,-11.970032,-65.207809,2.483273,0.050433,0.3383,15.706537,0.912850,0.087563,225.023,5.650389,27.676,0,Electric_Kettle,sess_1775549807051,1775549872189,78825,1,1,1,0,1,32768.00,0,4
30.275429,13.105067,-3.439018,-56.691414,2.742836,0.151601,1.8338,16.564262,0.702483,0.438750,225.023,5.553143,27.676,0,Electric_Kettle,sess_1775549807051,1775549872437,79022,1,1,1,0,3,32768.00,0,4
27.680784,7.668260,-9.349527,-50.325615,7.954978,0.006174,2.9814,16.194122,0.894088,0.350375,225.023,5.708798,27.676,0,Electric_Kettle,sess_1775549807051,1775549872490,79117,1,1,1,0,6,32768.00,0,4
33.748802,11.329593,-4.419790,-65.225685,2.780135,0.015061,1.3298,15.330812,0.638907,0.347529,225.304,5.867516,27.674,0,Electric_Kettle,sess_1775549807051,1775549872575,79211,1,1,1,0,12,32768.00,0,4
30.161854,8.739133,-7.457567,-63.963585,2.173552,0.039334,1.2214,16.193766,0.855960,0.085776,225.304,5.827252,27.674,0,Electric_Kettle,sess_1775549807051,1775549872684,79310,1,1,1,0,18,32768.00,0,4
32.682041,10.200747,-8.020397,-46.764191,4.909324,0.098565,3.3700,16.106060,1.123039,0.112829,225.304,5.919925,27.674,0,Electric_Kettle,sess_1775549807051,1775549872996,79601,1,1,1,0,20,32768.00,0,4
32.822189,12.178516,-4.223644,-60.747143,3.743615,0.027510,5.0120,15.582706,0.764509,0.526441,225.494,5.670605,27.670,0,Electric_Kettle,sess_1775549807051,1775549873068,79695,1,1,1,0,20,32768.00,0,4
34.566647,7.948895,-7.921776,-46.592442,3.082987,0.017695,0.0000,15.607952,0.846163,0.412887,225.494,5.857911,27.670,0,Electric_Kettle,sess_1775549807051,1775549873162,79792,1,1,1,0,20,32768.00,0,4
31.411318,9.995295,-6.830499,-46.823505,0.558533,0.060230,4.9920,15.562273,0.875267,0.312039,225.494,5.838309,27.670,0,Electric_Kettle,sess_1775549807051,1775549873475,80081,1,1,1,0,20,32768.00,0,4
31.626844,11.348999,-5.776489,-64.462013,0.002899,0.040172,0.5916,15.808428,0.305855,0.174462,225.587,5.857225,27.680,0,Electric_Kettle,sess_1775549807051,1775549873641,80275,1,1,1,0,20,32768.00,0,4
32.045834,12.421345,-3.430903,-60.369194,0.575608,0.097025,1.4404,15.856885,0.982706,0.125279,225.587,5.798522,27.680,0,Electric_Kettle,sess_1775549807051,1775549873949,80369,1,1,1,0,20,32768.00,0,4
31.358614,12.969685,-3.521445,-63.303776,0.001742,0.079979,0.6724,15.958480,1.287011,0.022020,225.587,5.692562,27.678,0,Electric_Kettle,sess_1775549807051,1775549874158,80759,1,1,1,0,20,32768.00,0,4
31.086382,9.250669,-7.446655,-61.640339,3.172283,0.071596,7.4234,15.090668,0.770610,0.055251,225.586,5.667400,27.678,0,Electric_Kettle,sess_1775549807051,1775549874214,80853,1,1,1,0,20,32768.00,0,4
33.687508,12.921535,-3.876961,-63.512951,0.022555,0.005790,0.4960,16.518223,0.155997,0.231945,225.586,5.730262,27.678,0,Electric_Kettle,sess_1775549807051,1775549874641,81241,1,1,1,0,20,32768.00,0,4
30.810026,12.323763,-4.013281,-56.458431,3.446053,0.349508,3.4139,15.459461,0.847192,0.308563,225.199,5.588810,27.679,0,Electric_Kettle,sess_1775549807051,1775549874695,81334,1,1,1,0,20,32768.00,0,4
34.870899,11.462038,-7.564874,-50.971607,68.289047,0.274858,1.6064,16.249264,2.099665,0.279455,225.199,5.605714,27.679,0,Electric_Kettle,sess_1775549807051,1775549875166,81718,1,1,1,0,20,32768.00,0,4
33.602314,4.004375,-13.239967,-64.731186,0.000824,0.022705,0.7637,16.612309,0.201494,0.311896,225.199,5.745586,27.675,0,Electric_Kettle,sess_1775549807051,1775549875194,81820,1,1,1,0,20,32768.00,0,4
34.629486,10.023646,-6.114421,-45.526142,67.462341,0.012809,2.0831,15.393936,2.199937,0.148905,224.543,5.749201,27.675,0,Electric_Kettle,sess_1775549807051,1775549875656,82202,1,1,1,0,20,32768.00,0,4
31.720594,11.132321,-5.440116,-52.636486,5.234114,0.046153,2.0316,16.557766,0.778705,0.366333,224.543,5.580711,27.675,0,Electric_Kettle,sess_1775549807051,1775549875683,82299,1,1,1,0,20,32768.00,0,4
33.279411,11.802421,-3.763173,-64.638176,2.355519,0.026218,1.4404,16.108839,0.666263,0.618309,224.213,5.856760,27.674,0,Electric_Kettle,sess_1775549807051,1775549875969,82396,1,1,1,0,20,32768.00,0,4
31.840649,12.383122,-3.951981,-56.835785,3.614339,1.082297,2.6678,16.011002,0.734554,0.089319,224.213,5.542837,27.674,0,Electric_Kettle,sess_1775549807051,1775549876174,82789,1,1,1,0,20,32768.00,0,4
33.380428,10.072207,-6.176755,-52.474819,6.540610,0.012918,2.5219,15.399772,0.914077,0.672069,224.204,5.840851,27.679,0,Electric_Kettle,sess_1775549807051,1775549876256,82883,1,1,1,0,20,32768.00,0,4
32.482361,3.217463,-26.103111,-63.656837,0.008570,0.024461,2.8254,14.929647,0.075879,0.149724,224.204,5.686227,27.679,0,Electric_Kettle,sess_1775549807051,1775549876682,83274,0,1,1,0,18,32768.00,0,4
31.181442,8.187309,-8.978282,-48.968712,1.949649,0.029833,2.3330,16.325844,0.500950,0.392657,224.204,5.864847,27.689,0,Electric_Kettle,sess_1775549807051,1775549876723,83366,1,1,1,0,17,32768.00,0,4
38.886410,8.083278,-9.367796,-64.788071,0.001426,0.057047,1.5064,14.346992,0.060218,0.105535,224.230,5.696357,27.689,0,Electric_Kettle,sess_1775549807051,1775549877174,83755,1,1,1,0,20,32768.00,0,4
34.103069,4.229135,-13.235531,-47.854504,0.054322,0.044482,0.0000,14.448934,0.068519,0.089524,224.230,5.655560,27.696,0,Electric_Kettle,sess_1775549807051,1775549877216,83847,1,1,1,0,20,32768.00,0,4
32.820049,12.271482,-3.616758,-47.183910,14.823330,0.263471,0.0000,16.129297,1.350061,0.278936,224.471,5.620354,27.696,0,Electric_Kettle,sess_1775549807051,1775549877641,84227,1,1,1,0,20,32768.00,0,4
32.868332,12.469940,-3.572705,-51.519695,1.828105,0.064290,2.1255,16.569273,0.747671,0.009988,224.471,5.624845,27.696,0,Electric_Kettle,sess_1775549807051,1775549877694,84326,1,1,1,0,20,32768.00,0,4
30.479303,3.913111,-15.961986,-62.222664,3.868004,0.053105,1.0093,16.394173,0.807654,0.143094,224.681,5.689235,27.698,0,Electric_Kettle,sess_1775549807051,1775549877780,84422,0,1,1,0,18,32768.00,0,4
30.427052,3.304241,-17.033472,-62.590263,0.036256,0.028558,1.1197,16.253647,0.188824,0.123631,224.681,5.730848,27.698,0,Electric_Kettle,sess_1775549807051,1775549878087,84713,0,1,1,0,14,32768.00,0,4
33.340431,9.570576,-6.439183,-62.968262,1.264499,0.068631,0.8632,15.844919,0.789855,0.146345,224.681,5.797943,27.698,0,Electric_Kettle,sess_1775549807051,1775549878168,84806,1,1,1,0,7,32768.00,0,4
32.004375,5.141013,-11.130219,-65.682343,5.963922,0.059670,0.8984,15.823620,0.656341,0.120484,224.681,5.742058,27.700,0,Electric_Kettle,sess_1775549807051,1775549878278,84905,1,1,1,0,13,32768.00,0,4
27.935223,6.825253,-10.542117,-53.143730,0.292985,0.111275,1.0299,16.384752,1.098627,0.100452,224.863,5.790132,27.700,0,Electric_Kettle,sess_1775549807051,1775549878599,85196,1,1,1,0,15,32768.00,0,4
27.716413,12.214751,-4.555418,-49.963280,6.330960,0.237078,1.7431,15.900708,0.794229,0.233384,224.863,5.682025,27.700,0,Electric_Kettle,sess_1775549807051,1775549878665,85290,1,1,1,0,19,32768.00,0,4
32.862099,4.740895,-11.526694,-63.408218,1.520178,0.061190,0.8060,16.639757,0.965269,0.005424,224.863,5.684491,27.701,0,Electric_Kettle,sess_1775549807051,1775549878747,85385,1,1,1,0,20,32768.00,0,4
30.366138,5.836257,-11.449690,-51.257996,0.438539,0.081321,2.1463,15.841385,0.649912,0.022486,225.009,5.745444,27.701,0,Electric_Kettle,sess_1775549807051,1775549879118,85677,1,1,1,0,20,32768.00,0,4
32.417793,11.558638,-5.526122,-65.442123,0.001349,0.098546,0.7407,15.539450,0.479860,0.201859,225.009,5.838225,27.701,0,Electric_Kettle,sess_1775549807051,1775549879122,85771,1,1,1,0,20,32768.00,0,4
31.313213,12.684002,-3.298482,-65.257370,1.956829,0.026661,0.8479,15.744568,0.587529,0.146451,225.009,5.769824,27.701,0,Electric_Kettle,sess_1775549807051,1775549879230,85864,1,1,1,0,20,32768.00,0,4
30.711540,11.756314,-4.151363,-63.715305,1.200317,0.047614,1.2756,14.801046,0.601783,0.157202,225.009,5.842386,27.709,0,Electric_Kettle,sess_1775549807051,1775549879594,85963,1,1,1,0,20,32768.00,0,4
31.752401,7.231417,-9.938492,-57.627304,1.228557,0.085309,0.8304,15.136615,0.441044,0.320324,225.009,5.796237,27.709,0,Electric_Kettle,sess_1775549807051,1775549879621,86252,1,1,1,0,20,32768.00,0,4
33.876999,12.900447,-2.872103,-61.664955,1.194728,0.013399,2.6155,15.359304,0.455279,0.001000,224.893,5.795774,27.709,0,Electric_Kettle,sess_1775549807051,1775549879732,86347,1,1,1,0,20,32768.00,0,4
31.115892,11.910418,-3.982347,-65.189163,2.737606,0.038355,2.8488,16.362143,0.708625,0.083622,224.893,5.834546,27.709,0,Electric_Kettle,sess_1775549807051,1775549879813,86445,1,1,1,0,20,32768.00,0,4
29.174316,9.254417,-8.035054,-56.174488,1.249864,0.087829,1.2471,16.022007,0.510046,0.046641,224.893,5.824863,27.709,0,Electric_Kettle,sess_1775549807051,1775549880068,86642,1,1,1,0,20,32768.00,0,4
28.784174,12.142677,-6.763400,-52.143600,0.000723,0.058265,1.6651,15.378683,0.956437,0.136723,224.893,5.888575,27.709,0,Electric_Kettle,sess_1775549807051,1775549880094,86735,1,1,1,0,20,32768.00,0,4
35.811932,12.428925,-3.520939,-66.340851,0.943434,0.013904,6.8241,16.009390,0.817294,0.041139,224.716,5.869195,27.709,0,Electric_Kettle,sess_1775549807051,1775549880192,86828,1,1,1,0,20,32768.00,0,4
35.074326,11.500492,-4.557833,-61.895336,2.347293,0.076352,49.0796,15.522471,0.738523,0.065170,224.716,5.838595,27.720,0,Electric_Kettle,sess_1775549807051,1775549880302,86927,1,1,1,0,20,32768.00,0,4
35.074326,11.500492,-4.557833,-61.895336,2.347293,0.076352,49.0796,15.522471,0.738523,0.065170,224.716,0.000000,27.720,0,Electric_Kettle,sess_1775549807051,1775549880658,87279,0,1,1,0,18,32768.00,0,4
35.074326,11.500492,-4.557833,-61.895336,2.347293,0.076352,49.0796,15.522471,0.738523,0.065170,224.448,0.000000,27.720,0,Electric_Kettle,sess_1775549807051,1775549880672,87341,0,1,1,0,16,32768.00,0,4
35.074326,11.500492,-4.557833,-61.895336,2.347293,0.076352,49.0796,15.522471,0.738523,0.065170,224.448,0.000000,27.720,0,Electric_Kettle,sess_1775549807051,1775549880743,87404,0,1,1,0,6,32768.00,0,4
35.074326,11.500492,-4.557833,-61.895336,2.347293,0.076352,49.0796,15.522471,0.738523,0.065170,224.448,0.000000,27.720,0,Electric_Kettle,sess_1775549807051,1775549880825,87473,0,1,1,0,0,32768.00,0,4
