epoch_ms,uptime_ms,frame_start_uptime_ms,frame_end_uptime_ms,feature_compute_end_uptime_ms,log_enqueue_uptime_ms,frame_dt_ms,compute_time_ms,timing_skew_ms,v_rms,i_rms,temp_c,abs_irms_zscore_vs_baseline,delta_irms_abs,halfcycle_asymmetry,suspicious_run_energy,delta_hf_energy,delta_flux,midband_residual_ratio,zcv,spectral_flux_midhf,peak_fluct_cv,residual_crest_factor,thd_i,hf_energy_delta,edge_spike_ratio,model_pred,label_arc,feat_valid,current_valid,sampling_quality_bad,invalid_loaded_flag,invalid_off_flag,relay_blank_active,turnon_blank_active,transient_blank_active,suspicious_run_len,invalid_loaded_run_len,restrike_count_short,device_family,device_family_code,device_name,trial_number,division_tag,notes,trusted_normal_session,load_type,session_id,context_family_code_runtime,context_family_code_provisional,context_family_confidence,context_family_confidence_provisional,context_acquiring,context_latched,adc_fs_hz,feature_space_version,cycle_nmse,fs_err_hz,v_sag_pct,queue_drop_count,fault_state,arc_counter,auto_capture
1775799304438,790566,790566,790604,790608,790931,100.008,4.079,365,232.376,0.0,24.402,0.0,0.0,0.0,0,0.0,0.0,0.0,0.0,0.0,0.0,0.0,0.0,0.0,0.0,0,0,0,1,0,0,0,0,0,0,0,0,0,inductive_motor,1,drill_press,5,start,unknown,0,drill_press,sess_1775799304150,1,1,1.0,1.0,0,1,27072.76,5,0.0,72.758,0.0,0,0,0,0
1775799304538,790666,790666,790704,790708,790943,100.003,4.096,277,232.376,0.0,24.402,0.0,0.0,0.0,0,0.0,0.0,0.0,0.0,0.0,0.0,0.0,0.0,0.0,0.0,0,0,0,1,0,0,0,0,0,0,0,0,0,inductive_motor,1,drill_press,5,start,unknown,0,drill_press,sess_1775799304150,1,1,1.0,1.0,0,1,26639.61,5,0.0,360.389,0.0,0,0,0,0
1775799304638,790766,790766,790805,790810,790955,100.003,4.328,189,232.376,0.0,24.402,0.0,0.0,0.0,0,0.0,0.0,0.0,0.0,0.0,0.0,0.0,0.0,0.0,0.0,0,0,0,1,0,0,0,0,0,0,0,0,0,inductive_motor,1,drill_press,5,start,unknown,0,drill_press,sess_1775799304150,1,1,1.0,1.0,0,1,25920.77,5,0.0,1079.23,0.0,0,0,0,0
1775799304738,790866,790866,790902,790907,790981,100.004,4.439,115,232.376,0.0,24.402,0.0,0.0,0.0,0,0.0,0.0,0.0,0.0,0.0,0.0,0.0,0.0,0.0,0.0,0,0,0,1,0,0,0,0,0,0,0,0,0,inductive_motor,1,drill_press,5,start,unknown,0,drill_press,sess_1775799304150,1,1,1.0,1.0,0,1,28187.62,5,0.0,1187.623,0.0,0,0,0,0
1775799304838,790966,790966,791004,791009,791032,100.007,4.254,66,232.376,0.0,24.402,0.0,0.0,0.0,0,0.0,0.0,0.0,0.0,0.0,0.0,0.0,0.0,0.0,0.0,0,0,0,1,0,0,0,0,0,0,0,0,0,inductive_motor,1,drill_press,5,start,unknown,0,drill_press,sess_1775799304150,1,1,1.0,1.0,0,1,26684.73,5,0.0,315.266,0.0,0,0,0,0
1775799304938,791066,791066,791103,791107,791277,100.007,4.091,211,232.384,0.0,24.405,0.0,0.0,0.0,0,0.0,0.0,0.0,0.0,0.0,0.0,0.0,0.0,0.0,0.0,0,0,0,1,0,0,0,0,0,0,0,0,0,inductive_motor,1,drill_press,5,start,unknown,0,drill_press,sess_1775799304150,1,1,1.0,1.0,0,1,27425.14,5,0.0,425.143,0.0,0,0,0,0
1775799305038,791166,791166,791202,791207,791279,100.014,4.092,113,232.384,0.0,24.405,0.0,0.0,0.0,0,0.0,0.0,0.0,0.0,0.0,0.0,0.0,0.0,0.0,0.0,0,0,0,1,0,0,0,0,0,0,0,0,0,inductive_motor,1,drill_press,5,start,unknown,0,drill_press,sess_1775799304150,1,1,1.0,1.0,0,1,28124.14,5,0.0,1124.143,0.0,0,0,0,0
1775799305138,791266,791266,791305,791309,791330,100.007,4.119,64,232.384,0.0,24.405,0.0,0.0,0.0,0,0.0,0.0,0.0,0.0,0.0,0.0,0.0,0.0,0.0,0.0,0,0,0,1,0,0,0,0,0,0,0,0,0,inductive_motor,1,drill_press,5,start,unknown,0,drill_press,sess_1775799304150,1,1,1.0,1.0,0,1,26413.54,5,0.0,586.463,0.0,0,0,0,0
1775799305238,791366,791366,791405,791409,791431,100.006,4.217,65,232.384,0.0,24.405,0.0,0.0,0.0,0,0.0,0.0,0.0,0.0,0.0,0.0,0.0,0.0,0.0,0.0,0,0,0,1,0,0,0,0,0,0,0,0,0,inductive_motor,1,drill_press,5,start,unknown,0,drill_press,sess_1775799304150,1,1,1.0,1.0,0,1,26486.64,5,0.0,513.359,0.0,0,0,0,0
1775799305338,791466,791466,791504,791509,791532,100.007,4.26,66,232.384,0.0,24.405,0.0,0.0,0.0,0,0.0,0.0,0.0,0.0,0.0,0.0,0.0,0.0,0.0,0.0,0,0,0,1,0,0,0,0,0,0,0,0,0,inductive_motor,1,drill_press,5,start,unknown,0,drill_press,sess_1775799304150,1,1,1.0,1.0,0,1,26649.32,5,0.0,350.684,0.0,0,0,0,0
1775799305438,791566,791566,791603,791607,791812,100.008,4.082,246,232.384,0.0,24.407,0.0,0.0,0.0,0,0.0,0.0,0.0,0.0,0.0,0.0,0.0,0.0,0.0,0.0,0,0,0,1,0,0,0,0,0,0,0,0,0,inductive_motor,1,drill_press,5,start,unknown,0,drill_press,sess_1775799304150,1,1,1.0,1.0,0,1,27425.14,5,0.0,425.143,0.0,0,0,0,0
1775799305538,791666,791666,791704,791709,791824,100.002,4.092,158,232.384,0.0,24.407,0.0,0.0,0.0,0,0.0,0.0,0.0,0.0,0.0,0.0,0.0,0.0,0.0,0.0,0,0,0,1,0,0,0,0,0,0,0,0,0,inductive_motor,1,drill_press,5,start,unknown,0,drill_press,sess_1775799304150,1,1,1.0,1.0,0,1,26615.38,5,0.0,384.623,0.0,0,0,0,0
1775799305638,791766,791766,791803,791808,791836,100.003,4.091,70,232.384,0.0,24.407,0.0,0.0,0.0,0,0.0,0.0,0.0,0.0,0.0,0.0,0.0,0.0,0.0,0.0,0,0,0,1,0,0,0,0,0,0,0,0,0,inductive_motor,1,drill_press,5,start,unknown,0,drill_press,sess_1775799304150,1,1,1.0,1.0,0,1,27372.36,5,0.0,372.359,0.0,0,0,0,0
1775799305738,791866,791866,791903,791908,791925,100.009,4.088,59,232.384,0.0,24.407,0.0,0.0,0.0,0,0.0,0.0,0.0,0.0,0.0,0.0,0.0,0.0,0.0,0.0,0,0,0,1,0,0,0,0,0,0,0,0,0,inductive_motor,1,drill_press,5,start,unknown,0,drill_press,sess_1775799304150,1,1,1.0,1.0,0,1,27414.13,5,0.0,414.131,0.0,0,0,0,0
1775799305838,791966,791966,792004,792008,792028,100.008,4.08,62,232.352,0.0,24.407,0.0,0.0,0.0,0,0.0,0.0,0.0,0.0,0.0,0.0,0.0,0.0,0.0,0.0,0,0,0,1,0,0,0,0,0,0,0,0,0,inductive_motor,1,drill_press,5,start,unknown,0,drill_press,sess_1775799304150,1,1,1.0,1.0,0,1,27326.34,5,0.0,326.342,0.0667,0,0,0,0
1775799305938,792066,792066,792105,792109,792302,100.007,4.074,236,232.352,0.0,24.404,0.0,0.0,0.0,0,0.0,0.0,0.0,0.0,0.0,0.0,0.0,0.0,0.0,0.0,0,0,0,1,0,0,0,0,0,0,0,0,0,inductive_motor,1,drill_press,5,start,unknown,0,drill_press,sess_1775799304150,1,1,1.0,1.0,0,1,26281.34,5,0.0,718.656,0.0573,0,0,0,0
1775799306038,792166,792166,792205,792209,792314,100.004,4.091,148,232.352,0.0,24.404,0.0,0.0,0.0,0,0.0,0.0,0.0,0.0,0.0,0.0,0.0,0.0,0.0,0.0,0,0,0,1,0,0,0,0,0,0,0,0,0,inductive_motor,1,drill_press,5,start,unknown,0,drill_press,sess_1775799304150,1,1,1.0,1.0,0,1,26244.97,5,0.0,755.029,0.0556,0,0,0,0
1775799306138,792266,792266,792303,792307,792326,100.007,4.114,60,232.352,0.0,24.404,0.0,0.0,0.0,0,0.0,0.0,0.0,0.0,0.0,0.0,0.0,0.0,0.0,0.0,0,0,0,1,0,0,0,0,0,0,0,0,0,inductive_motor,1,drill_press,5,start,unknown,0,drill_press,sess_1775799304150,1,1,1.0,1.0,0,1,27940.73,5,0.0,940.734,0.0539,0,0,0,0
1775799306238,792366,792366,792404,792408,792427,100.011,4.122,61,232.352,0.0,24.404,0.0,0.0,0.0,0,0.0,0.0,0.0,0.0,0.0,0.0,0.0,0.0,0.0,0.0,0,0,0,1,0,0,0,0,0,0,0,0,0,inductive_motor,1,drill_press,5,start,unknown,0,drill_press,sess_1775799304150,1,1,1.0,1.0,0,1,27189.93,5,0.0,189.932,0.0449,0,0,0,0
1775799306338,792466,792466,792503,792508,792528,100.009,4.236,62,232.352,0.0,24.404,0.0,0.0,0.0,0,0.0,0.0,0.0,0.0,0.0,0.0,0.0,0.0,0.0,0.0,0,0,0,1,0,0,0,0,0,0,0,0,0,inductive_motor,1,drill_press,5,start,unknown,0,drill_press,sess_1775799304150,1,1,1.0,1.0,0,0,27453.82,5,0.0,453.818,0.0374,0,0,0,0
1775799306438,792566,792566,792604,792609,792842,100.009,5.351,276,232.405,0.0,24.399,0.0,0.0,0.0,0,0.0,0.0,0.0,0.0,0.0,0.0,0.0,0.0,0.0,0.0,0,0,0,1,0,0,0,0,0,0,0,0,0,inductive_motor,1,drill_press,5,start,unknown,0,drill_press,sess_1775799304150,1,1,1.0,1.0,0,0,27313.95,5,0.0,313.951,0.0,0,0,0,0
1775799306538,792666,792666,792701,792705,792854,100.004,4.084,188,232.405,0.0,24.399,0.0,0.0,0.0,0,0.0,0.0,0.0,0.0,0.0,0.0,0.0,0.0,0.0,0.0,0,0,0,1,0,0,0,0,0,0,0,0,0,inductive_motor,1,drill_press,5,start,unknown,0,drill_press,sess_1775799304150,1,1,1.0,1.0,0,0,29173.79,5,0.0,2173.789,0.0,0,0,0,0
1775799306638,792766,792766,792802,792806,792866,100.007,4.095,100,232.405,0.0,24.399,0.0,0.0,0.0,0,0.0,0.0,0.0,0.0,0.0,0.0,0.0,0.0,0.0,0.0,0,0,0,1,0,0,0,0,0,0,0,0,0,inductive_motor,1,drill_press,5,start,unknown,0,drill_press,sess_1775799304150,1,1,1.0,1.0,0,0,28824.77,5,0.0,1824.771,0.0,0,0,0,0
1775799306738,792866,792866,792904,792908,792929,100.009,4.216,63,232.405,0.0,24.399,0.0,0.0,0.0,0,0.0,0.0,0.0,0.0,0.0,0.0,0.0,0.0,0.0,0.0,0,0,0,1,0,0,0,0,0,0,0,0,0,inductive_motor,1,drill_press,5,start,unknown,0,drill_press,sess_1775799304150,1,1,1.0,1.0,0,0,27320.51,5,0.0,320.51,0.0,0,0,0,0
1775799306838,792966,792966,793004,793008,793030,100.009,4.278,64,232.405,0.0,24.399,0.0,0.0,0.0,0,0.0,0.0,0.0,0.0,0.0,0.0,0.0,0.0,0.0,0.0,0,0,0,1,0,0,0,0,0,0,0,0,0,inductive_motor,1,drill_press,5,start,unknown,0,drill_press,sess_1775799304150,1,1,1.0,1.0,0,0,27308.12,5,0.0,308.123,0.0,0,0,0,0
1775799306938,793066,793066,793104,793108,793345,100.008,4.283,279,232.405,0.0,24.404,0.0,0.0,0.0,0,0.0,0.0,0.0,0.0,0.0,0.0,0.0,0.0,0.0,0.0,0,0,0,1,0,0,0,0,0,0,0,0,0,inductive_motor,1,drill_press,5,start,unknown,0,drill_press,sess_1775799304150,1,1,1.0,1.0,0,0,27400.19,5,0.0,400.193,0.0,0,0,0,0
1775799307038,793166,793166,793201,793205,793494,100.006,4.196,328,232.45,0.0,24.404,0.0,0.0,0.0,0,0.0,0.0,0.0,0.0,0.0,0.0,0.0,0.0,0.0,0.0,0,0,0,1,0,0,0,0,0,0,0,0,0,inductive_motor,1,drill_press,5,start,unknown,0,drill_press,sess_1775799304150,1,1,1.0,1.0,0,0,29248.79,5,0.0,2248.785,0.0,0,0,0,0
1775799307138,793266,793266,793301,793307,793510,100.007,5.788,244,232.45,0.0,24.404,0.0,0.0,0.0,0,0.0,0.0,0.0,0.0,0.0,0.0,0.0,0.0,0.0,0.0,0,0,0,1,0,0,0,0,0,0,0,0,0,inductive_motor,1,drill_press,5,start,unknown,0,drill_press,sess_1775799304150,1,1,1.0,1.0,0,0,29442.21,5,0.0,2442.209,0.0,0,0,0,0
1775799307238,793366,793366,793404,793409,793522,100.58,4.183,156,232.45,0.0,24.404,0.0,0.0,0.0,0,0.0,0.0,0.0,0.0,0.0,0.0,0.0,0.0,0.0,0.0,0,0,0,1,0,0,0,0,0,0,0,0,0,inductive_motor,1,drill_press,5,start,unknown,0,drill_press,sess_1775799304150,1,1,1.0,1.0,0,0,27494.36,5,0.0,494.361,0.0,0,0,0,0
1775799307338,793466,793466,793503,793507,793534,100.007,3.958,68,232.45,0.0,24.404,0.0,0.0,0.0,0,0.0,0.0,0.0,0.0,0.0,0.0,0.0,0.0,0.0,0.0,0,0,0,1,0,0,0,0,0,0,0,0,0,inductive_motor,1,drill_press,5,start,unknown,0,drill_press,sess_1775799304150,1,1,1.0,1.0,0,0,28097.13,5,0.0,1097.133,0.0,0,0,0,0
1775799307438,793566,793566,793605,793609,793827,100.009,3.951,261,232.45,0.0,24.397,0.0,0.0,0.0,0,0.0,0.0,0.0,0.0,0.0,0.0,0.0,0.0,0.0,0.0,0,0,0,1,0,0,0,0,0,0,0,0,0,inductive_motor,1,drill_press,5,start,unknown,0,drill_press,sess_1775799304150,1,1,1.0,1.0,0,0,26936.74,5,0.0,63.264,0.0,0,0,0,0
1775799307539,793667,793667,793702,793706,793852,100.005,4.084,185,232.45,0.0,24.397,0.0,0.0,0.0,0,0.0,0.0,0.0,0.0,0.0,0.0,0.0,0.0,0.0,0.0,0,0,0,1,0,0,0,0,0,0,0,0,0,inductive_motor,1,drill_press,5,start,unknown,0,drill_press,sess_1775799304150,1,1,1.0,1.0,0,0,29328.37,5,0.0,2328.369,0.0,0,0,0,0
1775799307639,793767,793767,793802,793806,793864,100.006,4.08,97,232.45,0.0,24.397,0.0,0.0,0.0,0,0.0,0.0,0.0,0.0,0.0,0.0,0.0,0.0,0.0,0.0,0,0,0,1,0,0,0,0,0,0,0,0,0,inductive_motor,1,drill_press,5,start,unknown,0,drill_press,sess_1775799304150,1,1,1.0,1.0,0,0,29443.9,5,0.0,2443.9,0.0,0,0,0,0
1775799307739,793867,793867,793904,793908,793928,100.009,4.11,61,232.45,0.0,24.397,0.0,0.0,0.0,0,0.0,0.0,0.0,0.0,0.0,0.0,0.0,0.0,0.0,0.0,0,0,0,1,0,0,0,0,0,0,0,0,0,inductive_motor,1,drill_press,5,start,unknown,0,drill_press,sess_1775799304150,1,1,1.0,1.0,0,0,27429.55,5,0.0,429.551,0.0,0,0,0,0
1775799307839,793967,793967,794004,794009,794028,100.007,4.075,61,232.45,0.0,24.397,0.0,0.0,0.0,0,0.0,0.0,0.0,0.0,0.0,0.0,0.0,0.0,0.0,0.0,0,0,0,1,0,0,0,0,0,0,0,0,0,inductive_motor,1,drill_press,5,start,unknown,0,drill_press,sess_1775799304150,1,1,1.0,1.0,0,0,27273.21,5,0.0,273.211,0.0,0,0,0,0
1775799307939,794067,794067,794104,794108,794315,100.01,4.2,248,232.45,0.0,24.396,0.0,0.0,0.0,0,0.0,0.0,0.0,0.0,0.0,0.0,0.0,0.0,0.0,0.0,0,0,0,1,0,0,0,0,0,0,0,0,0,inductive_motor,1,drill_press,5,start,unknown,0,drill_press,sess_1775799304150,1,1,1.0,1.0,0,0,27507.66,5,0.0,507.656,0.0,0,0,0,0
1775799308039,794167,794167,794202,794206,794340,100.006,4.103,173,232.174,0.0,24.396,0.0,0.0,0.0,0,0.0,0.0,0.0,0.0,0.0,0.0,0.0,0.0,0.0,0.0,0,0,0,1,0,0,0,0,0,0,0,0,0,inductive_motor,1,drill_press,5,start,unknown,0,drill_press,sess_1775799304150,1,1,1.0,1.0,0,0,29262.16,5,0.0,2262.16,0.7224,0,0,0,0
1775799308139,794267,794267,794304,794308,794342,100.006,4.22,75,232.174,0.0,24.396,0.0,0.0,0.0,0,0.0,0.0,0.0,0.0,0.0,0.0,0.0,0.0,0.0,0.0,0,0,0,1,0,0,0,0,0,0,0,0,0,inductive_motor,1,drill_press,5,start,unknown,0,drill_press,sess_1775799304150,1,1,1.0,1.0,0,0,27705.63,5,0.0,705.627,0.7008,0,0,0,0
1775799308239,794367,794367,794404,794408,794444,100.009,4.259,77,232.174,0.0,24.396,0.0,0.0,0.0,0,0.0,0.0,0.0,0.0,0.0,0.0,0.0,0.0,0.0,0.0,0,0,0,1,0,0,0,0,0,0,0,0,0,inductive_motor,1,drill_press,5,start,unknown,0,drill_press,sess_1775799304150,1,1,1.0,1.0,0,0,27467.07,5,0.0,467.074,0.5845,0,0,0,0
1775799308339,794467,794467,794504,794508,794520,100.007,4.212,53,232.174,0.0,24.396,0.0,0.0,0.0,0,0.0,0.0,0.0,0.0,0.0,0.0,0.0,0.0,0.0,0.0,0,0,0,1,0,0,0,0,0,0,0,0,0,inductive_motor,1,drill_press,5,start,unknown,0,drill_press,sess_1775799304150,1,1,1.0,1.0,0,0,27484.77,5,0.0,484.768,0.5023,0,0,0,0
1775799308439,794567,794567,794604,794608,794622,100.009,4.084,55,232.174,0.0,24.396,0.0,0.0,0.0,0,0.0,0.0,0.0,0.0,0.0,0.0,0.0,0.0,0.0,0.0,0,0,0,1,0,0,0,0,0,0,0,0,0,inductive_motor,1,drill_press,5,start,unknown,0,drill_press,sess_1775799304150,1,1,1.0,1.0,0,0,27498.05,5,0.0,498.053,0.4188,0,0,0,0
1775799308539,794667,794667,794702,794706,794915,100.006,4.091,248,232.174,0.0,24.403,0.0,0.0,0.0,0,0.0,0.0,0.0,0.0,0.0,0.0,0.0,0.0,0.0,0.0,0,0,0,1,0,0,0,0,0,0,0,0,0,inductive_motor,1,drill_press,5,start,unknown,0,drill_press,sess_1775799304150,1,1,1.0,1.0,0,0,29333.41,5,0.0,2333.41,0.3941,0,0,0,0
1775799308639,794767,794767,794804,794808,794926,100.005,4.089,159,232.174,0.0,24.403,0.0,0.0,0.0,0,0.0,0.0,0.0,0.0,0.0,0.0,0.0,0.0,0.0,0.0,0,0,0,1,0,0,0,0,0,0,0,0,0,inductive_motor,1,drill_press,5,start,unknown,0,drill_press,sess_1775799304150,1,1,1.0,1.0,0,0,27582.49,5,0.0,582.492,0.3823,0,0,0,0
1775799308739,794867,794867,794904,794908,794938,100.004,4.101,71,232.174,0.0,24.403,0.0,0.0,0.0,0,0.0,0.0,0.0,0.0,0.0,0.0,0.0,0.0,0.0,0.0,0,0,0,1,0,0,0,0,0,0,0,0,0,inductive_motor,1,drill_press,5,start,unknown,0,drill_press,sess_1775799304150,1,1,1.0,1.0,0,0,27624.16,5,0.0,624.16,0.3709,0,0,0,0
1775799308839,794967,794967,795004,795008,795017,100.008,4.111,50,231.981,0.0,24.403,0.0,0.0,0.0,0,0.0,0.0,0.0,0.0,0.0,0.0,0.0,0.0,0.0,0.0,0,0,0,1,0,0,0,0,0,0,0,0,0,inductive_motor,1,drill_press,5,start,unknown,0,drill_press,sess_1775799304150,1,1,1.0,1.0,0,0,27520.22,5,0.0,520.223,0.2389,0,0,0,0
1775799308939,795067,795067,795105,795109,795130,100.008,4.015,63,231.981,0.0,24.403,0.0,0.0,0.0,0,0.0,0.0,0.0,0.0,0.0,0.0,0.0,0.0,0.0,0.0,0,0,0,1,0,0,0,0,0,0,0,0,0,inductive_motor,1,drill_press,5,start,unknown,0,drill_press,sess_1775799304150,1,1,1.0,1.0,0,0,27207.99,5,0.0,207.992,0.1932,0,0,0,0
1775799309039,795167,795167,795203,795208,795371,100.012,4.092,204,231.981,0.0,24.401,0.0,0.0,0.0,0,0.0,0.0,0.0,0.0,0.0,0.0,0.0,0.0,0.0,0.0,0,0,0,1,0,0,0,0,0,0,0,0,0,inductive_motor,1,drill_press,5,start,unknown,0,drill_press,sess_1775799304150,1,1,1.0,1.0,0,0,27998.03,5,0.0,998.031,0.1763,0,0,0,0
1775799309139,795267,795267,795302,795306,795383,100.005,4.092,116,231.981,0.0,24.401,0.0,0.0,0.0,0,0.0,0.0,0.0,0.0,0.0,0.0,0.0,0.0,0.0,0.0,0,0,0,1,0,0,0,0,0,0,0,0,0,inductive_motor,1,drill_press,5,start,unknown,0,drill_press,sess_1775799304150,1,1,1.0,1.0,0,0,29423.6,5,0.0,2423.596,0.171,0,0,0,0
1775799309239,795367,795367,795405,795409,795421,100.008,3.949,54,231.981,0.0,24.401,0.0,0.0,0.0,0,0.0,0.0,0.0,0.0,0.0,0.0,0.0,0.0,0.0,0.0,0,0,0,1,0,0,0,0,0,0,0,0,0,inductive_motor,1,drill_press,5,start,unknown,0,drill_press,sess_1775799304150,1,1,1.0,1.0,0,0,26826.65,5,0.0,173.352,0.161,0,0,0,0
1775799309339,795467,795467,795505,795509,795522,100.009,3.95,55,231.981,0.0,24.401,0.0,0.0,0.0,0,0.0,0.0,0.0,0.0,0.0,0.0,0.0,0.0,0.0,0.0,0,0,0,1,0,0,0,0,0,0,0,0,0,inductive_motor,1,drill_press,5,start,unknown,0,drill_press,sess_1775799304150,1,1,1.0,1.0,0,0,26923.99,5,0.0,76.014,0.1341,0,0,0,0
1775799309439,795567,795567,795605,795609,795624,100.012,3.952,57,231.981,0.0,24.401,0.0,0.0,0.0,0,0.0,0.0,0.0,0.0,0.0,0.0,0.0,0.0,0.0,0.0,0,0,0,1,0,0,0,0,0,0,0,0,0,inductive_motor,1,drill_press,5,start,unknown,0,drill_press,sess_1775799304150,1,1,1.0,1.0,0,0,26856.2,5,0.0,143.801,0.1117,0,0,0,0
1775799309539,795667,795667,795704,795708,795929,100.011,4.083,262,231.971,0.0,24.401,0.0,0.0,0.0,0,0.0,0.0,0.0,0.0,0.0,0.0,0.0,0.0,0.0,0.0,0,0,0,1,0,0,0,0,0,0,0,0,0,inductive_motor,1,drill_press,5,start,unknown,0,drill_press,sess_1775799304150,1,1,1.0,1.0,0,0,27596.62,5,0.0,596.615,0.0,0,0,0,0
1775799309639,795767,795767,795802,795806,795941,100.004,4.01,174,231.971,0.0,24.401,0.0,0.0,0.0,0,0.0,0.0,0.0,0.0,0.0,0.0,0.0,0.0,0.0,0.0,0,0,0,1,0,0,0,0,0,0,0,0,0,inductive_motor,1,drill_press,5,start,unknown,0,drill_press,sess_1775799304150,1,1,1.0,1.0,0,0,29367.06,5,0.0,2367.059,0.0,0,0,0,0
1775799309739,795867,795867,795904,795909,795953,100.007,4.45,86,231.971,0.0,24.401,0.0,0.0,0.0,0,0.0,0.0,0.0,0.0,0.0,0.0,0.0,0.0,0.0,0.0,0,0,0,1,0,0,0,0,0,0,0,0,0,inductive_motor,1,drill_press,5,start,unknown,0,drill_press,sess_1775799304150,1,1,1.0,1.0,0,0,27460.45,5,0.0,460.445,0.0,0,0,0,0
1775799309839,795967,795967,796004,796008,796043,100.015,4.195,76,231.971,0.0,24.401,0.0,0.0,0.0,0,0.0,0.0,0.0,0.0,0.0,0.0,0.0,0.0,0.0,0.0,0,0,0,1,0,0,0,0,0,0,0,0,0,inductive_motor,1,drill_press,5,start,unknown,0,drill_press,sess_1775799304150,1,1,1.0,1.0,0,0,27515.79,5,0.0,515.787,0.0,0,0,0,0
1775799309939,796067,796067,796104,796109,796119,100.008,4.222,52,231.971,0.0,24.401,0.0,0.0,0.0,0,0.0,0.0,0.0,0.0,0.0,0.0,0.0,0.0,0.0,0.0,0,0,0,1,0,0,0,0,0,0,0,0,0,inductive_motor,1,drill_press,5,start,unknown,0,drill_press,sess_1775799304150,1,1,1.0,1.0,0,0,27392.13,5,0.0,392.131,0.0,0,0,0,0
1775799310039,796167,796167,796206,796211,796451,100.01,4.537,284,231.971,0.0,24.396,0.0,0.0,0.0,0,0.0,0.0,0.0,0.0,0.0,0.0,0.0,0.0,0.0,0.0,0,0,0,1,0,0,0,0,0,0,0,0,0,inductive_motor,1,drill_press,5,start,unknown,0,drill_press,sess_1775799304150,1,1,1.0,1.0,0,0,26010.97,5,0.0,989.027,0.0,0,0,0,0
1775799310139,796267,796267,796302,796307,796463,100.005,4.913,196,231.971,0.0,24.396,0.0,0.0,0.0,0,0.0,0.0,0.0,0.0,0.0,0.0,0.0,0.0,0.0,0.0,0,0,0,1,0,0,0,0,0,0,0,0,0,inductive_motor,1,drill_press,5,start,unknown,0,drill_press,sess_1775799304150,1,1,1.0,1.0,0,0,29304.03,5,0.0,2304.029,0.0,0,0,0,0
1775799310239,796367,796367,796402,796406,796476,100.006,4.092,109,231.971,0.0,24.396,0.0,0.0,0.0,0,0.0,0.0,0.0,0.0,0.0,0.0,0.0,0.0,0.0,0.0,0,0,0,1,0,0,0,0,0,0,0,0,0,inductive_motor,1,drill_press,5,start,unknown,0,drill_press,sess_1775799304150,1,1,1.0,1.0,0,0,29129.8,5,0.0,2129.805,0.0,0,0,0,0
1775799310339,796467,796467,796504,796509,796526,100.012,4.096,59,231.971,0.0,24.396,0.0,0.0,0.0,0,0.0,0.0,0.0,0.0,0.0,0.0,0.0,0.0,0.0,0.0,0,0,0,1,0,0,0,0,0,0,0,0,0,inductive_motor,1,drill_press,5,start,unknown,0,drill_press,sess_1775799304150,1,1,1.0,1.0,0,0,27313.95,5,0.0,313.951,0.0,0,0,0,0
1775799310439,796567,796567,796604,796609,796629,100.009,4.267,62,231.765,0.0,24.396,0.0,0.0,0.0,0,0.0,0.0,0.0,0.0,0.0,0.0,0.0,0.0,0.0,0.0,0,0,0,1,0,0,0,0,0,0,0,0,0,inductive_motor,1,drill_press,5,start,unknown,0,drill_press,sess_1775799304150,1,1,1.0,1.0,0,0,27364.31,5,0.0,364.314,0.3269,0,0,0,0
1775799310539,796667,796667,796705,796710,796929,100.01,5.255,262,231.765,0.0,24.389,0.0,0.0,0.0,0,0.0,0.0,0.0,0.0,0.0,0.0,0.0,0.0,0.0,0.0,0,0,0,1,0,0,0,0,0,0,0,0,0,inductive_motor,1,drill_press,5,start,unknown,0,drill_press,sess_1775799304150,1,1,1.0,1.0,0,0,27195.71,5,0.0,195.709,0.2808,0,0,0,0
1775799310639,796767,796767,796803,796807,796941,100.003,4.265,174,231.765,0.0,24.389,0.0,0.0,0.0,0,0.0,0.0,0.0,0.0,0.0,0.0,0.0,0.0,0.0,0.0,0,0,0,1,0,0,0,0,0,0,0,0,0,inductive_motor,1,drill_press,5,start,unknown,0,drill_press,sess_1775799304150,1,1,1.0,1.0,0,0,28518.91,5,0.0,1518.91,0.2724,0,0,0,0
1775799310739,796867,796867,796905,796909,796953,100.005,4.068,86,231.765,0.0,24.389,0.0,0.0,0.0,0,0.0,0.0,0.0,0.0,0.0,0.0,0.0,0.0,0.0,0.0,0,0,0,1,0,0,0,0,0,0,0,0,0,inductive_motor,1,drill_press,5,start,unknown,0,drill_press,sess_1775799304150,1,1,1.0,1.0,0,0,27296.48,5,0.0,296.477,0.2643,0,0,0,0
1775799310839,796967,796967,797006,797010,797031,100.01,4.232,64,231.765,0.0,24.389,0.0,0.0,0.0,0,0.0,0.0,0.0,0.0,0.0,0.0,0.0,0.0,0.0,0.0,0,0,0,1,0,0,0,0,0,0,0,0,0,inductive_motor,1,drill_press,5,start,unknown,0,drill_press,sess_1775799304150,1,1,1.0,1.0,0,0,26470.89,5,0.0,529.107,0.234,0,0,0,0
1775799310939,797067,797067,797105,797110,797133,100.01,4.341,66,231.765,0.0,24.389,0.0,0.0,0.0,0,0.0,0.0,0.0,0.0,0.0,0.0,0.0,0.0,0.0,0.0,0,0,0,1,0,0,0,0,0,0,0,0,0,inductive_motor,1,drill_press,5,start,unknown,0,drill_press,sess_1775799304150,1,1,1.0,1.0,0,0,26637.53,5,0.0,362.469,0.195,0,0,0,0
1775799311039,797167,797167,797205,797210,797459,100.01,4.128,292,231.596,0.0,24.396,0.0,0.0,0.0,0,0.0,0.0,0.0,0.0,0.0,0.0,0.0,0.0,0.0,0.0,0,0,0,1,0,0,0,0,0,0,0,0,0,inductive_motor,1,drill_press,5,start,unknown,0,drill_press,sess_1775799304150,1,1,1.0,1.0,0,0,26633.37,5,0.0,366.625,0.1625,0,0,0,0
1775799311139,797267,797267,797305,797310,797461,100.006,4.449,194,231.596,0.0,24.396,0.0,0.0,0.0,0,0.0,0.0,0.0,0.0,0.0,0.0,0.0,0.0,0.0,0.0,0,0,0,1,0,0,0,0,0,0,0,0,0,inductive_motor,1,drill_press,5,start,unknown,0,drill_press,sess_1775799304150,1,1,1.0,1.0,0,0,26966.53,5,0.0,33.471,0.1576,0,0,0,0
1775799311239,797367,797367,797402,797406,797474,100.003,4.108,107,231.596,0.0,24.396,0.0,0.0,0.0,0,0.0,0.0,0.0,0.0,0.0,0.0,0.0,0.0,0.0,0.0,0,0,0,1,0,0,0,0,0,0,0,0,0,inductive_motor,1,drill_press,5,start,unknown,0,drill_press,sess_1775799304150,1,1,1.0,1.0,0,0,29203.74,5,0.0,2203.742,0.1529,0,0,0,0
1775799311339,797467,797467,797504,797509,797525,100.01,4.173,58,231.596,0.0,24.396,0.0,0.0,0.0,0,0.0,0.0,0.0,0.0,0.0,0.0,0.0,0.0,0.0,0.0,0,0,0,1,0,0,0,0,0,0,0,0,0,inductive_motor,1,drill_press,5,start,unknown,0,drill_press,sess_1775799304150,1,1,1.0,1.0,0,0,27430.29,5,0.0,430.285,0.1396,0,0,0,0
1775799311439,797567,797567,797604,797608,797626,100.009,4.191,59,231.596,0.0,24.396,0.0,0.0,0.0,0,0.0,0.0,0.0,0.0,0.0,0.0,0.0,0.0,0.0,0.0,0,0,0,1,0,0,0,0,0,0,0,0,0,inductive_motor,1,drill_press,5,start,unknown,0,drill_press,sess_1775799304150,1,1,1.0,1.0,0,0,27536.5,5,0.0,536.504,0.1163,0,0,0,0
1775799311539,797667,797667,797704,797716,797947,100.008,11.526,280,231.596,1.56102,24.412,23.499088,1.56102,12.905783,0,15.927774,36.275898,-52.696678,0.987314,36.275898,0.0,10.928931,72.4942,15.927774,5.64563,0,0,1,1,0,0,0,0,1,1,0,0,0,inductive_motor,1,drill_press,5,start,unknown,0,drill_press,sess_1775799304150,1,1,1.0,1.0,1,0,27412.66,5,0.0,412.662,0.0999,0,0,0,0
1775799311639,797767,797767,797802,797814,797959,100.005,12.259,192,231.596,1.470664,24.412,0.723532,0.090357,4.773042,0,1.240683,2.400471,-66.456177,0.009655,33.875427,0.0,11.182837,53.3812,17.168457,-3.570372,0,0,1,1,0,0,0,0,1,1,0,0,0,inductive_motor,1,drill_press,5,start,unknown,0,drill_press,sess_1775799304150,1,1,1.0,1.0,1,0,29448.13,5,0.0,2448.135,0.0999,0,0,0,0
1775799311739,797867,797867,797902,797915,797972,100.007,13.074,105,231.596,0.82045,24.412,5.526483,0.650213,5.868068,0,1.545833,6.10461,-64.909348,0.028031,39.980038,0.0,12.208205,53.8843,15.622624,-6.608953,0,0,1,1,0,0,0,0,1,1,0,0,0,inductive_motor,1,drill_press,5,start,unknown,0,drill_press,sess_1775799304150,1,1,1.0,1.0,1,0,29434.59,5,0.0,2434.592,0.0999,0,0,0,0
1775799311839,797967,797967,798004,798016,798049,100.01,11.452,82,231.596,0.580586,24.412,3.654407,0.239864,13.459681,0,2.047515,1.961189,-62.021515,0.014874,38.018848,0.0,10.389476,64.0043,17.670139,-6.62235,0,0,1,1,0,0,0,0,1,1,0,0,0,inductive_motor,1,drill_press,5,start,unknown,0,drill_press,sess_1775799304150,1,1,1.0,1.0,1,0,27523.92,5,0.0,523.922,0.0999,0,0,0,0
1775799311939,798067,798067,798104,798116,798127,100.01,11.751,60,231.438,0.572762,24.412,0.168439,0.007824,14.734726,0,1.487093,0.506126,-56.382122,0.101466,38.524975,0.0,9.935281,62.6625,16.183046,-4.320566,0,0,1,1,0,0,0,0,1,1,0,0,0,inductive_motor,1,drill_press,5,start,unknown,0,drill_press,sess_1775799304150,1,1,1.0,1.0,1,0,27475.18,5,0.0,475.182,0.1458,0,0,0,0
1775799312039,798167,798167,798205,798216,798427,100.008,11.302,260,231.438,0.563564,24.408,0.200749,0.009199,16.519863,0,1.705179,0.051754,-55.430573,0.13839,38.576729,0.0,9.504224,60.9194,14.477867,-4.800043,0,0,1,1,0,0,0,0,1,1,0,0,0,inductive_motor,1,drill_press,5,start,unknown,0,drill_press,sess_1775799304150,1,1,1.0,1.0,1,0,27249.26,5,0.0,249.262,0.1458,0,0,0,0
1775799312139,798267,798267,798303,798316,798440,100.005,13.092,173,231.438,0.550177,24.408,0.296919,0.013387,12.768488,0,0.266983,2.201458,-52.235699,0.252017,36.375271,0.0,9.320316,61.1984,14.210884,-5.07706,0,0,1,1,0,0,0,0,1,1,0,0,0,inductive_motor,1,drill_press,5,start,unknown,0,drill_press,sess_1775799304150,1,1,1.0,1.0,1,0,28425.49,5,0.0,1425.494,0.1458,0,0,0,0
1775799312239,798367,798367,798404,798415,798451,100.004,10.717,84,231.438,0.549488,24.408,0.015648,0.000689,7.465072,0,0.947229,2.496201,-55.013657,0.127493,38.871471,0.0,9.853685,83.4348,15.158113,-4.541443,0,0,1,1,0,0,0,0,1,1,0,0,0,inductive_motor,1,drill_press,5,start,unknown,0,drill_press,sess_1775799304150,1,1,1.0,1.0,1,0,27526.14,5,0.0,526.143,0.1458,0,0,0,0
1775799312339,798467,798467,798506,798518,798529,100.008,12.366,62,231.438,0.550157,24.408,0.015212,0.000669,17.376072,0,1.7953,0.707447,-56.889114,0.111314,39.578918,1.13243,9.528487,76.8724,16.953413,-4.568915,0,0,1,1,0,0,0,0,1,1,0,0,0,inductive_motor,1,drill_press,5,start,unknown,0,drill_press,sess_1775799304150,1,1,1.0,1.0,1,0,26459.26,5,0.11743,540.736,0.1458,0,0,0,0
1775799312439,798567,798567,798606,798617,798631,100.009,11.127,64,231.438,0.564919,24.408,0.335403,0.014762,17.614504,0,0.258261,0.933388,-55.558983,0.034509,38.645531,0.0,8.949498,76.8088,16.695152,-5.157519,0,0,1,1,0,0,0,0,1,1,0,0,0,inductive_motor,1,drill_press,5,start,unknown,0,drill_press,sess_1775799304150,1,1,1.0,1.0,1,0,26635.45,5,0.0,364.547,0.1458,0,0,0,0
1775799312539,798667,798667,798706,798717,798931,100.01,11.198,264,231.438,0.581006,24.404,0.355957,0.016087,19.8022,0,0.00436,3.4361,-55.73122,0.128181,35.209431,0.0,7.655663,77.8545,16.690792,-6.659262,0,0,1,1,0,0,0,0,1,1,0,0,0,inductive_motor,1,drill_press,5,start,unknown,0,drill_press,sess_1775799304150,1,1,1.0,1.0,1,0,26652.09,5,0.0,347.908,0.1458,0,0,0,0
1775799312639,798767,798767,798802,798813,798957,100.006,10.889,190,231.473,0.572153,24.404,0.190467,0.008853,6.378421,0,0.099602,1.845127,-58.518677,0.012771,33.364304,0.0,8.048265,52.9483,16.790394,-6.124794,0,0,1,1,0,0,0,0,1,0,0,0,0,inductive_motor,1,drill_press,5,start,unknown,0,drill_press,sess_1775799304150,1,1,1.0,1.0,1,0,29414.3,5,0.0,2414.299,0.0,0,0,0,0
1775799312739,798867,798867,798902,798913,798959,100.006,10.969,92,231.473,0.572485,24.404,0.007257,0.000332,7.239823,0,1.933928,4.781712,-54.711117,0.077346,38.146015,0.0,7.093728,52.5547,14.856466,-7.021945,0,0,1,1,0,0,0,0,1,0,0,0,0,inductive_motor,1,drill_press,5,start,unknown,0,drill_press,sess_1775799304150,1,1,1.0,1.0,1,0,29376.33,5,0.0,2376.326,0.0,0,0,0,0
1775799312839,798967,798967,799004,799016,799034,100.011,11.398,67,231.473,0.576112,24.404,0.079195,0.003627,12.606506,0,2.354193,5.249084,-58.146282,0.367155,43.3951,0.0,6.559741,64.4591,17.210659,-7.970312,0,0,1,1,0,0,0,0,1,0,0,0,0,inductive_motor,1,drill_press,5,start,unknown,0,drill_press,sess_1775799304150,1,1,1.0,1.0,1,0,27447.93,5,0.0,447.932,0.0,0,0,0,0
1775799312939,799067,799067,799105,799116,799135,100.011,11.326,68,231.473,0.56636,24.404,0.211588,0.009752,12.507889,0,0.433384,3.105938,-56.179241,0.344959,40.289162,0.0,5.213667,66.6332,16.777275,-9.578899,0,0,1,1,0,0,0,0,1,0,0,0,0,inductive_motor,1,drill_press,5,start,unknown,0,drill_press,sess_1775799304150,1,1,1.0,1.0,1,0,27399.46,5,0.0,399.459,0.0,0,0,0,0
1775799313039,799167,799167,799205,799216,799445,100.008,11.467,278,231.473,0.554992,24.406,0.250908,0.011369,13.236753,0,0.790165,1.155106,-55.334393,0.450282,39.134056,0.0,5.149269,70.025,15.98711,-10.896847,0,0,1,1,0,0,0,0,1,0,0,0,0,inductive_motor,1,drill_press,5,start,unknown,0,drill_press,sess_1775799304150,1,1,1.0,1.0,1,0,27235.49,5,0.0,235.492,0.0,0,0,0,0
1775799313139,799267,799267,799302,799313,799472,100.007,10.917,205,231.473,0.541873,24.406,0.295472,0.013119,6.093225,0,0.484688,3.573277,-56.943268,0.042005,35.56078,0.0,4.422839,54.244,16.471798,-10.631184,0,0,1,1,0,0,0,0,1,0,0,0,0,inductive_motor,1,drill_press,5,start,unknown,0,drill_press,sess_1775799304150,1,1,1.0,1.0,1,0,29433.75,5,0.0,2433.746,0.0,0,0,0,0
1775799313239,799367,799367,799402,799413,799633,100.007,10.972,266,231.527,0.549557,24.406,0.177267,0.007685,7.322781,0,0.690978,0.177475,-55.432247,0.086344,35.383305,0.0,4.605255,57.8223,15.78082,-12.052179,0,0,1,1,0,0,0,0,0,0,0,0,0,inductive_motor,1,drill_press,5,start,unknown,0,drill_press,sess_1775799304150,1,1,1.0,1.0,1,0,29281.4,5,0.0,2281.404,0.0,0,0,0,0
1775799313339,799467,799467,799508,799519,799648,100.01,11.565,181,231.527,0.551255,24.406,0.03862,0.001698,36.180653,0,1.228667,4.079235,-49.013824,2.361461,39.46254,0.0,10.002078,82.4039,14.552153,-7.054387,0,0,1,1,0,0,0,0,0,0,0,0,0,inductive_motor,1,drill_press,5,start,unknown,0,drill_press,sess_1775799304150,1,1,1.0,1.0,1,0,25325.22,5,0.0,1674.779,0.0,0,0,0,0
1775799313439,799567,799567,799605,799617,799660,100.005,12.02,93,231.527,0.588378,24.406,0.841764,0.037123,23.568207,0,6.117191,2.573185,-38.841309,0.382413,36.889355,0.0,11.473493,77.8969,8.434961,-2.098252,0,0,1,1,0,0,0,0,0,0,0,0,0,inductive_motor,1,drill_press,5,start,unknown,0,drill_press,sess_1775799304150,1,1,1.0,1.0,1,0,26928.94,5,0.0,71.057,0.0,0,0,0,0
1775799313539,799667,799667,799704,799716,799921,100.007,11.477,254,231.527,0.57327,24.399,0.320969,0.015108,12.283633,0,8.428545,5.597343,-56.135078,0.048601,42.486698,0.0,5.29596,69.6679,16.863506,-9.475774,0,0,1,1,0,0,0,0,0,0,0,0,0,inductive_motor,1,drill_press,5,start,unknown,0,drill_press,sess_1775799304150,1,1,1.0,1.0,1,0,27495.1,5,0.0,495.1,0.0,0,0,0,0
1775799313639,799767,799767,799802,799813,799946,100.013,11.121,179,231.527,0.557554,24.399,0.342671,0.015716,3.851658,0,0.565483,0.588867,-33.543392,0.045498,41.897831,0.0,4.651902,0.0,17.428989,-10.416202,0,0,1,1,0,0,0,0,0,0,0,0,0,inductive_motor,1,drill_press,5,start,unknown,0,drill_press,sess_1775799304150,1,1,1.0,1.0,1,0,29441.36,5,0.0,2441.361,0.0,0,0,0,0
1775799313739,799867,799867,799902,799915,799958,100.006,13.206,91,231.527,0.554108,24.399,0.077252,0.003446,1.310454,0,1.580315,1.245464,-33.88382,0.038726,43.143295,0.0,4.666025,0.0,15.848675,-19.687996,0,0,1,1,0,0,0,0,0,0,0,0,0,inductive_motor,1,drill_press,5,start,unknown,0,drill_press,sess_1775799304150,1,1,1.0,1.0,1,0,29438.82,5,0.0,2438.822,0.0,0,0,0,0
1775799313839,799967,799967,800005,800016,800048,100.013,11.423,81,231.527,0.541819,24.399,0.27722,0.012289,7.715329,0,0.750273,3.689877,-56.175304,0.223301,39.453419,0.0,4.910527,59.9126,16.598948,-14.905966,0,0,1,1,0,0,0,0,0,0,0,0,0,inductive_motor,1,drill_press,5,start,unknown,0,drill_press,sess_1775799304150,1,1,1.0,1.0,1,0,27459.71,5,0.0,459.709,0.0,0,0,0,0
1775799313939,800067,800067,800105,800116,800130,100.008,11.436,63,231.527,0.528853,24.399,0.299136,0.012967,5.955762,0,0.542713,4.308659,-55.605167,0.597133,35.14476,0.0,5.199103,57.9337,16.056234,-11.014558,0,0,1,1,0,0,0,0,0,0,0,0,0,inductive_motor,1,drill_press,5,start,unknown,0,drill_press,sess_1775799304150,1,1,1.0,1.0,1,0,27443.52,5,0.0,443.518,0.0,0,0,0,0
1775799314039,800167,800167,800205,800217,800235,100.007,11.585,68,231.527,0.51418,24.399,0.346781,0.014672,7.451705,0,0.942518,0.833839,-56.145309,0.384649,35.9786,0.0,6.172431,68.5296,16.998753,-8.09674,0,0,1,1,0,0,0,0,0,0,0,0,0,inductive_motor,1,drill_press,5,start,unknown,0,drill_press,sess_1775799304150,1,1,1.0,1.0,1,0,27176.94,5,0.0,176.941,0.0,0,0,0,0
1775799314139,800267,800267,800302,800313,800476,100.006,10.946,209,231.806,0.53713,24.404,0.557893,0.022949,5.798592,0,0.963852,1.08268,-56.641205,0.023021,34.89592,0.0,7.437801,45.7368,16.034901,-6.509877,0,0,1,1,0,0,0,0,0,0,0,0,0,inductive_motor,1,drill_press,5,start,unknown,0,drill_press,sess_1775799304150,1,1,1.0,1.0,1,0,29325.01,5,0.0,2325.01,0.0,0,0,0,0
1775799314239,800367,800367,800402,800413,800479,100.006,10.93,112,231.806,0.56376,24.404,0.619716,0.02663,7.461781,0,0.182783,3.67614,-55.581093,0.092297,38.57206,0.0,8.438127,49.0664,16.217684,-5.413377,0,0,1,1,0,0,0,0,0,0,0,0,0,inductive_motor,1,drill_press,5,start,unknown,0,drill_press,sess_1775799304150,1,1,1.0,1.0,1,0,29184.6,5,0.0,2184.598,0.0,0,0,0,0
1775799314339,800467,800467,800507,800518,800532,100.008,11.025,65,231.806,0.558306,24.404,0.120909,0.005453,6.930636,0,0.403326,1.244831,-56.001137,0.159339,39.816891,0.0,9.715339,84.2988,16.62101,-4.323215,0,0,1,1,0,0,0,0,0,0,0,0,0,inductive_motor,1,drill_press,5,start,unknown,0,drill_press,sess_1775799304150,1,1,1.0,1.0,1,0,26085.18,5,0.0,914.816,0.0,0,0,0,0
1775799314439,800567,800567,800606,800618,800637,100.008,11.724,70,231.806,0.551081,24.404,0.161771,0.007226,5.380799,0,0.962156,1.742912,-34.63752,0.102926,38.073978,0.0,10.149481,0.0,15.658854,-3.575433,0,0,1,1,0,0,0,0,0,0,0,0,0,inductive_motor,1,drill_press,5,start,unknown,0,drill_press,sess_1775799304150,1,1,1.0,1.0,1,0,26493.49,5,0.0,506.508,0.0,0,0,0,0
1775799314539,800667,800667,800706,800718,800743,100.008,12.083,76,231.806,0.547349,24.404,0.084646,0.003732,5.577646,0,1.477259,0.348564,-34.686478,0.502464,38.422543,0.0,10.634272,0.0,17.136112,-2.946058,0,0,1,1,0,0,0,0,0,0,0,0,0,inductive_motor,1,drill_press,5,start,unknown,0,drill_press,sess_1775799304150,1,1,1.0,1.0,1,0,26464.05,5,0.0,535.949,0.0,0,0,0,0
1775799314639,800767,800767,800804,800816,800983,100.009,11.36,216,231.806,0.544738,24.406,0.059617,0.002611,10.378242,0,1.817275,0.568218,-42.429657,0.556423,37.854324,0.0,10.113314,0.0,15.318837,-3.515832,0,0,1,1,0,0,0,0,0,0,0,0,0,inductive_motor,1,drill_press,5,start,unknown,0,drill_press,sess_1775799304150,1,1,1.0,1.0,1,0,27710.13,5,0.0,710.127,0.0,0,0,0,0
1775799314739,800867,800867,800904,800915,800997,100.006,11.078,130,231.806,0.55728,24.406,0.287791,0.012542,13.086348,0,0.715381,0.497932,-56.687168,0.479192,38.352257,0.0,10.392965,61.7673,16.034218,-3.159981,0,0,1,1,0,0,0,0,0,0,0,0,0,inductive_motor,1,drill_press,5,start,unknown,0,drill_press,sess_1775799304150,1,1,1.0,1.0,1,0,28214.81,5,0.0,1214.807,0.0,0,0,0,0
1775799314839,800967,800967,801006,801017,801037,100.009,11.559,70,231.806,0.531557,24.406,0.576971,0.025723,1.843315,0,1.179602,3.2869,-55.106163,0.261883,35.065357,0.0,10.902536,84.5643,17.21382,-2.843493,0,0,1,1,0,0,0,0,0,0,0,0,0,inductive_motor,1,drill_press,5,start,unknown,0,drill_press,sess_1775799304150,1,1,1.0,1.0,1,0,26578.76,5,0.0,421.236,0.0,0,0,0,0
1775799314939,801067,801067,801105,801117,801142,100.008,11.876,75,231.998,0.54121,24.406,0.226989,0.009653,5.026292,0,0.772614,0.689091,-55.745064,0.20254,34.376266,0.0,11.277225,76.5411,16.441206,-1.908339,0,0,1,1,0,0,0,0,0,0,0,0,0,inductive_motor,1,drill_press,5,start,unknown,0,drill_press,sess_1775799304150,1,1,1.0,1.0,1,0,27074.19,5,0.0,74.189,0.0,0,0,0,0
1775799315039,801167,801167,801205,801217,801252,100.01,11.722,85,231.998,0.558192,24.406,0.392214,0.016982,10.819403,0,0.897696,1.684891,-57.57658,0.502136,36.061157,0.0,10.667322,66.8491,17.338902,-2.608375,0,0,1,1,0,0,0,0,0,0,0,0,0,inductive_motor,1,drill_press,5,start,unknown,0,drill_press,sess_1775799304150,1,1,1.0,1.0,1,0,27176.22,5,0.0,176.221,0.0,0,0,0,0
1775799315139,801267,801267,801305,801316,801521,100.008,11.215,254,231.998,0.572378,24.407,0.317674,0.014186,9.339692,0,3.954134,1.976952,-48.122078,0.620107,38.038109,0.0,10.588512,57.4915,13.384768,-2.852319,0,0,1,1,0,0,0,0,0,0,0,0,0,inductive_motor,1,drill_press,5,start,unknown,0,drill_press,sess_1775799304150,1,1,1.0,1.0,1,0,27424.41,5,0.0,424.408,0.0,0,0,0,0
1775799315239,801367,801367,801404,801416,801534,99.885,12.814,167,231.998,0.582833,24.407,0.22832,0.010455,8.234793,0,1.406853,4.126995,-41.814796,0.203671,33.911114,0.0,10.477179,70.451,11.977915,-3.261073,0,0,1,1,0,0,0,0,0,0,0,0,0,inductive_motor,1,drill_press,5,start,unknown,0,drill_press,sess_1775799304150,1,1,1.0,1.0,1,0,28164.37,5,0.0,1164.365,0.0,0,0,0,0
1775799315339,801467,801467,801504,801516,801547,100.003,11.254,80,231.998,0.554652,24.407,0.604378,0.028181,19.507685,0,0.952497,1.893177,-49.34182,0.361919,35.804291,0.0,9.910667,68.3616,12.930411,-4.447166,0,0,1,1,0,0,0,0,0,0,0,0,0,inductive_motor,1,drill_press,5,start,unknown,0,drill_press,sess_1775799304150,1,1,1.0,1.0,1,0,27519.48,5,0.0,519.484,0.0,0,0,0,0
1775799315439,801567,801567,801606,801617,801639,100.008,11.342,72,231.998,0.563022,24.407,0.188607,0.008369,10.38188,0,3.959807,1.3755,-57.275219,0.517527,37.17979,0.0,9.984406,79.1734,16.890219,-3.592773,0,0,1,1,0,0,0,0,0,0,0,0,0,inductive_motor,1,drill_press,5,start,unknown,0,drill_press,sess_1775799304150,1,1,1.0,1.0,1,0,26470.89,5,0.0,529.107,0.0,0,0,0,0
1775799315539,801667,801667,801707,801718,801731,100.008,11.094,64,231.998,0.555234,24.407,0.172903,0.007788,10.990631,0,1.280287,3.212059,-54.984528,0.484176,33.967731,0.0,9.367676,82.1983,15.609932,-4.478605,0,0,1,1,0,0,0,0,0,0,0,0,0,inductive_motor,1,drill_press,5,start,unknown,0,drill_press,sess_1775799304150,1,1,1.0,1.0,1,0,26108.46,5,0.0,891.537,0.0,0,0,0,0
1775799315639,801767,801767,801805,801817,802014,100.008,11.842,247,232.163,0.550618,24.403,0.103908,0.004616,15.137232,0,5.43807,0.574928,-48.214584,0.58973,33.392803,0.0,9.474584,90.0808,10.171862,-4.722026,0,0,1,1,0,0,0,0,0,0,0,0,0,inductive_motor,1,drill_press,5,start,unknown,0,drill_press,sess_1775799304150,1,1,1.0,1.0,1,0,27039.16,5,0.0,39.16,0.0,0,0,0,0
1775799315739,801867,801867,801903,801915,802017,100.006,11.25,150,232.163,0.559946,24.403,0.211753,0.009328,13.719718,0,6.550257,6.130592,-57.808945,0.404566,39.523396,0.0,9.341182,57.4844,16.722118,-4.745656,0,0,1,1,0,0,0,0,0,0,0,0,0,inductive_motor,1,drill_press,5,start,unknown,0,drill_press,sess_1775799304150,1,1,1.0,1.0,1,0,28380.59,5,0.0,1380.588,0.0,0,0,0,0
1775799315839,801967,801967,802005,802017,802030,100.004,12.318,63,232.163,0.551097,24.403,0.197528,0.008849,6.383032,0,0.496504,0.726658,-56.102707,0.337339,38.796738,0.0,10.841531,59.7552,17.218622,-3.592672,0,0,1,1,0,0,0,0,0,0,0,0,0,inductive_motor,1,drill_press,5,start,unknown,0,drill_press,sess_1775799304150,1,1,1.0,1.0,1,0,27276.84,5,0.0,276.844,0.0,0,0,0,0
1775799315939,802067,802067,802105,802117,802135,100.011,11.379,68,232.163,0.574151,24.403,0.522892,0.023054,18.518894,0,0.445782,2.251442,-55.77478,0.064699,36.545296,0.0,9.098364,77.9787,16.77284,-4.888919,0,0,1,1,0,0,0,0,0,0,0,0,0,inductive_motor,1,drill_press,5,start,unknown,0,drill_press,sess_1775799304150,1,1,1.0,1.0,1,0,26945.24,5,0.0,54.76,0.0,0,0,0,0
1775799316039,802167,802167,802206,802217,802240,100.009,11.212,73,232.163,0.585635,24.403,0.25003,0.011485,20.323959,0,0.554026,0.060085,-55.968395,0.325535,36.605381,0.0,8.287062,82.325,16.218815,-5.900321,0,0,1,1,0,0,0,0,0,0,0,0,0,inductive_motor,1,drill_press,5,start,unknown,0,drill_press,sess_1775799304150,1,1,1.0,1.0,1,0,26381.55,5,0.0,618.447,0.0,0,0,0,0
1775799316139,802267,802267,802306,802317,802504,100.008,11.432,237,232.163,0.574554,24.402,0.236516,0.011081,23.794136,0,0.086275,2.45866,-54.090302,0.894889,34.146721,0.0,7.158656,85.5427,16.13254,-7.46954,0,0,1,1,0,0,0,0,0,0,0,0,0,inductive_motor,1,drill_press,5,start,unknown,0,drill_press,sess_1775799304150,1,1,1.0,1.0,1,0,26458.58,5,0.0,541.42,0.0,0,0,0,0
1775799316239,802367,802367,802404,802415,802518,100.008,11.099,151,232.163,0.590403,24.402,0.344801,0.015849,12.563091,0,6.061338,3.408573,-43.151974,1.277494,37.555294,0.0,11.113362,77.2361,10.071201,-6.588448,0,0,1,1,0,0,0,0,0,0,0,0,0,inductive_motor,1,drill_press,5,start,unknown,0,drill_press,sess_1775799304150,1,1,1.0,1.0,1,0,27804.93,5,0.0,804.932,0.0,0,0,0,0
1775799316339,802467,802467,802504,802515,802531,100.007,11.262,64,232.163,0.576432,24.402,0.295799,0.013972,14.415129,0,6.239021,0.986729,-56.18927,0.068002,38.542023,0.0,6.983361,58.0115,16.310223,-7.73296,0,0,1,1,0,0,0,0,0,0,0,0,0,inductive_motor,1,drill_press,5,start,unknown,0,drill_press,sess_1775799304150,1,1,1.0,1.0,1,0,27846.52,5,0.0,846.518,0.0,0,0,0,0
1775799316439,802567,802567,802605,802616,802636,100.01,11.582,69,232.163,0.566915,24.402,0.206364,0.009517,12.118931,0,0.734937,3.891056,-55.474945,0.463582,34.650967,0.0,6.082544,64.2308,15.575286,-8.687794,0,0,1,1,0,0,0,0,0,0,0,0,0,inductive_motor,1,drill_press,5,start,unknown,0,drill_press,sess_1775799304150,1,1,1.0,1.0,1,0,27391.4,5,0.0,391.396,0.0,0,0,0,0
1775799316539,802667,802667,802705,802717,802732,100.009,11.327,65,232.292,0.563188,24.402,0.082171,0.003727,18.58996,0,0.74878,2.025005,-55.331936,0.734869,36.675972,0.0,5.093115,77.5358,16.324066,-9.682265,0,0,1,1,0,0,0,0,0,0,0,0,0,inductive_motor,1,drill_press,5,start,unknown,0,drill_press,sess_1775799304150,1,1,1.0,1.0,1,0,27089.95,5,0.0,89.947,0.0,0,0,0,0
1775799316639,802767,802767,802807,802819,803033,100.009,11.675,266,232.292,0.554688,24.401,0.188664,0.0085,18.769459,0,0.297836,4.958511,-53.58469,0.154088,41.634483,0.0,10.174913,81.9794,16.02623,-4.407806,0,0,1,1,0,0,0,0,0,0,0,0,0,inductive_motor,1,drill_press,5,start,unknown,0,drill_press,sess_1775799304150,1,1,1.0,1.0,0,1,25549.54,5,0.0,1450.461,0.0,0,0,0,0
1775799316739,802867,802867,802903,802916,803046,100.004,12.576,179,232.292,0.554194,24.401,0.011128,0.000494,13.500669,0,5.627741,1.467442,-46.239246,0.470587,40.167042,0.0,7.173109,55.4184,10.398489,-9.893912,0,0,1,1,0,0,0,0,0,0,0,0,0,inductive_motor,1,drill_press,5,start,unknown,0,drill_press,sess_1775799304150,1,1,1.0,1.0,0,1,28537.99,5,0.0,1537.986,0.0,0,0,0,0
1775799316839,802967,802967,803004,803015,803059,100.007,11.309,92,232.292,0.565994,24.401,0.266154,0.0118,7.008105,0,1.515588,5.651802,-44.012375,0.143948,34.51524,0.0,8.627811,76.6502,11.914077,-5.389021,0,0,1,1,0,0,0,0,0,0,0,0,0,inductive_motor,1,drill_press,5,start,unknown,0,drill_press,sess_1775799304150,1,1,1.0,1.0,0,1,27893.55,5,0.0,893.547,0.0,0,0,0,0
1775799316939,803067,803067,803106,803117,803138,100.008,11.485,71,232.292,0.574801,24.401,0.194488,0.008807,20.001879,0,4.088862,2.714043,-54.663662,0.198108,37.229282,0.0,4.835582,79.8901,16.002939,-15.074636,0,0,1,1,0,0,0,0,0,0,0,0,0,inductive_motor,1,drill_press,5,start,unknown,0,drill_press,sess_1775799304150,1,1,1.0,1.0,0,1,26844.93,5,0.0,155.066,0.0,0,0,0,0
1775799317039,803167,803167,803205,803217,803243,99.878,11.657,76,232.292,0.568548,24.401,0.135967,0.006252,17.014919,0,0.532511,2.010033,-57.667114,0.350835,35.21925,0.0,5.028152,78.151,16.53545,-9.705389,0,0,1,1,0,0,0,0,0,0,0,0,0,inductive_motor,1,drill_press,5,start,unknown,0,drill_press,sess_1775799304150,1,1,1.0,1.0,0,1,26985.72,5,0.0,14.283,0.0,0,0,0,0
1775799317139,803267,803267,803305,803317,803554,100.009,12.471,287,232.395,0.564021,24.407,0.099536,0.004527,13.839485,0,0.049183,1.65023,-58.653561,0.575404,33.569019,0.0,4.708275,65.1573,16.486267,-17.281544,0,0,1,1,0,0,0,0,0,0,0,0,0,inductive_motor,1,drill_press,5,start,unknown,0,drill_press,sess_1775799304150,1,1,1.0,1.0,0,1,27379.68,5,0.0,379.68,0.0213,0,0,0,0
1775799317239,803367,803367,803402,803415,803557,100.004,12.326,190,232.395,0.549796,24.407,0.315248,0.014225,7.591677,0,1.008415,0.163483,-56.440502,0.048549,33.732502,0.0,4.501162,61.698,15.477852,-10.107526,0,0,1,1,0,0,0,0,0,0,0,0,0,inductive_motor,1,drill_press,5,start,unknown,0,drill_press,sess_1775799304150,1,1,1.0,1.0,0,1,29287.27,5,0.0,2287.268,0.0207,0,0,0,0
1775799317339,803467,803467,803502,803516,803570,100.007,13.495,103,232.395,0.544274,24.407,0.125545,0.005522,4.623056,0,1.26173,7.617065,-33.204338,0.000959,41.349567,0.0,4.597658,0.0,16.739582,-10.258917,0,0,1,1,0,0,0,0,0,0,0,0,0,inductive_motor,1,drill_press,5,start,unknown,0,drill_press,sess_1775799304150,1,1,1.0,1.0,0,1,29438.82,5,0.0,2438.822,0.02,0,0,0,0
1775799317439,803567,803567,803605,803616,803636,100.008,11.576,69,232.395,0.532506,24.407,0.270259,0.011768,12.567242,0,0.785479,0.15097,-56.899067,0.372015,41.500538,0.0,5.726261,66.3218,17.525061,-17.950464,0,0,1,1,0,0,0,0,0,0,0,0,0,inductive_motor,1,drill_press,5,start,unknown,0,drill_press,sess_1775799304150,1,1,1.0,1.0,0,1,27464.87,5,0.0,464.865,0.0177,0,0,0,0
1775799317539,803667,803667,803705,803717,803741,100.011,12.167,74,232.395,0.53003,24.407,0.058126,0.002476,7.145809,0,0.824408,3.718678,-55.182526,1.046076,37.78186,1.291149,6.728541,75.379,16.700653,-14.474695,0,0,1,1,0,0,0,0,0,0,0,0,0,inductive_motor,1,drill_press,5,start,unknown,0,drill_press,sess_1775799304150,1,1,1.0,1.0,0,1,27225.35,5,0.0,225.354,0.0148,0,0,0,0
1775799317639,803767,803767,803805,803818,804030,100.018,12.688,263,232.395,0.538279,24.4,0.194535,0.008249,7.983419,0,0.316587,2.239841,-56.618687,0.503723,40.021702,1.464267,5.071283,81.7588,17.017241,-11.800866,0,0,1,1,0,0,0,0,0,0,0,0,0,inductive_motor,1,drill_press,5,start,unknown,0,drill_press,sess_1775799304150,1,1,1.0,1.0,0,1,27224.63,5,0.531944,224.629,0.0127,0,0,0,0
1775799317739,803867,803867,803903,803916,804043,100.006,13.269,176,232.395,0.555445,24.4,0.398617,0.017166,4.602661,0,2.504678,0.843826,-54.861,0.77939,39.177876,2.417555,5.24008,41.8929,14.512563,-9.9641,0,0,1,1,0,0,0,0,0,0,0,0,0,inductive_motor,1,drill_press,5,start,unknown,0,drill_press,sess_1775799304150,1,1,1.0,1.0,0,1,28603.35,5,0.0,1603.352,0.0123,0,0,0,0
1775799317839,803967,803967,804004,804016,804056,100.004,11.409,89,232.395,0.566342,24.4,0.245226,0.010897,3.199666,0,3.968925,9.212242,-31.446907,1.730797,48.390118,1.321693,10.183224,0.0,10.543637,-8.547187,0,0,1,1,0,0,0,0,0,0,0,0,0,inductive_motor,1,drill_press,5,start,unknown,0,drill_press,sess_1775799304150,1,1,1.0,1.0,0,1,27568.38,5,0.0,568.383,0.0119,0,0,0,0
1775799317939,804067,804067,804106,804119,804135,100.01,12.821,68,232.395,0.554919,24.4,0.252097,0.011422,8.039806,0,6.26785,3.622032,-56.144428,0.104995,44.768085,0.34218,7.683464,79.0309,16.811487,-6.532502,0,0,1,1,0,0,0,0,0,0,0,0,0,inductive_motor,1,drill_press,5,start,unknown,0,drill_press,sess_1775799304150,1,1,1.0,1.0,0,1,26571.18,5,0.179953,428.824,0.0106,0,0,0,0
1775799318039,804167,804167,804206,804218,804230,100.008,12.448,63,232.373,0.547385,24.4,0.169717,0.007535,6.617179,0,1.02402,6.179855,-36.520187,0.724113,38.58823,0.389002,8.825918,0.0,15.787467,-5.143117,0,0,1,1,0,0,0,0,0,0,0,0,0,inductive_motor,1,drill_press,5,start,unknown,0,drill_press,sess_1775799304150,1,1,1.0,1.0,0,1,26799.27,5,0.0,200.732,0.312,0,0,0,0
1775799318139,804267,804267,804305,804317,804538,99.918,11.952,271,232.373,0.553772,24.397,0.14586,0.006387,2.897221,0,0.800326,3.553501,-56.740372,1.13012,42.141731,0.216993,9.323294,79.9013,16.587793,-4.353343,0,0,1,1,0,0,0,0,0,0,0,0,0,inductive_motor,1,drill_press,5,start,unknown,0,drill_press,sess_1775799304150,1,1,1.0,1.0,0,1,27351.89,5,0.0,351.889,0.2523,0,0,0,0
1775799318239,804367,804367,804403,804417,804551,100.009,13.555,184,232.373,0.527923,24.397,0.58347,0.025849,4.726666,0,1.221768,8.654476,-55.712124,0.430645,33.487255,0.786055,10.151397,54.5652,15.366025,-4.006776,0,0,1,1,0,0,0,0,0,0,0,0,0,inductive_motor,1,drill_press,5,start,unknown,0,drill_press,sess_1775799304150,1,1,1.0,1.0,0,1,28453.93,5,0.959057,1453.93,0.2447,0,0,0,0
1775799318339,804467,804467,804504,804517,804564,100.006,12.449,97,232.373,0.541243,24.397,0.315373,0.01332,1.635414,0,4.10668,8.460545,-46.052666,1.661814,41.9478,1.287041,10.718862,66.213,11.259345,-3.058287,0,0,1,1,0,0,0,0,0,0,0,0,0,inductive_motor,1,drill_press,5,start,unknown,0,drill_press,sess_1775799304150,1,1,1.0,1.0,0,1,27583.98,5,0.0,583.979,0.2374,0,0,0,0
1775799318439,804567,804567,804605,804617,804643,100.007,12.251,76,232.373,0.534835,24.397,0.147975,0.006407,1.291653,0,6.004394,1.49987,-56.642754,0.782975,43.44767,1.554256,10.969977,73.9346,17.263739,-2.553952,0,0,1,1,0,0,0,0,0,0,0,0,0,inductive_motor,1,drill_press,5,start,unknown,0,drill_press,sess_1775799304150,1,1,1.0,1.0,0,1,27140.93,5,0.0,140.926,0.2102,0,0,0,0
1775799318539,804667,804667,804705,804717,804748,100.007,12.053,81,232.373,0.55227,24.397,0.407468,0.017435,3.195639,0,0.498522,9.904541,-54.996738,0.960149,33.543129,1.261192,10.953202,69.0622,16.765217,-2.250202,0,0,1,1,0,0,0,0,0,0,0,0,0,inductive_motor,1,drill_press,5,start,unknown,0,drill_press,sess_1775799304150,1,1,1.0,1.0,0,1,27126.55,5,0.0,126.547,0.1752,0,0,0,0
1775799318639,804767,804767,804805,804818,805072,100.009,13.2,305,232.241,0.55945,24.399,0.162496,0.007179,7.814092,0,0.451149,1.736847,-56.24469,0.580958,35.279976,0.218428,10.901084,62.5394,16.314068,-2.522333,0,0,1,1,0,0,0,0,0,0,0,0,0,inductive_motor,1,drill_press,5,start,unknown,0,drill_press,sess_1775799304150,1,1,1.0,1.0,0,1,27204.38,5,1.585929,204.379,0.4135,0,0,0,0
1775799318739,804867,804867,804902,804913,805075,100.005,10.947,208,232.241,0.583107,24.399,0.52858,0.023658,5.908868,0,0.021626,2.13578,-56.184998,0.128837,37.415756,0.0,10.959099,53.7726,16.292442,-2.707194,0,0,1,1,0,0,0,0,0,0,0,0,0,inductive_motor,1,drill_press,5,start,unknown,0,drill_press,sess_1775799304150,1,1,1.0,1.0,0,1,29321.65,5,0.0,2321.65,0.4011,0,0,0,0
1775799318839,804967,804967,805002,805013,805088,100.007,10.937,121,232.241,0.580265,24.399,0.06093,0.002842,6.277248,0,0.122173,2.674408,-56.8009,0.000513,40.090164,0.0,10.996495,54.6153,16.414616,-3.026762,0,0,1,1,0,0,0,0,0,0,0,0,0,inductive_motor,1,drill_press,5,start,unknown,0,drill_press,sess_1775799304150,1,1,1.0,1.0,0,1,29314.94,5,0.0,2314.936,0.3891,0,0,0,0
1775799318939,805067,805067,805106,805119,805141,100.012,12.509,74,232.241,0.559925,24.399,0.438151,0.02034,4.309991,0,0.291286,2.377693,-56.439037,0.096572,42.467857,1.570925,10.408407,84.8296,16.705902,-3.420978,0,0,1,1,0,0,0,0,0,0,0,0,0,inductive_motor,1,drill_press,5,start,unknown,0,drill_press,sess_1775799304150,1,1,1.0,1.0,0,1,26333.38,5,0.144859,666.615,0.3553,0,0,0,0
1775799319039,805167,805167,805207,805220,805234,100.009,12.793,67,232.241,0.559177,24.399,0.016694,0.000748,5.249961,0,1.577104,4.528526,-49.028973,0.446066,37.939331,0.330181,10.283184,96.5194,15.128798,-3.232808,0,0,1,1,0,0,0,0,0,0,0,0,0,inductive_motor,1,drill_press,5,start,unknown,0,drill_press,sess_1775799304150,1,1,1.0,1.0,0,1,25682.18,5,1.187578,1317.816,0.3052,0,0,0,0
1775799319139,805267,805267,805306,805318,805565,99.926,12.865,298,232.241,0.548273,24.401,0.243743,0.010904,9.911716,0,1.019443,3.024372,-55.780212,0.169268,34.914959,1.402758,9.870662,85.0602,16.148241,-3.967379,0,0,1,1,0,0,0,0,0,0,0,0,0,inductive_motor,1,drill_press,5,start,unknown,0,drill_press,sess_1775799304150,1,1,1.0,1.0,0,1,26741.88,5,0.303321,258.121,0.2544,0,0,0,0
1775799319239,805367,805367,805402,805413,805717,100.006,10.928,350,232.241,0.549277,24.401,0.02289,0.001004,8.067395,0,0.852341,2.762707,-57.432941,0.006447,32.152252,0.0,10.330029,55.5178,17.000582,-3.549623,0,0,1,1,0,0,0,0,0,0,0,0,0,inductive_motor,1,drill_press,5,start,unknown,0,drill_press,sess_1775799304150,1,1,1.0,1.0,0,1,29167.97,5,0.0,2167.973,0.2468,0,0,0,0
1775799319339,805467,805467,805504,805515,805744,100.007,11.083,277,232.133,0.547249,24.401,0.046152,0.002028,14.118078,0,1.20332,4.629055,-54.881954,0.272059,36.781307,0.0,10.427327,59.6904,15.797262,-3.70083,0,0,1,1,0,0,0,0,0,0,0,0,0,inductive_motor,1,drill_press,5,start,unknown,0,drill_press,sess_1775799304150,1,1,1.0,1.0,0,1,28241.26,5,0.0,1241.264,0.2394,0,0,0,0
1775799319439,805567,805567,805604,805618,805747,100.014,14.509,180,232.133,0.572921,24.401,0.586369,0.025672,8.029207,0,0.698204,1.793709,-55.002613,0.630085,38.575016,0.0,10.225784,66.326,15.099058,-3.551402,0,0,1,1,0,0,0,0,0,0,0,0,0,inductive_motor,1,drill_press,5,start,unknown,0,drill_press,sess_1775799304150,1,1,1.0,1.0,0,1,28213.25,5,0.0,1213.252,0.2322,0,0,0,0
1775799319539,805667,805667,805707,805720,805760,100.004,12.658,93,232.133,0.581342,24.401,0.183727,0.008421,2.786157,0,3.053092,0.288639,-43.908443,2.299912,38.863655,5.785322,9.585253,85.1914,12.045966,-3.793773,0,0,1,1,0,0,0,0,0,0,0,0,0,inductive_motor,1,drill_press,5,start,unknown,0,drill_press,sess_1775799304150,1,1,1.0,1.0,0,1,25854.67,5,0.0,1145.332,0.2253,0,0,0,0
1775799319639,805767,805767,805805,805817,806040,100.009,11.768,273,232.133,0.58987,24.395,0.183361,0.008528,14.050362,0,5.257903,2.563992,-57.462803,0.02449,36.299664,0.0,9.499977,61.9308,17.303869,-4.771768,0,0,1,1,0,0,0,0,0,0,0,0,0,inductive_motor,1,drill_press,5,start,unknown,0,drill_press,sess_1775799304150,1,1,1.0,1.0,0,1,27305.94,5,0.0,305.939,0.1935,0,0,0,0
1775799319739,805867,805867,805902,805913,806067,100.006,11.049,200,232.133,0.577936,24.395,0.252887,0.011934,5.648423,0,0.217787,0.047119,-58.818573,0.033488,36.346783,0.0,9.627103,52.8738,17.086082,-4.515125,0,0,1,1,0,0,0,0,0,0,0,0,0,inductive_motor,1,drill_press,5,start,unknown,0,drill_press,sess_1775799304150,1,1,1.0,1.0,0,1,29346.02,5,0.0,2346.02,0.1877,0,0,0,0
1775799319839,805967,805967,806002,806013,806080,100.006,11.126,113,232.133,0.565518,24.395,0.268583,0.012418,5.878105,0,0.130266,5.079269,-58.106537,0.003668,41.426052,0.0,9.522078,52.6511,16.955816,-4.610724,0,0,1,1,0,0,0,0,0,0,0,0,0,inductive_motor,1,drill_press,5,start,unknown,0,drill_press,sess_1775799304150,1,1,1.0,1.0,0,1,29428.67,5,0.0,2428.67,0.1821,0,0,0,0
1775799319939,806067,806067,806105,806116,806133,100.049,11.289,66,232.133,0.572814,24.395,0.161276,0.007297,17.438354,0,0.97706,3.76022,-56.443375,0.568619,37.665833,0.0,7.906362,78.1415,15.978756,-6.518395,0,0,1,1,0,0,0,0,0,0,0,0,0,inductive_motor,1,drill_press,5,start,unknown,0,drill_press,sess_1775799304150,1,1,1.0,1.0,0,1,27167.57,5,0.0,167.568,0.1662,0,0,0,0
1775799320039,806167,806167,806206,806217,806238,100.008,11.355,71,232.133,0.558478,24.395,0.312845,0.014336,21.174103,0,0.076019,3.569199,-54.923443,0.049495,34.096634,0.0,7.479201,83.7947,16.054775,-7.174589,0,0,1,1,0,0,0,0,0,0,0,0,0,inductive_motor,1,drill_press,5,start,unknown,0,drill_press,sess_1775799304150,1,1,1.0,1.0,0,1,26543.63,5,0.0,456.375,0.1385,0,0,0,0
1775799320139,806267,806267,806306,806318,806330,100.01,11.574,63,232.133,0.550755,24.395,0.172852,0.007723,19.086615,0,0.070143,0.128887,-53.863266,0.029549,33.967747,0.0,7.43,81.446,16.124918,-7.126908,0,0,1,1,0,0,0,0,0,0,0,0,0,inductive_motor,1,drill_press,5,start,unknown,0,drill_press,sess_1775799304150,1,1,1.0,1.0,0,1,26362.54,5,0.0,637.463,0.119,0,0,0,0
1775799320239,806367,806367,806402,806413,806557,100.006,11.044,190,232.063,0.551173,24.391,0.009488,0.000418,6.172794,0,0.839888,4.234451,-57.034508,0.235065,38.202198,0.0,8.095644,54.9372,16.964806,-5.943398,0,0,1,1,0,0,0,0,0,0,0,0,0,inductive_motor,1,drill_press,5,start,unknown,0,drill_press,sess_1775799304150,1,1,1.0,1.0,0,1,29294.81,5,0.0,2294.807,0.0626,0,0,0,0
1775799320339,806467,806467,806502,806513,806560,100.006,10.904,93,232.063,0.569535,24.391,0.416413,0.018362,5.455081,0,0.591417,0.050781,-58.150993,0.04512,38.151417,0.0,8.013664,53.9736,16.373388,-5.79674,0,0,1,1,0,0,0,0,0,0,0,0,0,inductive_motor,1,drill_press,5,start,unknown,0,drill_press,sess_1775799304150,1,1,1.0,1.0,0,1,29438.82,5,0.0,2438.822,0.0607,0,0,0,0
1775799320439,806567,806567,806605,806616,806639,99.873,11.689,72,232.063,0.584288,24.391,0.323785,0.014753,12.217328,0,0.568342,3.21217,-57.334755,0.688817,34.939247,0.0,6.279326,69.2661,16.94173,-8.104754,0,0,1,1,0,0,0,0,0,0,0,0,0,inductive_motor,1,drill_press,5,start,unknown,0,drill_press,sess_1775799304150,1,1,1.0,1.0,0,1,27406.79,5,0.0,406.793,0.0522,0,0,0,0
1775799320539,806667,806667,806705,806716,806731,100.011,11.339,64,232.063,0.587606,24.391,0.070995,0.003319,16.775541,0,0.239964,1.168758,-55.569618,0.885602,36.108006,0.0,5.013146,76.1698,16.701767,-9.617012,0,0,1,1,0,0,0,0,0,0,0,0,0,inductive_motor,1,drill_press,5,start,unknown,0,drill_press,sess_1775799304150,1,1,1.0,1.0,0,1,27223.18,5,0.0,223.182,0.0448,0,0,0,0
1775799320639,806767,806767,806805,806817,806836,100.007,11.197,69,232.063,0.579252,24.391,0.177724,0.008355,18.409952,0,0.369019,1.214596,-56.57608,0.158687,37.322601,0.0,4.769315,80.299,16.332748,-11.486361,0,0,1,1,0,0,0,0,0,0,0,0,0,inductive_motor,1,drill_press,5,start,unknown,0,drill_press,sess_1775799304150,1,1,1.0,1.0,0,1,26894.99,5,0.0,105.006,0.0373,0,0,0,0
1775799320739,806867,806867,806905,806916,807109,100.007,11.141,242,232.063,0.563728,24.391,0.334983,0.015523,19.097109,0,3.221525,2.329788,-53.444847,1.232603,39.65239,0.0,4.777717,64.2878,13.111223,-12.684042,0,0,1,1,0,0,0,0,0,0,0,0,0,inductive_motor,1,drill_press,5,start,unknown,0,drill_press,sess_1775799304150,1,1,1.0,1.0,0,1,27511.35,5,0.0,511.352,0.0341,0,0,0,0
1775799320839,806967,806967,807004,807015,807121,100.008,11.06,154,232.063,0.558847,24.391,0.108239,0.004882,16.869719,0,3.004626,3.136318,-41.710625,0.131371,36.516071,0.0,9.471169,77.6713,10.106597,-4.828176,0,0,1,1,0,0,0,0,0,0,0,0,0,inductive_motor,1,drill_press,5,start,unknown,0,drill_press,sess_1775799304150,1,1,1.0,1.0,0,1,27882.91,5,0.0,882.914,0.033,0,0,0,0
1775799320939,807067,807067,807103,807115,807134,100.012,11.46,67,232.063,0.539859,24.391,0.424692,0.018987,13.6366,0,5.658895,0.420292,-54.77951,0.021253,36.936363,0.0,5.094246,57.834,15.765491,-14.823191,0,0,1,1,0,0,0,0,0,0,0,0,0,inductive_motor,1,drill_press,5,start,unknown,0,drill_press,sess_1775799304150,1,1,1.0,1.0,0,1,28434.97,5,0.0,1434.967,0.032,0,0,0,0
1775799321039,807167,807167,807205,807217,807230,100.007,11.865,63,232.125,0.539297,24.391,0.013007,0.000562,13.269202,0,0.964523,2.314022,-56.868874,0.411545,39.250385,0.0,6.032763,72.3442,16.730015,-15.243454,0,0,1,1,0,0,0,0,0,0,0,0,0,inductive_motor,1,drill_press,5,start,unknown,0,drill_press,sess_1775799304150,1,1,1.0,1.0,0,1,27236.21,5,0.0,236.215,0.0,0,0,0,0
1775799321139,807267,807267,807305,807316,807335,100.011,11.159,68,232.125,0.549203,24.391,0.229584,0.009905,17.856377,0,0.254892,2.583748,-55.670284,0.605715,36.666637,0.0,5.110134,78.984,16.475122,-10.408531,0,0,1,1,0,0,0,0,0,0,0,0,0,inductive_motor,1,drill_press,5,start,unknown,0,drill_press,sess_1775799304150,1,1,1.0,1.0,0,1,26985.72,5,0.0,14.283,0.0,0,0,0,0
1775799321239,807367,807367,807406,807417,807624,100.007,11.316,257,232.125,0.553994,24.392,0.109044,0.004791,13.379478,0,3.479098,0.471981,-47.496723,1.494681,36.194656,0.0,6.465654,94.7222,12.996024,-13.316147,0,0,1,1,0,0,0,0,0,0,0,0,0,inductive_motor,1,drill_press,5,start,unknown,0,drill_press,sess_1775799304150,1,1,1.0,1.0,0,1,26415.58,5,0.0,584.418,0.0,0,0,0,0
1775799321339,807467,807467,807505,807516,807637,100.005,11.18,170,232.125,0.544591,24.392,0.21216,0.009403,22.213671,0,1.120609,0.068737,-48.215858,0.528335,36.125919,0.0,6.106641,73.9344,11.875415,-18.082092,0,0,1,1,0,0,0,0,0,0,0,0,0,inductive_motor,1,drill_press,5,start,unknown,0,drill_press,sess_1775799304150,1,1,1.0,1.0,0,1,27182.71,5,0.0,182.713,0.0,0,0,0,0
1775799321439,807567,807567,807605,807616,807650,100.003,11.023,83,232.125,0.541081,24.392,0.080551,0.003509,18.019176,0,0.230067,2.192009,-46.702652,0.505345,38.317928,0.0,4.169518,73.626,11.645348,-14.664928,0,0,1,1,0,0,0,0,0,0,0,0,0,inductive_motor,1,drill_press,5,start,unknown,0,drill_press,sess_1775799304150,1,1,1.0,1.0,0,1,27558.0,5,0.0,557.996,0.0,0,0,0,0
1775799321539,807667,807667,807706,807718,807729,100.01,11.147,62,232.125,0.568739,24.392,0.638927,0.027658,13.974455,0,4.958488,4.340691,-57.512432,0.669677,42.658619,0.0,6.214073,82.6816,16.603836,-12.815576,0,0,1,1,0,0,0,0,0,0,0,0,0,inductive_motor,1,drill_press,5,start,unknown,0,drill_press,sess_1775799304150,1,1,1.0,1.0,0,1,26219.43,5,0.0,780.566,0.0,0,0,0,0
1775799321639,807767,807767,807806,807817,807834,100.008,11.326,67,232.125,0.551804,24.392,0.37219,0.016935,12.935014,0,0.730799,7.293655,-56.246368,0.370882,35.364964,0.0,4.667782,79.4898,17.334635,-11.26911,0,0,1,1,0,0,0,0,0,0,0,0,0,inductive_motor,1,drill_press,5,start,unknown,0,drill_press,sess_1775799304150,1,1,1.0,1.0,0,1,26450.38,5,0.0,549.621,0.0,0,0,0,0
1775799321739,807867,807867,807905,807916,808116,100.01,11.154,249,232.284,0.532281,24.394,0.442251,0.019523,5.59262,0,2.158527,2.499565,-53.368469,0.653766,37.864529,0.0,4.485969,90.1973,15.176107,-10.123795,0,0,1,1,0,0,0,0,0,0,0,0,0,inductive_motor,1,drill_press,5,start,unknown,0,drill_press,sess_1775799304150,1,1,1.0,1.0,0,1,27416.33,5,0.0,416.332,0.0,0,0,0,0
1775799321839,807967,807967,808005,808017,808129,100.004,11.542,162,232.284,0.518499,24.394,0.323652,0.013782,14.339185,0,4.038775,8.838314,-37.334267,0.122579,46.702843,0.0,7.173353,0.0,11.137332,-6.910907,0,0,1,1,0,0,0,0,0,0,0,0,0,inductive_motor,1,drill_press,5,start,unknown,0,drill_press,sess_1775799304150,1,1,1.0,1.0,0,1,27107.16,5,0.0,107.158,0.0,0,0,0,0
1775799321939,808067,808067,808105,808116,808142,100.003,11.245,75,232.284,0.504795,24.394,0.330368,0.013704,12.577586,0,2.87346,4.90731,-43.363922,0.386861,41.795532,0.0,9.105224,81.4279,8.263872,-4.693866,0,0,1,1,0,0,0,0,0,0,0,0,0,inductive_motor,1,drill_press,5,start,unknown,0,drill_press,sess_1775799304150,1,1,1.0,1.0,0,1,27181.27,5,0.0,181.27,0.0,0,0,0,0
1775799322039,808167,808167,808206,808218,808234,100.01,11.411,67,232.284,0.53393,24.394,0.721446,0.029135,6.470096,0,7.41243,1.99826,-54.305023,0.261946,39.797272,0.0,9.443564,90.158,15.676302,-3.941289,0,0,1,1,0,0,0,0,0,0,0,0,0,inductive_motor,1,drill_press,5,start,unknown,0,drill_press,sess_1775799304150,1,1,1.0,1.0,0,1,26302.95,5,0.0,697.055,0.0,0,0,0,0
1775799322139,808267,808267,808305,808317,808339,100.008,11.841,72,232.284,0.551212,24.394,0.404579,0.017282,3.941297,0,1.599039,1.45536,-36.948799,0.182967,38.341911,0.0,9.704403,0.0,17.275341,-3.752039,0,0,1,1,0,0,0,0,0,0,0,0,0,inductive_motor,1,drill_press,5,start,unknown,0,drill_press,sess_1775799304150,1,1,1.0,1.0,0,1,26948.79,5,0.0,51.213,0.0,0,0,0,0
1775799322239,808367,808367,808405,808416,808609,100.008,11.182,242,232.284,0.565054,24.4,0.3139,0.013842,1.325049,0,3.914619,1.085361,-46.985268,0.816867,37.25655,0.0,9.704544,96.3861,13.360722,-4.10033,0,0,1,1,0,0,0,0,0,0,0,0,0,inductive_motor,1,drill_press,5,start,unknown,0,drill_press,sess_1775799304150,1,1,1.0,1.0,0,1,27393.6,5,0.0,393.596,0.0,0,0,0,0
1775799322339,808467,808467,808504,808515,808622,99.91,11.05,155,232.284,0.55904,24.4,0.133044,0.006014,2.34714,0,1.277915,6.135677,-44.99678,0.11603,31.120872,0.0,10.263692,66.2726,12.082807,-3.457264,0,0,1,1,0,0,0,0,0,0,0,0,0,inductive_motor,1,drill_press,5,start,unknown,0,drill_press,sess_1775799304150,1,1,1.0,1.0,0,1,28212.47,5,0.0,1212.475,0.0,0,0,0,0
1775799322439,808567,808567,808604,808616,808635,100.01,11.572,68,232.284,0.550484,24.4,0.19131,0.008556,1.205455,0,4.561095,5.083149,-56.373692,0.271294,36.204021,0.0,11.192179,55.2857,16.643902,-2.88764,0,0,1,1,0,0,0,0,0,0,0,0,0,inductive_motor,1,drill_press,5,start,unknown,0,drill_press,sess_1775799304150,1,1,1.0,1.0,0,1,27599.59,5,0.0,599.59,0.0,0,0,0,0
1775799322539,808667,808667,808705,808717,808740,99.939,11.952,73,232.284,0.555381,24.4,0.111215,0.004898,5.697669,0,0.521927,4.724293,-38.250244,0.577483,40.928314,0.0,10.445085,0.0,16.121975,-3.070742,0,0,1,1,0,0,0,0,0,0,0,0,0,inductive_motor,1,drill_press,5,start,unknown,0,drill_press,sess_1775799304150,1,1,1.0,1.0,0,1,27264.5,5,0.0,264.498,0.0,0,0,0,0
1775799322639,808767,808767,808805,808817,808835,100.009,11.348,68,232.439,0.534996,24.4,0.458815,0.020386,3.568654,0,0.987326,4.855911,-37.324657,0.233677,36.072403,0.0,10.744611,0.0,17.109301,-2.980789,0,0,1,1,0,0,0,0,0,0,0,0,0,inductive_motor,1,drill_press,5,start,unknown,0,drill_press,sess_1775799304150,1,1,1.0,1.0,0,1,26912.67,5,0.0,87.334,0.0,0,0,0,0
1775799322739,808867,808867,808907,808918,809167,100.007,11.436,300,232.439,0.543957,24.398,0.209376,0.008961,5.197481,0,0.654379,1.786709,-54.743813,0.02564,37.859112,0.0,10.822104,91.7364,16.454922,-2.257425,0,0,1,1,0,0,0,0,0,0,0,0,0,inductive_motor,1,drill_press,5,start,unknown,0,drill_press,sess_1775799304150,1,1,1.0,1.0,0,1,25825.33,5,0.0,1174.674,0.0,0,0,0,0
1775799322839,808967,808967,809002,809013,809181,100.005,10.874,214,232.439,0.557243,24.398,0.305299,0.013286,7.380316,0,0.043579,5.870739,-58.188995,0.239966,31.988373,0.0,11.200306,51.5616,16.411343,-2.424493,0,0,1,1,0,0,0,0,0,0,0,0,0,inductive_motor,1,drill_press,5,start,unknown,0,drill_press,sess_1775799304150,1,1,1.0,1.0,0,1,29296.48,5,0.0,2296.484,0.0,0,0,0,0
1775799322939,809067,809067,809102,809113,809193,100.006,10.954,126,232.439,0.570846,24.398,0.305131,0.013603,5.524311,0,0.07478,2.480965,-57.566319,0.108459,34.469337,0.0,11.227608,52.5468,16.486122,-2.409379,0,0,1,1,0,0,0,0,0,0,0,0,0,inductive_motor,1,drill_press,5,start,unknown,0,drill_press,sess_1775799304150,1,1,1.0,1.0,0,1,29319.13,5,0.0,2319.133,0.0,0,0,0,0
1775799323039,809167,809167,809206,809217,809233,100.081,11.268,66,232.439,0.567007,24.398,0.084056,0.003839,11.727616,0,0.291819,2.915512,-56.592766,0.316814,37.38485,0.0,10.132524,74.7024,16.777941,-3.478896,0,0,1,1,0,0,0,0,0,0,0,0,0,inductive_motor,1,drill_press,5,start,unknown,0,drill_press,sess_1775799304150,1,1,1.0,1.0,0,1,26887.93,5,0.0,112.068,0.0,0,0,0,0
1775799323139,809267,809267,809306,809317,809338,100.009,11.13,71,232.439,0.574084,24.398,0.156015,0.007077,9.53006,0,0.944221,0.800552,-55.070747,0.065841,36.584297,0.0,10.363895,80.7226,15.833719,-3.136859,0,0,1,1,0,0,0,0,0,0,0,0,0,inductive_motor,1,drill_press,5,start,unknown,0,drill_press,sess_1775799304150,1,1,1.0,1.0,0,1,26631.99,5,0.0,368.01,0.0,0,0,0,0
1775799323239,809367,809367,809407,809419,809645,99.882,11.5,278,232.574,0.574019,24.394,0.001418,6.5e-05,8.977981,0,0.865511,1.43906,-55.577995,0.381054,35.145237,0.0,9.835921,86.105,16.69923,-3.855902,0,0,1,1,0,0,0,0,0,0,0,0,0,inductive_motor,1,drill_press,5,start,unknown,0,drill_press,sess_1775799304150,1,1,1.0,1.0,0,1,25491.03,5,0.0,1508.975,0.0,0,0,0,0
1775799323339,809467,809467,809502,809513,809648,100.003,10.877,181,232.574,0.580025,24.394,0.130776,0.006006,5.877354,0,0.049587,0.986317,-56.891129,0.135739,36.131554,0.0,10.409194,54.6216,16.748817,-3.457427,0,0,1,1,0,0,0,0,0,0,0,0,0,inductive_motor,1,drill_press,5,start,unknown,0,drill_press,sess_1775799304150,1,1,1.0,1.0,0,1,29306.54,5,0.0,2306.545,0.0,0,0,0,0
1775799323439,809567,809567,809604,809616,809661,100.006,12.136,94,232.574,0.563523,24.394,0.35561,0.016501,5.714975,0,0.653969,0.039055,-56.068493,0.138319,36.170609,0.0,10.263012,54.9734,16.094849,-4.223132,0,0,1,1,0,0,0,0,0,0,0,0,0,inductive_motor,1,drill_press,5,start,unknown,0,drill_press,sess_1775799304150,1,1,1.0,1.0,0,1,27778.53,5,0.0,778.531,0.0,0,0,0,0
1775799323539,809667,809667,809705,809717,809754,100.009,11.758,87,232.574,0.549824,24.394,0.303875,0.0137,19.473167,0,0.205156,1.534012,-54.750523,0.666057,37.70462,0.0,8.844073,69.8514,16.300005,-5.436742,0,0,1,1,0,0,0,0,0,0,0,0,0,inductive_motor,1,drill_press,5,start,unknown,0,drill_press,sess_1775799304150,1,1,1.0,1.0,0,1,26800.67,5,0.0,199.33,0.0,0,0,0,0
1775799323639,809767,809767,809805,809816,809833,100.015,11.526,66,232.574,0.556742,24.394,0.157272,0.006918,15.674849,0,0.985431,1.67345,-52.497879,0.05571,36.03117,0.0,9.322308,61.3068,15.314574,-4.842385,0,0,1,1,0,0,0,0,0,0,0,0,0,inductive_motor,1,drill_press,5,start,unknown,0,drill_press,sess_1775799304150,1,1,1.0,1.0,0,1,27469.29,5,0.0,469.285,0.0,0,0,0,0
1775799323739,809867,809867,809905,809918,810145,100.01,12.85,278,232.574,0.55991,24.406,0.071145,0.003169,11.324618,0,0.685149,1.296055,-54.915806,1.110792,37.327225,0.0,9.900433,67.1997,15.999723,-4.338036,0,0,1,1,0,0,0,0,0,0,0,0,0,inductive_motor,1,drill_press,5,start,unknown,0,drill_press,sess_1775799304150,1,1,1.0,1.0,0,1,27321.24,5,0.0,321.238,0.0,0,0,0,0
1775799323839,809967,809967,810003,810016,810158,100.004,12.392,191,232.574,0.586454,24.406,0.592564,0.026543,12.79043,0,2.522102,0.796867,-47.538677,0.482622,38.124092,0.0,9.533792,61.5995,13.477621,-4.214442,0,0,1,1,0,0,0,0,0,0,0,0,0,inductive_motor,1,drill_press,5,start,unknown,0,drill_press,sess_1775799304150,1,1,1.0,1.0,0,1,28408.14,5,0.0,1408.145,0.0,0,0,0,0
1775799323939,810067,810067,810104,810116,810171,100.003,11.944,104,232.574,0.588208,24.406,0.0374,0.001755,4.98532,0,2.993347,0.334663,-57.619637,0.110811,38.458755,0.0,9.844163,52.9624,16.470968,-4.433582,0,0,1,1,0,0,0,0,0,0,0,0,0,inductive_motor,1,drill_press,5,start,unknown,0,drill_press,sess_1775799304150,1,1,1.0,1.0,0,1,28039.43,5,0.0,1039.43,0.0,0,0,0,0
1775799324039,810167,810167,810205,810217,810251,100.009,11.698,84,232.574,0.59241,24.406,0.089294,0.004202,13.59358,0,0.130192,2.555702,-56.72419,0.191205,35.903053,0.0,8.247665,65.2361,16.340776,-6.275766,0,0,1,1,0,0,0,0,0,0,0,0,0,inductive_motor,1,drill_press,5,start,unknown,0,drill_press,sess_1775799304150,1,1,1.0,1.0,0,1,27169.73,5,0.0,169.73,0.0,0,0,0,0
1775799324139,810267,810267,810305,810317,810334,100.006,11.743,67,232.715,0.582343,24.406,0.21242,0.010067,14.331633,0,0.395561,0.075829,-56.181068,0.025205,35.827225,0.0,7.940201,58.7205,16.736338,-6.76995,0,0,1,1,0,0,0,0,0,0,0,0,0,inductive_motor,1,drill_press,5,start,unknown,0,drill_press,sess_1775799304150,1,1,1.0,1.0,0,1,27376.75,5,0.0,376.752,0.0,0,0,0,0
1775799324239,810367,810367,810407,810419,810880,100.009,12.878,513,232.715,0.58101,24.414,0.028615,0.001333,12.87591,0,5.071434,3.886211,-40.330616,1.294842,39.713436,0.0,10.448082,94.0772,11.664904,-3.76574,0,0,1,1,0,0,0,0,0,0,0,0,0,inductive_motor,1,drill_press,5,start,unknown,0,drill_press,sess_1775799304150,1,1,1.0,1.0,0,1,26075.22,5,0.0,924.779,0.0,0,0,0,0
1775799324339,810467,810467,810502,810513,810908,100.005,11.039,441,232.715,0.558586,24.414,0.482412,0.022423,6.938478,0,4.426926,4.621387,-58.060108,0.019022,35.092049,0.0,7.140506,52.4243,16.091829,-7.275333,0,0,1,1,0,0,0,0,0,0,0,0,0,inductive_motor,1,drill_press,5,start,unknown,0,drill_press,sess_1775799304150,1,1,1.0,1.0,0,1,29436.28,5,0.0,2436.283,0.0,0,0,0,0
