epoch_ms,uptime_ms,frame_start_uptime_ms,frame_end_uptime_ms,feature_compute_end_uptime_ms,log_enqueue_uptime_ms,frame_dt_ms,compute_time_ms,timing_skew_ms,v_rms,i_rms,temp_c,abs_irms_zscore_vs_baseline,delta_irms_abs,halfcycle_asymmetry,suspicious_run_energy,pulse_count_per_cycle,zero_dwell_ratio,low_current_ratio,max_low_current_run_ms,delta_hf_energy,delta_flux,midband_residual_ratio,zcv,spectral_flux_midhf,peak_fluct_cv,residual_crest_factor,thd_i,hf_energy_delta,edge_spike_ratio,v_sag_pct,cycle_nmse,model_pred,label_arc,feat_valid,current_valid,sampling_quality_bad,invalid_loaded_flag,invalid_off_flag,relay_blank_active,turnon_blank_active,transient_blank_active,suspicious_run_len,invalid_loaded_run_len,restrike_count_short,device_family,device_family_code,device_name,trial_number,division_tag,notes,trusted_normal_session,load_type,session_id,context_family_code_runtime,context_family_code_provisional,context_family_confidence,context_family_confidence_provisional,context_acquiring,context_latched,adc_fs_hz,feature_space_version,fs_err_hz,fft_size,hop_samples,queue_drop_count,fault_state,arc_counter,auto_capture
1776144097673,955354,955334,955354,955361,955398,29,6.636,64,227.134,1.835594,32.33,0.172563,0.024996,23.338501,1.838386,0.858721,22.64151,2.929688,0.265353,0.988983,5.975653,-53.744843,0,22.439402,0,10.223907,21.3612,12.866105,-3.752835,0.002715,0,1,0,1,1,0,0,0,0,0,0,13844,0,6,resistive_linear,0,halogen_lamp,2,arc,unknown,0,halogen_lamp,sess_1776144071455__arc_01,0,0,0.9999,0.9999,0,1,26379.91,9,620.086,512,256,0,0,0,0
1776144097702,955383,955364,955383,955389,955419,29,6.534,55,227.134,1.862281,32.33,0.181733,0.026687,11.35315,2.607477,0,23.684212,3.125,0.28314,1.411814,0.934805,-53.250748,0,23.374207,0,5.933017,22.3344,11.454291,-8.336718,0.002635,0,0,0,1,1,0,0,0,0,0,0,13843,0,6,resistive_linear,0,halogen_lamp,2,arc,unknown,0,halogen_lamp,sess_1776144071455__arc_01,0,0,0.9999,0.9999,0,1,28254.61,9,1254.605,512,256,0,0,0,0
1776144097731,955412,955392,955412,955419,955434,29,6.694,42,227.134,1.864733,32.33,0.016459,0.002452,21.839245,1.877383,0.851837,22.64151,2.734375,0.267498,0.418729,5.153027,-52.268711,0,28.527233,0,10.048973,22.2554,11.87302,-4.110316,0.002554,0,1,0,1,1,0,0,0,0,0,0,13844,0,6,resistive_linear,0,halogen_lamp,2,arc,unknown,0,halogen_lamp,sess_1776144071455__arc_01,0,0,0.9999,0.9999,0,1,26168.42,9,831.58,512,256,0,0,0,0
1776144097763,955444,955422,955444,955451,955468,32,7.169,46,227.134,1.811196,32.33,0.358879,0.053537,44.410885,3.264353,0.800259,23.529411,3.125,0.284739,1.88783,7.023447,-38.736958,0,21.503786,0,9.393242,15.7765,9.98519,-5.750278,0.002406,26.688465,1,0,1,1,1,0,0,0,0,0,13846,0,6,resistive_linear,0,halogen_lamp,2,arc,unknown,0,halogen_lamp,sess_1776144071455__arc_01,0,0,0.9999,0.9999,0,1,24583.96,9,2416.043,512,256,0,0,0,0
1776144097821,955502,955483,955502,955508,955545,58,6.583,62,227.134,1.906003,32.33,1.2452,0.172669,14.631343,3.021805,0.913608,23.684212,3.125,0.285042,1.280341,5.011339,-55.866692,0,26.263014,0,9.904524,24.5799,11.220722,-3.397978,0.002198,0,1,0,1,1,0,0,0,0,0,0,13847,0,6,resistive_linear,0,halogen_lamp,2,arc,unknown,0,halogen_lamp,sess_1776144071455__arc_01,0,0,0.9999,0.9999,0,1,28066.04,9,1066.035,512,256,0,0,0,0
1776144097850,955531,955511,955531,955539,955559,29,8.163,48,227.134,1.752348,32.33,1.007698,0.153655,6.777565,3.82788,0,21.95122,4.492187,0.301869,0.292205,0.12759,-51.699509,0.19345,26.390604,2.393915,6.952873,13.6486,10.928517,-7.972691,0.002131,0.075107,0,0,1,1,0,0,0,0,0,0,13846,0,6,resistive_linear,0,halogen_lamp,2,arc,unknown,0,halogen_lamp,sess_1776144071455__arc_01,0,0,0.9999,0.9999,0,1,26501.59,9,498.414,512,256,0,0,0,0
1776144097882,955563,955541,955563,955571,955602,32,8.402,61,227.134,1.663847,32.33,0.631298,0.088501,34.565075,1.984373,0,25,4.101562,0.289882,0.672401,1.48786,-48.327045,0.99956,24.902744,26.467525,8.773359,18.4895,11.600919,-5.563312,0.002003,0.889211,1,0,1,1,1,0,0,0,0,0,13846,0,6,resistive_linear,0,halogen_lamp,2,arc,unknown,0,halogen_lamp,sess_1776144071455__arc_01,0,0,0.9999,0.9999,0,1,24147.79,9,2852.205,512,256,0,0,0,0
1776144097911,955592,955572,955592,955599,955616,29,6.628,44,227.134,1.851629,32.33,1.41074,0.187782,24.329168,2.977186,0,21.698112,2.929688,0.265754,0.70584,1.377384,-53.545601,0,26.280128,0,3.069226,21.4417,12.306759,-10.969748,0.001942,0,1,0,1,1,0,0,0,0,0,0,13847,0,6,resistive_linear,0,halogen_lamp,2,arc,unknown,0,halogen_lamp,sess_1776144071455__arc_01,0,0,0.9999,0.9999,0,1,26340.14,9,659.859,512,256,0,0,0,0
1776144097941,955622,955602,955622,955629,955648,30,7.149,46,227.134,1.74373,32.33,0.728401,0.107899,13.18765,3.791292,0,24.516129,4.492187,0.296931,1.326733,0.99151,-52.687485,0,25.288618,0,7.520422,12.5004,10.980026,-7.2676,0.001882,0,0,0,1,1,0,0,0,0,0,0,13846,0,6,resistive_linear,0,halogen_lamp,2,arc,unknown,0,halogen_lamp,sess_1776144071455__arc_01,0,0,0.9999,0.9999,0,1,26942.28,9,57.723,512,256,0,0,0,0
1776144097969,955650,955631,955650,955657,955669,28,6.547,38,227.134,1.882128,32.33,0.992103,0.138398,20.598259,2.729731,0,21.818182,2.929688,0.256653,1.626579,1.089518,-55.579967,0,24.1991,0,5.671611,23.0867,12.606606,-8.263031,0.001828,0,0,0,1,1,0,0,0,0,0,0,13845,0,6,resistive_linear,0,halogen_lamp,2,arc,unknown,0,halogen_lamp,sess_1776144071455__arc_01,0,0,0.9999,0.9999,0,1,27274.13,9,274.129,512,256,0,0,0,0
1776144097999,955680,955660,955680,955688,955694,30,8.254,34,227.015,1.754095,32.33,0.850314,0.128033,11.224819,1.415092,0,23.566879,4.492187,0.307367,2.065156,5.917887,-53.188316,0.389267,30.116987,4.761679,8.524858,16.2743,10.54145,-6.01459,0.231698,0.13822,1,0,1,1,0,0,0,0,0,0,13845,0,6,resistive_linear,0,halogen_lamp,2,arc,unknown,0,halogen_lamp,sess_1776144071455__arc_01,0,0,0.9999,0.9999,0,1,26027.54,9,972.461,512,256,0,0,0,0
1776144098029,955710,955689,955710,955716,955749,30,6.656,60,227.015,1.902123,32.332,1.054871,0.148029,19.327311,4.144977,0,21.698112,2.929688,0.270329,2.760566,0.139046,-57.848061,0,29.977942,0,8.051486,25.5939,13.302015,-6.120252,0.211507,0,0,0,1,1,0,0,0,0,0,0,13846,0,6,resistive_linear,0,halogen_lamp,2,arc,unknown,0,halogen_lamp,sess_1776144071455__arc_01,0,0,0.9999,0.9999,0,1,25894.37,9,1105.633,512,256,0,0,0,0
1776144098087,955768,955750,955768,955774,955796,58,6.481,46,227.015,1.878526,32.332,0.755509,0.107069,6.916766,2.148756,0.93817,25.423729,3.320313,0.277579,1.921301,0.429535,-59.805336,0,29.4534,0,10.474562,24.3734,14.243086,-2.89503,0.199032,0,1,0,1,1,0,0,0,0,0,0,13846,0,6,resistive_linear,0,halogen_lamp,2,arc,unknown,0,halogen_lamp,sess_1776144071455__arc_01,0,0,0.9999,0.9999,0,1,28820.57,9,1820.572,512,256,0,0,0,0
1776144098117,955798,955778,955798,955807,955839,30,8.269,61,227.015,1.769456,32.332,0.725765,0.10907,13.139367,3.651824,0,23.717949,4.296875,0.306746,2.098125,3.42757,-51.320995,0.716903,32.88097,6.10163,4.661658,19.343,12.144961,-15.895639,0.187293,0.070507,1,0,1,1,0,0,0,0,0,0,13848,0,6,resistive_linear,0,halogen_lamp,2,arc,unknown,0,halogen_lamp,sess_1776144071455__arc_01,0,0,0.9999,0.9999,0,1,26080.17,9,919.832,512,256,0,0,0,0
1776144098146,955827,955808,955827,955834,955853,29,6.636,45,227.015,1.876313,32.332,0.754872,0.106858,21.574894,4.344495,0.859541,23.584906,2.929688,0.302972,0.523559,7.054411,-53.833385,0,25.826559,0,10.034677,23.1783,12.66852,-3.75337,0.181688,0,1,0,1,1,0,0,0,0,0,0,13849,0,6,resistive_linear,0,halogen_lamp,2,arc,unknown,0,halogen_lamp,sess_1776144071455__arc_01,0,0,0.9999,0.9999,0,1,26405.1,9,594.9,512,256,0,0,0,0
1776144098176,955857,955837,955857,955864,955908,30,7.016,71,227.015,1.797398,32.332,0.525731,0.078915,19.999876,5.128239,0,23.584906,4.882812,0.304375,0.678922,1.836231,-54.339237,0,27.66279,0,4.113577,19.6384,11.989598,-11.11161,0.170972,6.832708,0,0,1,1,0,0,0,0,0,0,13849,0,6,resistive_linear,0,halogen_lamp,2,arc,unknown,0,halogen_lamp,sess_1776144071455__arc_01,0,0,0.9999,0.9999,0,1,26283.39,9,716.605,512,256,0,0,0,0
1776144098204,955885,955866,955885,955892,955931,28,6.552,65,227.015,1.855338,32.332,0.402938,0.05794,19.771492,3.692332,0.897826,21.929825,2.929688,0.290052,1.188243,1.679674,-53.74456,0,25.983116,0,10.054146,23.6817,10.801355,-3.838401,0.165848,0,1,0,1,1,0,0,0,0,0,0,13850,0,6,resistive_linear,0,halogen_lamp,2,arc,unknown,0,halogen_lamp,sess_1776144071455__arc_01,0,0,0.9999,0.9999,0,1,27581.23,9,581.227,512,256,0,0,0,0
1776144098233,955914,955895,955914,955923,955945,29,8.192,50,227.015,1.750303,32.332,0.707644,0.105034,12.416579,4.127712,0,24.516129,4.492187,0.301903,0.160573,1.798483,-52.171459,0.365894,27.781599,5.730064,4.900103,15.6231,10.640782,-15.805138,0.160878,0.098219,1,0,1,1,0,0,0,0,0,0,13851,0,6,resistive_linear,0,halogen_lamp,2,arc,unknown,0,halogen_lamp,sess_1776144071455__arc_01,0,0,0.9999,0.9999,0,1,26498.58,9,501.418,512,256,0,0,0,0
1776144098264,955945,955924,955945,955954,955966,31,8.316,42,227.015,1.717647,32.332,0.23322,0.032657,36.125877,4.734724,0.79638,25.581396,3.90625,0.286126,2.899996,1.741289,-50.000156,0.99244,26.04031,25.336657,9.171301,18.9509,13.540778,-4.984582,0.156063,0.928165,1,0,1,1,1,0,0,0,0,0,13852,0,6,resistive_linear,0,halogen_lamp,2,arc,unknown,0,halogen_lamp,sess_1776144071455__arc_01,0,0,0.9999,0.9999,0,1,24464.78,9,2535.217,512,256,0,0,0,0
1776144098323,956004,955984,956004,956011,956041,59,7.115,57,227.015,1.750512,32.332,0.762869,0.113778,13.500478,4.061253,0,24.832214,4.6875,0.303432,0.762047,4.692478,-52.439972,0,25.643803,0,8.825887,16.0196,13.406189,-5.738369,0.142452,0,0,0,1,1,0,0,0,0,0,0,13851,0,6,resistive_linear,0,halogen_lamp,2,arc,unknown,0,halogen_lamp,sess_1776144071455__arc_01,0,0,0.9999,0.9999,0,1,26365.02,9,634.98,512,256,0,0,0,0
1776144098351,956032,956014,956032,956039,956055,28,6.511,41,227.015,1.873398,32.332,0.877494,0.122886,17.644268,2.924102,0,21.052631,2.929688,0.250813,0.452343,2.058491,-56.537571,0,23.585312,0,7.705611,23.7363,13.858532,-6.040388,0.138186,0,0,0,1,1,0,0,0,0,0,0,13850,0,6,resistive_linear,0,halogen_lamp,2,arc,unknown,0,halogen_lamp,sess_1776144071455__arc_01,0,0,0.9999,0.9999,0,1,27909.26,9,909.258,512,256,0,0,0,0
1776144098382,956063,956042,956063,956070,956091,31,7.222,49,227.015,1.747849,32.332,0.837702,0.125549,10.194806,1.515855,0.830304,23.376623,4.492187,0.31364,2.43362,3.962551,-51.703156,1.254489,27.547863,3.645758,9.649578,18.9875,11.424911,-4.533851,0.130028,0,1,0,1,1,0,0,0,0,0,0,13850,0,6,resistive_linear,0,halogen_lamp,2,arc,unknown,0,halogen_lamp,sess_1776144071455__arc_01,0,0,0.9999,0.9999,0,1,25506.93,9,1493.07,512,256,0,0,0,0
1776144098412,956093,956073,956093,956100,956112,30,6.666,39,227.015,1.893456,32.332,1.041317,0.145606,19.967936,2.593001,0.850992,22.64151,2.734375,0.267764,1.421551,0.986975,-57.649796,0,28.534838,0,9.599941,23.6163,12.846462,-4.212361,0.12613,0,1,0,1,1,0,0,0,0,0,0,13851,0,6,resistive_linear,0,halogen_lamp,2,arc,unknown,0,halogen_lamp,sess_1776144071455__arc_01,0,0,0.9999,0.9999,0,1,26142.47,9,857.531,512,256,0,0,0,0
1776144098441,956122,956102,956122,956129,956168,29,7.099,66,227.015,1.766702,32.332,0.836785,0.126754,11.549051,3.950534,0,23.92638,4.6875,0.300021,2.703672,2.204525,-48.045242,0,26.330313,0,6.257262,15.1946,10.14279,-14.951826,0.118689,0,0,0,1,1,0,0,0,0,0,0,13851,0,6,resistive_linear,0,halogen_lamp,2,arc,unknown,0,halogen_lamp,sess_1776144071455__arc_01,0,0,0.9999,0.9999,0,1,26664.8,9,335.199,512,256,0,0,0,0
1776144098469,956150,956132,956150,956157,956191,28,6.51,59,227.015,1.881288,32.332,0.810732,0.114587,7.555453,2.844384,0.926965,26.31579,3.515625,0.316052,4.409946,2.77791,-60.998173,0,29.108223,0,10.457829,27.1381,14.552736,-2.979026,0.115133,0,1,0,1,1,0,0,0,0,0,0,13852,0,6,resistive_linear,0,halogen_lamp,2,arc,unknown,0,halogen_lamp,sess_1776144071455__arc_01,0,0,0.9999,0.9999,0,1,28476.36,9,1476.357,512,256,0,0,0,0
1776144098498,956179,956160,956179,956188,956204,29,8.242,44,227.015,1.740727,32.332,0.933939,0.140562,3.746131,3.682395,0,20.754717,4.492187,0.302387,2.5074,2.910358,-52.829857,0.033488,32.018581,0.989682,5.937891,13.6717,12.045337,-8.939866,0.111684,0.050673,0,0,1,1,0,0,0,0,0,0,13851,0,6,resistive_linear,0,halogen_lamp,2,arc,unknown,0,halogen_lamp,sess_1776144071455__arc_01,0,0,0.9999,0.9999,0,1,26456.16,9,543.836,512,256,0,0,0,0
1776144098528,956209,956189,956209,956216,956248,30,6.668,59,227.015,1.908136,32.327,1.202142,0.167409,19.714432,1.908954,0.847916,22.64151,2.929688,0.268735,2.433031,3.596619,-59.56007,0,28.421963,0,9.29057,24.3077,14.478368,-4.565713,0.105089,0,1,0,1,1,0,0,0,0,0,0,13851,0,6,resistive_linear,0,halogen_lamp,2,arc,unknown,0,halogen_lamp,sess_1776144071455__arc_01,0,0,0.9999,0.9999,0,1,26047.96,9,952.035,512,256,0,0,0,0
1776144098585,956266,956248,956266,956273,956296,57,6.49,48,227.015,1.88305,32.327,1.022038,0.142328,7.204099,2.099046,0.937367,24.576271,3.320313,0.277817,4.972348,1.409918,-60.831924,0,28.267115,0,10.310206,24.4767,14.797619,-2.860117,0.098889,0,1,0,1,1,0,0,0,0,0,0,13851,0,6,resistive_linear,0,halogen_lamp,2,arc,unknown,0,halogen_lamp,sess_1776144071455__arc_01,0,0,0.9999,0.9999,0,1,28795.9,9,1795.902,512,256,0,0,0,0
1776144098616,956297,956276,956297,956305,956317,31,8.263,41,227.015,1.716069,32.327,1.108441,0.166981,0.886874,3.071218,0,21.568628,4.101562,0.359833,4.326413,1.770515,-48.788681,0.098104,30.03763,2.7084,7.812129,21.1354,10.471206,-6.68826,0.095923,0.485368,0,0,1,1,0,0,0,0,0,0,13850,0,6,resistive_linear,0,halogen_lamp,2,arc,unknown,0,halogen_lamp,sess_1776144071455__arc_01,0,0,0.9999,0.9999,0,1,25011.59,9,1988.406,512,256,0,0,0,0
1776144098646,956327,956307,956327,956333,956352,30,6.668,45,227.027,1.853975,32.327,1.004514,0.137906,22.48596,1.592119,0.860215,21.698112,2.929688,0.264893,2.52273,4.854038,-54.186172,0,25.183592,0,10.072961,22.524,12.993936,-3.428314,0,0,1,0,1,1,0,0,0,0,0,0,13850,0,6,resistive_linear,0,halogen_lamp,2,arc,unknown,0,halogen_lamp,sess_1776144071455__arc_01,0,0,0.9999,0.9999,0,1,26425.81,9,574.193,512,256,0,0,0,0
1776144098675,956356,956336,956356,956363,956376,29,7.022,40,227.027,1.816938,32.327,0.249712,0.037037,23.785458,3.277541,0,21.698112,4.882812,0.384988,1.224408,0.548561,-53.490158,0,24.635031,0,4.019021,21.983,11.769527,-11.04357,0,8.844354,0,0,1,1,0,0,0,0,0,0,13850,0,6,resistive_linear,0,halogen_lamp,2,arc,unknown,0,halogen_lamp,sess_1776144071455__arc_01,0,0,0.9999,0.9999,0,1,25974.84,9,1025.162,512,256,0,0,0,0
1776144098704,956385,956366,956385,956392,956408,29,6.582,42,227.027,1.828945,32.327,0.082607,0.012007,24.648264,2.35983,0.903375,21.929825,2.929688,0.288271,0.861077,5.894606,-49.482132,0,18.740425,0,9.447792,20.2215,10.90845,-4.627238,0,0,1,0,1,1,0,0,0,0,0,0,13851,0,6,resistive_linear,0,halogen_lamp,2,arc,unknown,0,halogen_lamp,sess_1776144071455__arc_01,0,0,0.9999,0.9999,0,1,27751.67,9,751.672,512,256,0,0,0,0
1776144098733,956414,956394,956414,956422,956443,29,7.034,49,227.027,1.79259,32.327,0.24847,0.036355,23.174366,3.58875,0,21.698112,4.296875,0.305565,0.846427,1.298203,-53.664886,0,20.038628,0,4.012805,20.0994,11.754877,-10.957308,0,6.866348,0,0,1,1,0,0,0,0,0,0,13851,0,6,resistive_linear,0,halogen_lamp,2,arc,unknown,0,halogen_lamp,sess_1776144071455__arc_01,0,0,0.9999,0.9999,0,1,26180.98,9,819.02,512,256,0,0,0,0
1776144098763,956444,956424,956444,956452,956464,30,7.24,40,227.027,1.795169,32.327,0.017981,0.002579,22.802071,2.5839,0.843389,24.460432,4.101562,0.270177,0.914223,6.002201,-50.902649,1.018189,26.040829,11.195573,9.944847,20.6933,10.840654,-3.951128,0,0,1,0,1,1,0,0,0,0,0,0,13852,0,6,resistive_linear,0,halogen_lamp,2,arc,unknown,0,halogen_lamp,sess_1776144071455__arc_01,0,0,0.9999,0.9999,0,1,25908.92,9,1091.078,512,256,0,0,0,0
1776144098823,956504,956484,956504,956511,956531,60,7.162,47,227.027,1.713752,32.327,0.959228,0.142442,0.72956,3.019978,0,21.818182,4.492187,0.337693,0.017441,2.286907,-54.032227,0,28.795105,0,4.674744,12.2682,12.455894,-10.249857,0,0,0,0,1,1,0,0,0,0,0,0,13851,0,6,resistive_linear,0,halogen_lamp,2,arc,unknown,0,halogen_lamp,sess_1776144071455__arc_01,0,0,0.9999,0.9999,0,1,26651.39,9,348.605,512,256,0,0,0,0
1776144098851,956532,956513,956532,956539,956551,28,6.577,38,227.027,1.897403,32.327,1.339525,0.18365,19.385679,2.174384,0,22.727274,2.929688,0.257171,0.561592,0.641716,-56.957554,0,29.436821,0,8.540891,24.2857,13.017487,-5.046166,0,0,1,0,1,1,0,0,0,0,0,0,13852,0,6,resistive_linear,0,halogen_lamp,2,arc,unknown,0,halogen_lamp,sess_1776144071455__arc_01,0,0,0.9999,0.9999,0,1,27219.27,9,219.266,512,256,0,0,0,0
1776144098881,956562,956542,956562,956570,956587,30,8.206,45,227.027,1.746921,32.327,0.991361,0.150482,8.360675,3.919056,0,23.270439,4.882812,0.301902,2.477623,2.200943,-52.166729,0.099043,27.235878,2.529774,6.87714,13.6548,10.539864,-8.010113,0,0.089827,0,0,1,1,0,0,0,0,0,0,13852,0,6,resistive_linear,0,halogen_lamp,2,arc,unknown,0,halogen_lamp,sess_1776144071455__arc_01,0,0,0.9999,0.9999,0,1,26498.65,9,501.352,512,256,0,0,0,0
1776144098910,956591,956571,956591,956598,956630,29,6.683,59,227.027,1.907457,32.327,1.148698,0.160536,19.184198,2.031639,0,20.754717,2.929688,0.267612,3.898528,1.725193,-59.135475,0,28.961071,0,7.981093,24.4154,14.438392,-6.072154,0,0,0,0,1,1,0,0,0,0,0,0,13850,0,6,resistive_linear,0,halogen_lamp,2,arc,unknown,0,halogen_lamp,sess_1776144071455__arc_01,0,0,0.9999,0.9999,0,1,26157.32,9,842.682,512,256,0,0,0,0
1776144098940,956621,956601,956621,956628,956664,30,7.122,63,227.027,1.744765,32.327,1.066151,0.162692,8.82897,1.46278,0,23.270439,4.492187,0.302157,4.554881,0.779041,-50.79668,0,28.18203,0,4.904375,14.5942,9.883511,-13.60352,0,0,0,0,1,1,0,0,0,0,0,0,13849,0,6,resistive_linear,0,halogen_lamp,2,arc,unknown,0,halogen_lamp,sess_1776144071455__arc_01,0,0,0.9999,0.9999,0,1,26476.33,9,523.672,512,256,0,0,0,0
1776144098968,956649,956631,956649,956655,956677,28,6.423,46,227.027,1.887205,32.327,1.020478,0.142441,6.600385,1.053202,0.939753,22.881355,3.515625,0.311751,3.788546,0.514349,-60.572742,0,28.696379,0,10.264167,23.9995,13.672056,-2.86822,0,0,1,0,1,1,0,0,0,0,0,0,13850,0,6,resistive_linear,0,halogen_lamp,2,arc,unknown,0,halogen_lamp,sess_1776144071455__arc_01,0,0,0.9999,0.9999,0,1,28869.21,9,1869.207,512,256,0,0,0,0
1776144098998,956679,956659,956679,956687,956700,30,8.287,41,227.027,1.74232,32.327,0.959649,0.144885,5.006774,2.213625,0,22.64151,4.492187,0.305501,4.386658,3.832712,-49.536522,0.154,32.529091,1.807102,4.702019,16.4952,9.285398,-10.965819,0,0.109407,0,0,1,1,0,0,0,0,0,0,13849,0,6,resistive_linear,0,halogen_lamp,2,arc,unknown,0,halogen_lamp,sess_1776144071455__arc_01,0,0,0.9999,0.9999,0,1,26186.49,9,813.512,512,256,0,0,0,0
1776144099057,956738,956718,956738,956745,956954,59,7.161,236,227.027,1.777814,32.324,0.755913,0.114431,14.793422,2.978608,0,24.516129,4.296875,0.305918,1.14905,2.35347,-51.977364,0,26.098351,0,4.574559,19.0119,11.790226,-16.332153,0,0,0,0,1,1,0,0,0,0,0,0,13849,0,6,resistive_linear,0,halogen_lamp,2,arc,unknown,0,halogen_lamp,sess_1776144071455__arc_01,0,0,0.9999,0.9999,0,1,26150.79,9,849.207,512,256,0,0,0,0
1776144099085,956766,956747,956766,956773,956985,28,6.537,238,227.027,1.876213,32.324,0.691847,0.098399,17.118103,2.144598,0.907547,21.052631,3.125,0.286946,3.582589,3.452477,-59.396049,0,29.550827,0,9.989207,24.4043,15.372815,-3.699617,0,0,1,0,1,1,0,0,0,0,0,0,13850,0,6,resistive_linear,0,halogen_lamp,2,arc,unknown,0,halogen_lamp,sess_1776144071455__arc_01,0,0,0.9999,0.9999,0,1,27879.86,9,879.855,512,256,0,0,0,0
1776144099115,956796,956776,956796,956805,957006,30,8.321,230,227.134,1.766925,32.324,0.728107,0.109287,19.033627,2.85857,0,20.261438,4.296875,0.316449,4.728856,1.816526,-46.804398,0.171502,31.367353,10.421663,6.263829,22.3135,10.643959,-10.296589,0,0.787379,1,0,1,1,1,0,0,0,0,0,13851,0,6,resistive_linear,0,halogen_lamp,2,arc,unknown,0,halogen_lamp,sess_1776144071455__arc_01,0,0,0.9999,0.9999,0,1,25280.54,9,1719.461,512,256,0,0,0,0
1776144099143,956824,956806,956824,956830,957010,28,6.405,204,227.134,1.879244,32.324,0.794584,0.112319,7.386703,3.694028,0.957744,24.576271,3.515625,0.305895,4.950693,2.305788,-63.077232,0,33.673141,0,10.348502,18.3285,15.594652,-2.88727,0,0,1,0,1,1,0,0,0,0,0,0,13852,0,6,resistive_linear,0,halogen_lamp,2,arc,unknown,0,halogen_lamp,sess_1776144071455__arc_01,0,0,0.9999,0.9999,0,1,29421.91,9,2421.906,512,256,0,0,0,0
1776144099169,956850,956833,956850,956857,957030,26,6.391,197,227.134,1.836309,32.324,0.285586,0.042935,8.993708,4.379103,0,24.576271,3.515625,0.30607,2.739912,6.18235,-56.738415,0,27.490791,0,8.409806,11.739,12.85474,-6.565706,0,0,0,0,1,1,0,0,0,0,0,0,13851,0,6,resistive_linear,0,halogen_lamp,2,arc,unknown,0,halogen_lamp,sess_1776144071455__arc_01,0,0,0.9999,0.9999,0,1,29405.05,9,2405.055,512,256,0,0,0,0
1776144099196,956877,956860,956877,956884,957044,27,6.749,184,227.134,1.810578,32.324,0.175149,0.02573,2.315912,3.152954,0,25.24272,5.664062,0.340273,1.794405,5.658978,-56.385365,0,21.831814,0,4.34825,3.1023,14.649145,-10.94131,0,2.654542,0,0,1,1,0,0,0,0,0,0,13850,0,6,resistive_linear,0,halogen_lamp,2,arc,unknown,0,halogen_lamp,sess_1776144071455__arc_01,0,0,0.9999,0.9999,0,1,29388.16,9,2388.162,512,256,0,0,0,0
1776144099253,956934,956914,956934,956941,957079,57,6.701,165,227.134,1.775804,32.324,0.576998,0.085938,10.616836,1.634492,0.842815,28.301886,3.515625,0.347607,1.618533,1.143095,-54.907688,0,27.134422,0,11.083519,31.858,12.432151,-2.994484,0,0,1,0,1,1,1,0,0,0,0,0,13850,0,6,resistive_linear,0,halogen_lamp,2,arc,unknown,0,halogen_lamp,sess_1776144071455__arc_01,0,0,0.9999,0.9999,0,1,25891.29,9,1108.711,512,256,0,0,0,0
1776144099281,956962,956944,956962,956969,957117,28,6.564,173,227.134,1.811607,32.324,0.252013,0.035802,18.613798,2.440283,0,22.033899,3.515625,0.280302,1.723409,4.932066,-51.15839,0,22.202356,0,4.97065,15.2312,10.708742,-12.757771,0,0,0,0,1,1,0,0,0,0,0,0,13849,0,6,resistive_linear,0,halogen_lamp,2,arc,unknown,0,halogen_lamp,sess_1776144071455__arc_01,0,0,0.9999,0.9999,0,1,28540.69,9,1540.688,512,256,0,0,0,0
1776144099310,956991,956971,956991,956998,957130,29,6.596,159,227.134,1.907475,32.324,0.661479,0.095868,20.3311,1.757004,0.864565,20,2.734375,0.26356,2.756696,6.267307,-59.533501,0,28.469664,0,9.69946,23.1639,13.465438,-4.269077,0,0,1,0,1,1,0,0,0,0,0,0,13850,0,6,resistive_linear,0,halogen_lamp,2,arc,unknown,0,halogen_lamp,sess_1776144071455__arc_01,0,0,0.9999,0.9999,0,1,26559.43,9,440.566,512,256,0,0,0,0
1776144099340,957021,957001,957021,957028,957151,30,6.671,150,227.134,1.790716,32.324,0.765131,0.116758,18.600809,2.540743,0,20.754717,4.492187,0.308734,3.174862,0.242579,-50.803101,0,28.712242,0,4.792801,19.5634,10.290576,-21.279781,0,0,0,0,1,1,0,0,0,0,0,0,13849,0,6,resistive_linear,0,halogen_lamp,2,arc,unknown,0,halogen_lamp,sess_1776144071455__arc_01,0,0,0.9999,0.9999,0,1,25912.31,9,1087.689,512,256,0,0,0,0
1776144099370,957051,957031,957051,957057,957165,30,6.635,134,227.134,1.840911,32.324,0.350379,0.050195,21.548077,1.829335,0.864345,20,2.929688,0.263627,1.903589,4.505627,-53.94173,0,24.206615,0,10.144334,20.1234,12.194165,-3.671232,0,0,1,0,1,1,0,0,0,0,0,0,13850,0,6,resistive_linear,0,halogen_lamp,2,arc,unknown,0,halogen_lamp,sess_1776144071455__arc_01,0,0,0.9999,0.9999,0,1,26552.68,9,447.318,512,256,0,0,0,0
1776144099400,957081,957061,957081,957088,957187,30,6.714,126,227.134,1.885261,32.324,0.301137,0.04435,20.265951,2.600055,0,21.698112,2.734375,0.267255,0.679013,0.37545,-55.468601,0,24.582066,0,6.200935,24.6738,12.873178,-8.488112,0,0,0,0,1,1,0,0,0,0,0,0,13849,0,6,resistive_linear,0,halogen_lamp,2,arc,unknown,0,halogen_lamp,sess_1776144071455__arc_01,0,0,0.9999,0.9999,0,1,26192.2,9,807.797,512,256,0,0,0,0
1776144099428,957109,957090,957109,957116,957207,28,6.533,117,227.134,1.794091,32.324,0.604484,0.091169,15.417212,1.872039,0,23.684212,3.320313,0.288373,2.290555,0.394955,-53.65802,0,24.187111,0,8.906612,14.0633,10.582623,-5.828001,0,0,0,0,1,1,0,0,0,0,0,0,13848,0,6,resistive_linear,0,halogen_lamp,2,arc,unknown,0,halogen_lamp,sess_1776144071455__arc_01,0,0,0.9999,0.9999,0,1,27741.82,9,741.816,512,256,0,0,0,0
1776144099487,957168,957148,957168,957176,957254,59,7.138,106,227.134,1.758956,32.324,0.791887,0.118969,13.627027,0.970465,0,23.178808,4.296875,0.304797,0.382082,0.392839,-51.72068,0,27.338352,0,8.764014,16.2705,12.207739,-5.776754,0,0,0,0,1,1,0,0,0,0,0,0,13846,0,6,resistive_linear,0,halogen_lamp,2,arc,unknown,0,halogen_lamp,sess_1776144071455__arc_01,0,0,0.9999,0.9999,0,1,26246.99,9,753.012,512,256,0,0,0,0
1776144099517,957198,957178,957198,957205,957276,30,6.667,98,227.134,1.898284,32.326,0.990126,0.139328,22.113495,0.698735,0,22.64151,2.929688,0.267109,2.210829,1.225029,-58.029015,0,28.563381,0,7.541183,23.1468,14.418568,-6.624558,0,0,0,0,1,1,0,0,0,0,0,0,13845,0,6,resistive_linear,0,halogen_lamp,2,arc,unknown,0,halogen_lamp,sess_1776144071455__arc_01,0,0,0.9999,0.9999,0,1,26206.51,9,793.488,512,256,0,0,0,0
1776144099545,957226,957207,957226,957233,957297,28,6.473,90,227.134,1.790049,32.326,0.712711,0.108235,9.301559,0.503089,0,25.438599,4.492187,0.31964,2.140095,0.490299,-52.680634,0,28.073082,0,5.82793,9.064,12.278473,-9.693063,0,0,0,0,1,1,0,0,0,0,0,0,13844,0,6,resistive_linear,0,halogen_lamp,2,arc,unknown,0,halogen_lamp,sess_1776144071455__arc_01,0,0,0.9999,0.9999,0,1,28156.64,9,1156.643,512,256,0,0,0,0
1776144099575,957256,957236,957256,957263,957310,30,6.671,74,227.134,1.907891,32.326,0.822886,0.117841,19.456713,0.362224,0,22.64151,2.929688,0.266935,1.668575,1.338366,-58.449551,0,26.734716,0,7.482624,24.1079,13.947048,-6.804784,0,0,0,0,1,1,0,0,0,0,0,0,13843,0,6,resistive_linear,0,halogen_lamp,2,arc,unknown,0,halogen_lamp,sess_1776144071455__arc_01,0,0,0.9999,0.9999,0,1,26223.64,9,776.361,512,256,0,0,0,0
1776144099604,957285,957265,957285,957292,957331,29,7.093,66,227.134,1.752124,32.326,1.020537,0.155767,7.162067,0.260801,0,22.64151,4.492187,0.303394,5.085321,3.019598,-49.003426,0,29.754314,0,7.060838,14.3532,8.861727,-7.765295,0,0,0,0,1,1,0,0,0,0,0,0,13842,0,6,resistive_linear,0,halogen_lamp,2,arc,unknown,0,halogen_lamp,sess_1776144071455__arc_01,0,0,0.9999,0.9999,0,1,26368.33,9,631.672,512,256,0,0,0,0
1776144099634,957315,957295,957315,957322,957365,30,6.69,70,227.134,1.916226,32.326,1.170731,0.164102,19.74441,0.187777,0.845791,21.698112,2.929688,0.26941,5.42263,1.120731,-57.249062,0,28.633583,0,8.992188,23.6374,14.284357,-4.913963,0,0,1,0,1,1,0,0,0,0,0,0,13843,0,6,resistive_linear,0,halogen_lamp,2,arc,unknown,0,halogen_lamp,sess_1776144071455__arc_01,0,0,0.9999,0.9999,0,1,25982.71,9,1017.285,512,256,0,0,0,0
1776144099662,957343,957325,957343,957352,957386,28,8.121,61,227.134,1.758035,32.326,1.031914,0.158192,2.378689,1.503977,0,25.1497,4.882812,0.285122,2.759089,4.053801,-51.139763,0.301809,24.579782,3.154504,4.781538,7.2516,11.525268,-15.027217,0,0.299984,0,0,1,1,0,0,0,0,0,0,13842,0,6,resistive_linear,0,halogen_lamp,2,arc,unknown,0,halogen_lamp,sess_1776144071455__arc_01,0,0,0.9999,0.9999,0,1,28058.15,9,1058.152,512,256,0,0,0,0
1776144099721,957402,957382,957402,957409,957443,59,7.126,61,227.134,1.748331,32.326,1.009968,0.153679,4.35356,0.561356,0,19.496855,4.101562,0.305778,0.218955,1.642933,-50.972294,0,21.249975,0,6.597507,15.9318,12.544727,-8.265531,0,0,0,0,1,1,0,0,0,0,0,0,13839,0,6,resistive_linear,0,halogen_lamp,2,arc,unknown,0,halogen_lamp,sess_1776144071455__arc_01,0,0,0.9999,0.9999,0,1,26162.76,9,837.244,512,256,0,0,0,0
1776144099752,957433,957412,957433,957440,957456,31,6.777,44,227.134,1.852218,32.326,0.742748,0.103886,33.568832,0.404177,0.80975,22.549019,2.734375,0.281401,1.598658,1.700294,-44.90361,0,22.95027,0,9.426256,21.9559,10.94607,-4.209532,0,0,1,0,1,1,1,0,0,0,0,0,13840,0,6,resistive_linear,0,halogen_lamp,2,arc,unknown,0,halogen_lamp,sess_1776144071455__arc_01,0,0,0.9999,0.9999,0,1,24875.52,9,2124.48,512,256,0,0,0,0
1776144099781,957462,957443,957462,957469,957488,29,6.594,45,227.134,1.814484,32.326,0.254653,0.037734,22.614557,1.681425,0,22.727274,3.320313,0.294863,1.205277,2.463985,-56.123676,0,25.414255,0,3.135287,18.7831,12.151347,-12.695388,0,0,0,0,1,1,0,0,0,0,0,0,13839,0,6,resistive_linear,0,halogen_lamp,2,arc,unknown,0,halogen_lamp,sess_1776144071455__arc_01,0,0,0.9999,0.9999,0,1,27131.25,9,131.254,512,256,0,0,0,0
1776144099810,957491,957472,957491,957498,957530,29,6.602,58,227.134,1.822922,32.326,0.058128,0.008438,21.170774,0.871651,0.880213,22.727274,3.320313,0.295857,1.786955,0.354887,-55.232273,0,25.769142,0,10.230856,19.3193,13.938302,-3.808054,0,0,1,0,1,1,0,0,0,0,0,0,13839,0,6,resistive_linear,0,halogen_lamp,2,arc,unknown,0,halogen_lamp,sess_1776144071455__arc_01,0,0,0.9999,0.9999,0,1,27040.13,9,40.131,512,256,0,0,0,0
1776144099839,957520,957500,957520,957528,957543,29,6.934,43,227.134,1.81999,32.326,0.020104,0.002932,26.70714,1.814754,0,21.698112,3.90625,0.266774,4.208907,4.179621,-48.758583,0,21.589521,0,4.455723,19.6297,9.729395,-10.344316,0,12.780413,0,0,1,1,0,0,0,0,0,0,13838,0,6,resistive_linear,0,halogen_lamp,2,arc,unknown,0,halogen_lamp,sess_1776144071455__arc_01,0,0,0.9999,0.9999,0,1,26239.42,9,760.584,512,256,0,0,0,0
1776144099870,957551,957531,957551,957558,957578,31,7.146,47,227.134,1.760925,32.326,0.405663,0.059065,10.292685,0.940768,0,25,4.492187,0.3026,1.845364,0.474079,-53.705978,0,21.115442,0,8.101283,14.661,11.574759,-6.307955,0,0,0,0,1,1,0,0,0,0,0,0,13836,0,6,resistive_linear,0,halogen_lamp,2,arc,unknown,0,halogen_lamp,sess_1776144071455__arc_01,0,0,0.9999,0.9999,0,1,26437.5,9,562.5,512,256,0,0,0,0
1776144099899,957580,957560,957580,957587,957617,29,6.722,57,227.134,1.901569,32.326,0.998361,0.140644,20.218668,0.677353,0,22.64151,2.734375,0.267613,2.523012,7.829544,-58.219078,0,28.944986,0,7.545186,24.3586,14.097771,-6.6409,0,0,0,0,1,1,0,0,0,0,0,0,13835,0,6,resistive_linear,0,halogen_lamp,2,arc,unknown,0,halogen_lamp,sess_1776144071455__arc_01,0,0,0.9999,0.9999,0,1,26157.15,9,842.846,512,256,0,0,0,0
1776144099957,957638,957618,957638,957645,957665,58,6.632,47,227.302,1.885272,32.326,0.704333,0.100563,22.358059,0.252821,0,22.64151,2.929688,0.26591,0.581018,0.819824,-56.217186,0,26.234537,0,6.052302,22.6034,12.584725,-8.334667,0,0,0,0,1,1,0,0,0,0,0,0,13832,0,6,resistive_linear,0,halogen_lamp,2,arc,unknown,0,halogen_lamp,sess_1776144071455__arc_01,0,0,0.9999,0.9999,0,1,26324.68,9,675.316,512,256,0,0,0,0
1776144099987,957668,957648,957668,957675,957689,30,7.126,41,227.302,1.750282,32.326,0.895026,0.13499,5.659976,0.131062,0,23.270439,4.492187,0.343158,0.793991,4.257488,-50.510181,0,21.977049,0,6.885651,14.2766,11.790734,-7.846944,0,0,0,0,1,1,0,0,0,0,0,0,13830,0,6,resistive_linear,0,halogen_lamp,2,arc,unknown,0,halogen_lamp,sess_1776144071455__arc_01,0,0,0.9999,0.9999,0,1,26227.01,9,772.992,512,256,0,0,0,0
1776144100016,957697,957678,957697,957704,957746,29,6.657,68,227.302,1.903175,32.326,1.091914,0.152894,20.484657,0.067943,0.853829,20.754717,2.929688,0.266874,0.94796,4.881865,-57.377991,0,26.858913,0,9.159806,24.0507,12.738694,-4.732457,0,0,1,0,1,1,0,0,0,0,0,0,13830,0,6,resistive_linear,0,halogen_lamp,2,arc,unknown,0,halogen_lamp,sess_1776144071455__arc_01,0,0,0.9999,0.9999,0,1,26229.62,9,770.383,512,256,0,0,0,0
1776144100045,957726,957707,957726,957734,957766,29,8.128,59,227.302,1.785788,32.326,0.770991,0.117387,5.889129,1.405713,0,22.5,4.296875,0.320786,0.565095,3.854095,-54.510109,0.208274,30.713009,1.921271,4.279639,7.2957,12.173599,-13.261939,0,0.08255,0,0,1,1,0,0,0,0,0,0,13829,0,6,resistive_linear,0,halogen_lamp,2,arc,unknown,0,halogen_lamp,sess_1776144071455__arc_01,0,0,0.9999,0.9999,0,1,28056.11,9,1056.113,512,256,0,0,0,0
1776144100074,957755,957735,957755,957761,957781,29,6.607,46,227.302,1.890595,32.34,0.733612,0.104807,21.225168,1.012113,0,21.698112,2.929688,0.302929,0.810823,1.782473,-58.067657,0,28.930536,0,7.329797,23.3691,12.984423,-6.968643,0,0,0,0,1,1,0,0,0,0,0,0,13828,0,6,resistive_linear,0,halogen_lamp,2,arc,unknown,0,halogen_lamp,sess_1776144071455__arc_01,0,0,0.9999,0.9999,0,1,26408.85,9,591.152,512,256,0,0,0,0
1776144100104,957785,957765,957785,957792,957822,30,7.125,57,227.302,1.746493,32.34,0.952746,0.144102,7.92902,0.52468,0,22.012577,4.101562,0.305386,0.268188,1.398972,-49.674179,0,27.531565,0,4.57584,16.1191,12.716235,-10.674066,0,0,0,0,1,1,0,0,0,0,0,0,13826,0,6,resistive_linear,0,halogen_lamp,2,arc,unknown,0,halogen_lamp,sess_1776144071455__arc_01,0,0,0.9999,0.9999,0,1,26196.34,9,803.656,512,256,0,0,0,0
1776144100133,957814,957794,957814,957821,957835,29,6.62,41,227.302,1.90074,32.34,1.103965,0.154247,20.934469,0.377769,0.861095,22.64151,2.929688,0.264622,0.280631,0.327868,-60.064121,0,27.859432,0,9.596114,23.4089,12.435604,-4.151465,0,0,1,0,1,1,0,0,0,0,0,0,13827,0,6,resistive_linear,0,halogen_lamp,2,arc,unknown,0,halogen_lamp,sess_1776144071455__arc_01,0,0,0.9999,0.9999,0,1,26452.85,9,547.152,512,256,0,0,0,0
1776144100162,957843,957824,957843,957851,957867,29,6.973,43,227.302,1.772963,32.34,0.840306,0.127777,14.230588,1.659771,0,23.636364,5.273437,0.438856,0.725759,2.054935,-56.057816,0,29.914368,0,4.345148,13.6174,13.161363,-10.873182,0,5.189466,0,0,1,1,0,0,0,0,0,0,13826,0,6,resistive_linear,0,halogen_lamp,2,arc,unknown,0,halogen_lamp,sess_1776144071455__arc_01,0,0,0.9999,0.9999,0,1,27343.8,9,343.801,512,256,0,0,0,0
1776144100221,957902,957882,957902,957909,957923,59,7.147,41,227.302,1.758162,32.34,1.00499,0.153714,12.078065,2.055549,0,26.282051,4.492187,0.304077,3.863207,1.148766,-51.892899,0,29.03285,0,4.89771,16.4836,11.023377,-15.731211,0,0,0,0,1,1,0,0,0,0,0,0,13825,0,6,resistive_linear,0,halogen_lamp,2,arc,unknown,0,halogen_lamp,sess_1776144071455__arc_01,0,0,0.9999,0.9999,0,1,26309.11,9,690.895,512,256,0,0,0,0
1776144100250,957931,957911,957931,957938,957958,29,6.697,47,227.302,1.876177,32.34,0.83904,0.118014,22.968002,1.065597,0.853002,20.754717,2.929688,0.267133,0.410009,7.829384,-53.224751,0,21.203466,0,10.030802,22.8949,11.433387,-3.675773,0,0,1,1,1,1,0,0,0,0,0,0,13825,0,6,resistive_linear,0,halogen_lamp,2,arc,unknown,0,halogen_lamp,sess_1776144071455__arc_01,0,0,0.9999,0.9999,0,1,26204.21,9,795.789,512,256,0,0,0,0
1776144100280,957961,957941,957961,957968,957998,30,7.04,57,227.302,0.919963,32.34,6.370714,0.956213,110.796165,2.223789,1.719554,0.390625,0.390625,0.037861,2.77148,3.029377,-32.204453,0,18.174089,0,12.630589,98.2179,8.661907,-3.038467,0,100,0,0,1,1,0,0,0,0,0,1,13824,0,6,resistive_linear,0,halogen_lamp,2,arc,unknown,0,halogen_lamp,sess_1776144071455__arc_01,0,0,0.9999,0.9999,0,1,26412.34,9,587.656,512,256,0,0,0,0
1776144100308,957989,957970,957989,957995,958011,28,6.487,41,227.302,1.934418,32.34,13.783709,1.014454,13.193594,1.601128,0.911413,22.807016,3.320313,0.285728,3.692722,6.054943,-51.481327,0,24.229033,0,10.415344,22.9774,12.35463,2.778346,0,0,0,1,1,1,0,0,0,0,0,1,13823,0,6,resistive_linear,0,halogen_lamp,2,arc,unknown,0,halogen_lamp,sess_1776144071455__arc_01,0,0,0.9999,0.9999,0,1,27998.62,9,998.623,512,256,0,0,0,0
1776144100338,958019,957999,958019,958026,958044,30,6.984,45,227.302,1.825505,32.34,0.703777,0.108913,19.735056,0.830025,0,22.64151,5.078125,0.415869,1.077215,4.055943,-56.626324,0,28.284975,0,3.899219,19.0169,13.431845,-11.336111,0,5.414495,0,0,1,1,0,0,0,0,0,1,13821,0,6,resistive_linear,0,halogen_lamp,2,arc,unknown,0,halogen_lamp,sess_1776144071455__arc_01,0,0,0.9999,0.9999,0,1,26450.64,9,549.359,512,256,0,0,0,0
1776144100367,958048,958028,958048,958055,958077,29,6.692,49,227.302,1.875471,32.34,0.342134,0.049966,22.648174,0.430285,0.851013,22.64151,2.929688,0.267757,0.578556,0.474533,-52.977768,0,27.810442,0,10.194876,22.6893,12.853289,-3.640047,0,0,0,0,1,1,0,0,0,0,0,1,13819,0,6,resistive_linear,0,halogen_lamp,2,arc,unknown,0,halogen_lamp,sess_1776144071455__arc_01,0,0,0.9999,0.9999,0,1,26143.13,9,856.875,512,256,0,0,0,0
1776144100397,958078,958058,958078,958085,958096,30,6.669,38,227.302,1.852699,32.34,0.151774,0.022772,22.504562,0.309805,0,20.754717,2.929688,0.265877,0.161671,1.71295,-55.495911,0,26.097492,0,3.277335,21.5435,12.691618,-14.449153,0,0,0,0,1,1,0,0,0,0,0,1,13818,0,6,resistive_linear,0,halogen_lamp,2,arc,unknown,0,halogen_lamp,sess_1776144071455__arc_01,0,0,0.9999,0.9999,0,1,26327.98,9,672.023,512,256,0,0,0,0
1776144100455,958136,958116,958136,958143,958410,58,7.036,294,227.307,1.804637,32.343,0.270645,0.039938,22.994953,0.115634,0,21.698112,4.101562,0.342044,0.490784,3.069876,-55.017189,0,25.588718,0,3.998198,20.1382,11.151265,-10.938339,0.199237,7.353342,0,0,1,1,0,0,0,0,0,1,13815,0,6,resistive_linear,0,halogen_lamp,2,arc,unknown,0,halogen_lamp,sess_1776144071455__arc_01,0,0,0.9999,0.9999,0,1,26312.38,9,687.625,512,256,0,0,0,0
1776144100484,958165,958145,958165,958171,958430,29,6.618,285,227.307,1.853726,32.343,0.340021,0.04909,24.24144,0.083257,0.866307,20.90909,2.734375,0.26303,0.975932,0.158283,-53.522282,0,25.747002,0,10.16819,21.6657,12.127197,-3.684005,0.199237,0,0,0,1,1,0,0,0,0,0,1,13814,0,6,resistive_linear,0,halogen_lamp,2,arc,unknown,0,halogen_lamp,sess_1776144071455__arc_01,0,0,0.9999,0.9999,0,1,26612.96,9,387.037,512,256,0,0,0,0
1776144100515,958196,958175,958196,958203,958443,31,7.193,268,227.307,1.944465,32.343,0.611862,0.090739,30.891794,0.059945,0,20.588236,2.34375,0.236552,1.688688,2.540087,-45.818104,0,28.287088,0,7.718482,25.5312,10.438509,-6.794453,0.199237,10.642191,0,0,1,1,1,0,0,0,0,1,13813,0,6,resistive_linear,0,halogen_lamp,2,arc,unknown,0,halogen_lamp,sess_1776144071455__arc_01,0,0,0.9999,0.9999,0,1,25364.4,9,1635.602,512,256,0,0,0,0
1776144100542,958223,958205,958223,958230,958463,27,6.404,258,227.307,1.82168,32.343,0.789316,0.122785,8.449174,0.04316,0,23.728813,3.710938,0.306018,2.375677,3.828041,-56.6735,0,24.459047,0,5.536172,7.7549,12.814186,-10.158665,0.199237,0,0,0,1,1,0,0,0,0,0,1,13812,0,6,resistive_linear,0,halogen_lamp,2,arc,unknown,0,halogen_lamp,sess_1776144071455__arc_01,0,0,0.9999,0.9999,0,1,29410.08,9,2410.076,512,256,0,0,0,0
1776144100570,958251,958233,958251,958257,958477,28,6.426,244,227.307,1.827273,32.343,0.038379,0.005593,9.508049,0.031075,0,24.576271,3.90625,0.30756,0.904042,3.518764,-57.640739,0,20.940283,0,4.0385,11.3725,13.718228,-10.449856,0.199237,0,0,0,1,1,0,0,0,0,0,1,13811,0,6,resistive_linear,0,halogen_lamp,2,arc,unknown,0,halogen_lamp,sess_1776144071455__arc_01,0,0,0.9999,0.9999,0,1,29262.61,9,2262.613,512,256,0,0,0,0
1776144100596,958277,958260,958277,958284,958497,26,6.404,237,227.307,1.87538,32.343,0.329084,0.048106,7.633459,0.022374,0.957745,24.576271,3.710938,0.305894,0.302316,5.998419,-61.586071,0,26.938702,0,9.685209,17.5428,14.020544,-3.77055,0.199237,0,0,0,1,1,0,0,0,0,0,1,13810,0,6,resistive_linear,0,halogen_lamp,2,arc,unknown,0,halogen_lamp,sess_1776144071455__arc_01,0,0,0.9999,0.9999,0,1,29421.91,9,2421.912,512,256,0,0,0,0
1776144100652,958333,958315,958333,958340,958529,56,6.759,214,227.307,1.809241,32.343,0.618914,0.085356,8.679253,0.011599,0,25.438599,5.078125,0.307169,1.080634,5.692869,-54.991337,0,24.830509,0,4.586765,5.0224,11.505735,-10.005434,0.199237,2.910613,0,0,1,1,0,0,0,0,0,1,13808,0,6,resistive_linear,0,halogen_lamp,2,arc,unknown,0,halogen_lamp,sess_1776144071455__arc_01,0,0,0.9999,0.9999,0,1,29299.83,9,2299.828,512,256,0,0,0,0
1776144100683,958364,958343,958364,958372,958562,31,7.158,219,227.307,1.942015,32.343,0.917326,0.132774,44.734463,0.008351,0.81418,16.666668,2.148438,0.359833,1.332395,7.63776,-35.044765,0,17.192749,0,11.782427,24.4254,10.173341,-0.845963,0.199237,100,0,0,1,1,1,0,0,0,0,1,13807,0,6,resistive_linear,0,halogen_lamp,2,arc,unknown,0,halogen_lamp,sess_1776144071455__arc_01,0,0,0.9999,0.9999,0,1,25011.61,9,1988.391,512,256,0,0,0,0
1776144100711,958392,958374,958392,958399,958582,28,6.482,208,227.307,1.814773,32.343,0.819001,0.127242,12.334024,0.006013,0,23.728813,3.320313,0.279862,1.468463,1.514727,-54.894066,0,18.707476,0,4.306006,12.3072,11.641804,-15.485981,0.199237,0,0,0,1,1,0,0,0,0,0,1,13806,0,6,resistive_linear,0,halogen_lamp,2,arc,unknown,0,halogen_lamp,sess_1776144071455__arc_01,0,0,0.9999,0.9999,0,1,28585.55,9,1585.547,512,256,0,0,0,0
1776144100740,958421,958402,958421,958428,958595,29,6.591,193,227.307,1.896916,32.343,0.565788,0.082143,20.212158,0.004329,0.893,22.727274,2.929688,0.29162,0.024943,5.067026,-54.709797,0,23.774502,0,9.846561,23.7771,11.666747,-4.011097,0.199237,0,0,0,1,1,0,0,0,0,0,1,13805,0,6,resistive_linear,0,halogen_lamp,2,arc,unknown,0,halogen_lamp,sess_1776144071455__arc_01,0,0,0.9999,0.9999,0,1,27432.96,9,432.961,512,256,0,0,0,0
1776144100770,958451,958431,958451,958458,958615,30,7.12,184,227.307,1.752172,32.343,0.953806,0.144744,13.523324,0.003117,0,22.151899,4.296875,0.308858,1.236516,1.853502,-51.904583,0,21.921,0,4.743506,19.1339,10.430231,-13.287464,0.199237,0,0,0,1,1,0,0,0,0,0,1,13804,0,6,resistive_linear,0,halogen_lamp,2,arc,unknown,0,halogen_lamp,sess_1776144071455__arc_01,0,0,0.9999,0.9999,0,1,25901.84,9,1098.164,512,256,0,0,0,0
1776144100800,958481,958461,958481,958488,958635,30,6.669,174,227.307,1.835855,32.343,0.596996,0.083684,20.912313,0.002244,0.859776,23.584906,3.125,0.302889,2.150652,2.26812,-53.126907,0,19.65288,0,10.284107,21.8447,12.580883,-3.380372,0.199237,0,0,0,1,1,0,0,0,0,0,1,13803,0,6,resistive_linear,0,halogen_lamp,2,arc,unknown,0,halogen_lamp,sess_1776144071455__arc_01,0,0,0.9999,0.9999,0,1,26412.3,9,587.695,512,256,0,0,0,0
1776144100829,958510,958490,958510,958517,958648,29,6.973,158,227.307,1.827609,32.343,0.05615,0.008247,21.956394,0.001616,0,23.584906,3.320313,0.266834,0.757373,3.559393,-52.648392,0,23.212273,0,3.627104,20.9556,11.82351,-11.295568,0.199237,10.495593,0,0,1,1,0,0,0,0,0,1,13802,0,6,resistive_linear,0,halogen_lamp,2,arc,unknown,0,halogen_lamp,sess_1776144071455__arc_01,0,0,0.9999,0.9999,0,1,26233.55,9,766.449,512,256,0,0,0,0
1776144100887,958568,958549,958568,958575,958703,58,6.605,154,227.307,1.828314,32.343,0.064898,0.009443,23.034534,0.000838,0,20.90909,3.125,0.263435,1.351706,2.351931,-53.435825,0,26.230335,0,3.398462,21.0522,11.916913,-13.96142,0.199237,0,0,0,1,1,0,0,0,0,0,1,13800,0,5,resistive_linear,0,halogen_lamp,2,arc,unknown,0,halogen_lamp,sess_1776144071455__arc_01,0,0,0.9999,0.9999,0,1,26572.07,9,427.934,512,256,0,0,0,0
1776144100917,958598,958578,958598,958605,958723,30,7.138,145,227.307,1.797501,32.343,0.210665,0.030813,22.54422,0.000603,0.857744,22.38806,3.515625,0.265656,0.435679,2.054176,-53.29361,0,24.176159,0,9.712543,18.9045,12.352592,-4.414551,0.199237,0,0,0,1,1,0,0,0,0,0,1,13799,0,5,resistive_linear,0,halogen_lamp,2,arc,unknown,0,halogen_lamp,sess_1776144071455__arc_01,0,0,0.9999,0.9999,0,1,26349.91,9,650.094,512,256,0,0,0,0
1776144100946,958627,958607,958627,958634,958737,29,6.645,130,227.307,1.865749,32.343,0.474605,0.068249,23.3403,0.000434,0,21.698112,2.929688,0.264934,1.104848,0.953356,-53.911224,0,25.129515,0,4.1468,21.7779,11.247745,-11.035433,0.199237,0,0,0,1,1,0,0,0,0,0,1,13798,0,4,resistive_linear,0,halogen_lamp,2,arc,unknown,0,halogen_lamp,sess_1776144071455__arc_01,0,0,0.9999,0.9999,0,1,26421.69,9,578.309,512,256,0,0,0,0
1776144100976,958657,958637,958657,958665,958757,30,8.215,120,227.307,1.756773,32.343,0.73011,0.108977,12.82043,0.000313,0,22.435898,4.101562,0.265779,0.498877,1.663685,-49.544334,0.102335,26.7932,4.546486,7.984273,15.2924,11.746621,-6.53263,0.199237,0.079461,0,0,1,1,0,0,0,0,0,1,13797,0,4,resistive_linear,0,halogen_lamp,2,arc,unknown,0,halogen_lamp,sess_1776144071455__arc_01,0,0,0.9999,0.9999,0,1,26337.62,9,662.377,512,256,0,0,0,0
1776144101004,958685,958666,958685,958692,958770,28,6.488,104,227.307,1.864821,32.343,0.768792,0.108048,8.189741,0.000225,0,25.438599,3.515625,0.318763,1.248828,1.97003,-57.898117,0,28.763229,0,8.430869,24.7631,12.995449,-5.193079,0.199237,0,0,0,1,1,0,0,0,0,0,1,13796,0,4,resistive_linear,0,halogen_lamp,2,arc,unknown,0,halogen_lamp,sess_1776144071455__arc_01,0,0,0.9999,0.9999,0,1,28234.15,9,1234.148,512,256,0,0,0,0
1776144101034,958715,958695,958715,958722,958791,30,7.143,96,227.307,1.763164,32.343,0.681408,0.101657,17.16305,0.000162,0,24.666668,4.492187,0.301775,2.11977,0.078911,-51.262573,0,28.84214,0,8.853545,16.0318,10.875679,-5.684922,0.199237,0,0,0,1,1,0,0,0,0,0,1,13795,0,4,resistive_linear,0,halogen_lamp,2,arc,unknown,0,halogen_lamp,sess_1776144071455__arc_01,0,0,0.9999,0.9999,0,1,26509.78,9,490.217,512,256,0,0,0,0
1776144101063,958744,958724,958744,958751,958825,29,6.654,101,227.307,1.882928,32.343,0.849063,0.119764,21.272614,0.000117,0,22.64151,2.539063,0.227551,2.995795,0.924034,-56.253986,0,27.918106,0,6.223645,23.4627,13.871474,-8.052388,0.199237,0,0,0,1,1,0,0,0,0,0,1,13794,0,4,resistive_linear,0,halogen_lamp,2,arc,unknown,0,halogen_lamp,sess_1776144071455__arc_01,0,0,0.9999,0.9999,0,1,26367.76,9,632.238,512,256,0,0,0,0
1776144101121,958802,958783,958802,958809,958858,58,6.5,75,227.307,1.892954,32.343,1.088798,0.151673,15.297609,0.00006,0,21.929825,3.125,0.286838,0.150413,4.284107,-58.585567,0,25.10841,0,8.881855,23.112,13.220119,-4.628401,0.199237,0,0,0,1,1,0,0,0,0,0,1,13792,0,4,resistive_linear,0,halogen_lamp,2,arc,unknown,0,halogen_lamp,sess_1776144071455__arc_01,0,0,0.9999,0.9999,0,1,27890.34,9,890.338,512,256,0,0,0,0
1776144101150,958831,958812,958831,958839,958878,29,7.113,66,227.307,1.758674,32.343,0.886704,0.13428,13.680331,0.000044,0,24.183006,4.6875,0.300862,1.178041,2.387121,-51.246677,0,27.495531,0,8.333584,14.586,12.042078,-6.385575,0.199237,0,0,0,1,1,0,0,0,0,0,1,13791,0,4,resistive_linear,0,halogen_lamp,2,arc,unknown,0,halogen_lamp,sess_1776144071455__arc_01,0,0,0.9999,0.9999,0,1,26590.24,9,409.758,512,256,0,0,0,0
1776144101180,958861,958841,958861,958868,958891,30,6.643,50,227.307,1.90115,32.343,1.012659,0.142476,20.161409,0.000031,0,22.64151,2.929688,0.269221,1.036983,0.129679,-56.115356,0,27.62521,0,6.588929,23.0867,13.079061,-7.672813,0.199237,0,0,0,1,1,0,0,0,0,0,1,13790,0,4,resistive_linear,0,halogen_lamp,2,arc,unknown,0,halogen_lamp,sess_1776144071455__arc_01,0,0,0.9999,0.9999,0,1,26000.96,9,999.043,512,256,0,0,0,0
1776144101210,958891,958871,958891,958899,958915,30,8.222,44,227.307,1.74134,32.34,1.050738,0.15981,4.147942,0.000023,0,23.270439,4.882812,0.302733,1.269368,4.200792,-50.627731,0.064413,23.424417,1.455992,4.548202,14.1511,11.809692,-11.508794,0.193274,0.089052,0,0,1,1,0,0,0,0,0,0,13789,0,4,resistive_linear,0,halogen_lamp,2,arc,unknown,0,halogen_lamp,sess_1776144071455__arc_01,0,0,0.9999,0.9999,0,1,26425.95,9,574.051,512,256,0,0,0,0
1776144101239,958920,958900,958920,958926,958946,29,6.625,46,227.307,1.924077,32.34,1.311743,0.182737,19.14642,0.000016,0.877077,20.90909,2.929688,0.2598,2.809258,3.433758,-59.053745,0,26.858175,0,9.325132,22.591,14.618951,-4.260679,0.187483,0,1,0,1,1,0,0,0,0,0,0,13790,0,5,resistive_linear,0,halogen_lamp,2,arc,unknown,0,halogen_lamp,sess_1776144071455__arc_01,0,0,0.9999,0.9999,0,1,26943.82,9,56.184,512,256,0,0,0,0
1776144101269,958950,958930,958950,958958,958988,30,7.572,58,227.307,1.779058,32.34,0.942127,0.145019,10.515574,2.457011,0,25.490198,4.6875,0.316159,2.840774,0.953192,-54.218887,0,27.811367,0,6.803405,24.5832,11.778177,-8.261234,0.176422,100,0,0,1,1,0,0,0,0,0,0,13790,0,4,resistive_linear,0,halogen_lamp,2,arc,unknown,0,halogen_lamp,sess_1776144071455__arc_01,0,0,0.9999,0.9999,0,1,25303.72,9,1696.281,512,256,0,0,0,0
1776144101299,958980,958960,958980,958986,959002,30,6.605,42,227.307,1.825777,32.34,0.328259,0.04672,24.07725,1.769048,0.857507,20.754717,2.734375,0.265729,0.548093,3.298126,-52.326794,0,24.513241,0,10.101269,21.0357,12.32627,-3.733751,0.171138,0,1,0,1,1,0,0,0,0,0,0,13791,0,5,resistive_linear,0,halogen_lamp,2,arc,unknown,0,halogen_lamp,sess_1776144071455__arc_01,0,0,0.9999,0.9999,0,1,26342.62,9,657.379,512,256,0,0,0,0
1776144101329,959010,958990,959010,959017,959038,30,6.665,48,227.307,1.876937,32.34,0.350259,0.05116,21.667448,3.191508,0,22.64151,2.929688,0.265607,1.920978,0.862015,-59.24987,0,25.375256,0,5.941073,23.5411,14.247248,-8.672178,0.161043,0,0,0,1,1,0,0,0,0,0,0,13791,0,4,resistive_linear,0,halogen_lamp,2,arc,unknown,0,halogen_lamp,sess_1776144071455__arc_01,0,0,0.9999,0.9999,0,1,26354.69,9,645.312,512,256,0,0,0,0
1776144101388,959069,959050,959069,959075,959092,59,6.553,42,227.551,1.899317,32.34,0.894584,0.12685,14.538503,3.234266,0.903879,21.929825,3.125,0.28811,1.787785,3.380411,-58.934151,0,27.313778,0,9.453157,24.9376,13.40414,-4.171599,0,0,1,0,1,1,0,0,0,0,0,0,13793,0,5,resistive_linear,0,halogen_lamp,2,arc,unknown,0,halogen_lamp,sess_1776144071455__arc_01,0,0,0.9999,0.9999,0,1,27767.16,9,767.16,512,256,0,0,0,0
1776144101417,959098,959078,959098,959105,959137,29,7.131,59,227.551,1.735405,32.34,1.078751,0.163912,6.048008,4.693011,0,23.89937,4.492187,0.304857,2.31103,2.27907,-50.162857,0,29.592848,0,6.573366,13.4101,11.093109,-8.34239,0,0,0,0,1,1,0,0,0,0,0,0,13794,0,4,resistive_linear,0,halogen_lamp,2,arc,unknown,0,halogen_lamp,sess_1776144071455__arc_01,0,0,0.9999,0.9999,0,1,26241.81,9,758.187,512,256,0,0,0,0
1776144101447,959128,959108,959128,959135,959151,30,6.646,43,227.551,1.897303,32.34,1.16613,0.161898,21.34115,3.378968,0.857576,22.64151,3.125,0.303666,2.843305,0.970789,-58.915131,0,30.563637,0,9.309778,23.5639,13.936414,-4.482752,0,0,1,0,1,1,0,0,0,0,0,0,13795,0,5,resistive_linear,0,halogen_lamp,2,arc,unknown,0,halogen_lamp,sess_1776144071455__arc_01,0,0,0.9999,0.9999,0,1,26344.73,9,655.271,512,256,0,0,0,0
1776144101476,959157,959137,959157,959166,959206,29,8.219,69,227.551,1.741194,32.34,1.028484,0.156109,10.739938,4.479018,0,24.528303,4.492187,0.305297,3.013086,0.818539,-50.897793,0.104643,31.382175,5.282547,4.670926,15.6855,10.923327,-12.920489,0,0.078244,0,0,1,1,0,0,0,0,0,0,13795,0,4,resistive_linear,0,halogen_lamp,2,arc,unknown,0,halogen_lamp,sess_1776144071455__arc_01,0,0,0.9999,0.9999,0,1,26203.98,9,796.02,512,256,0,0,0,0
1776144101505,959186,959167,959186,959193,959228,29,6.553,61,227.551,1.904052,32.34,1.169147,0.162858,15.115171,3.224893,0.907086,22.807016,3.125,0.287091,1.505548,10.790184,-53.57296,0,20.591991,0,9.97719,24.7281,12.428876,-3.417665,0,0,1,0,1,1,0,0,0,0,0,0,13796,0,5,resistive_linear,0,halogen_lamp,2,arc,unknown,0,halogen_lamp,sess_1776144071455__arc_01,0,0,0.9999,0.9999,0,1,27865.69,9,865.689,512,256,0,0,0,0
1776144101534,959215,959195,959215,959222,959241,29,7.066,46,227.551,1.748805,32.34,1.019184,0.155247,0.587387,3.994412,0,20.754717,4.296875,0.302025,0.170094,3.949295,-54.422272,0,24.541286,0,5.552179,13.2634,12.258781,-9.443763,0,0,0,0,1,1,0,0,0,0,0,0,13795,0,5,resistive_linear,0,halogen_lamp,2,arc,unknown,0,halogen_lamp,sess_1776144071455__arc_01,0,0,0.9999,0.9999,0,1,26487.9,9,512.102,512,256,0,0,0,0
1776144101564,959245,959225,959245,959252,959283,30,6.696,58,227.551,1.886009,32.34,0.980694,0.137204,20.329853,2.070704,0.851747,19.811321,2.734375,0.267526,1.553429,0.692656,-53.321362,0,25.233942,0,10.014392,24.26,13.81221,-3.693691,0,0,1,0,1,1,0,0,0,0,0,0,13795,0,6,resistive_linear,0,halogen_lamp,2,arc,unknown,0,halogen_lamp,sess_1776144071455__arc_01,0,0,0.9999,0.9999,0,1,26165.67,9,834.328,512,256,0,0,0,0
1776144101622,959303,959284,959303,959310,959330,58,6.648,46,227.551,1.878676,32.34,0.614349,0.088008,21.245483,2.194544,0.882017,21.818182,2.539063,0.221438,0.135342,2.626104,-55.683517,0,28.821308,0,9.99202,21.298,12.78192,-3.75454,0,0,1,0,1,1,0,0,0,0,0,0,13795,0,6,resistive_linear,0,halogen_lamp,2,arc,unknown,0,halogen_lamp,sess_1776144071455__arc_01,0,0,0.9999,0.9999,0,1,27095.57,9,95.57,512,256,0,0,0,0
1776144101651,959332,959313,959332,959338,959351,29,6.556,38,227.551,1.780504,32.34,0.653197,0.098172,14.54127,2.899526,0,20.90909,4.6875,0.330439,2.019931,7.069328,-51.589283,0,21.75198,0,4.905634,14.797,10.76199,-20.621983,0,0,0,0,1,1,0,0,0,0,0,0,13794,0,6,resistive_linear,0,halogen_lamp,2,arc,unknown,0,halogen_lamp,sess_1776144071455__arc_01,0,0,0.9999,0.9999,0,1,27236.52,9,236.516,512,256,0,0,0,0
1776144101681,959362,959342,959362,959369,959385,30,6.636,43,227.551,1.837342,32.34,0.399028,0.056838,22.406839,1.503114,0.854482,21.698112,2.929688,0.26667,1.515366,2.158449,-54.037239,0,23.910429,0,10.168614,22.0374,12.277355,-3.674507,0,0,1,0,1,1,0,0,0,0,0,0,13794,0,6,resistive_linear,0,halogen_lamp,2,arc,unknown,0,halogen_lamp,sess_1776144071455__arc_01,0,0,0.9999,0.9999,0,1,26249.69,9,750.309,512,256,0,0,0,0
1776144101710,959391,959372,959391,959398,959421,29,6.653,49,227.551,1.816077,32.337,0.144667,0.021264,23.344921,3.012694,0,20.90909,2.929688,0.263421,0.596486,0.953503,-51.603966,0,22.956926,0,3.745234,20.47,11.680869,-15.477047,0,0,0,0,1,1,0,0,0,0,0,0,13794,0,6,resistive_linear,0,halogen_lamp,2,arc,unknown,0,halogen_lamp,sess_1776144071455__arc_01,0,0,0.9999,0.9999,0,1,26573.39,9,426.611,512,256,0,0,0,0
1776144101740,959421,959401,959421,959429,959463,30,7.261,62,227.551,1.815411,32.337,0.00459,0.000667,22.825727,2.16914,0.839092,24.817518,4.296875,0.310355,1.050509,3.440853,-50.219368,1.019378,26.397779,10.398431,10.021393,19.9743,10.63036,-3.893203,0,0,1,0,1,1,0,0,0,0,0,0,13795,0,6,resistive_linear,0,halogen_lamp,2,arc,unknown,0,halogen_lamp,sess_1776144071455__arc_01,0,0,0.9999,0.9999,0,1,25776.9,9,1223.102,512,256,0,0,0,0
1776144101768,959449,959431,959449,959456,959477,28,6.501,46,227.551,1.865122,32.337,0.342284,0.049711,12.210123,3.128695,0,23.684212,3.515625,0.316432,1.86494,0.367174,-55.964111,0,26.764954,0,6.012719,21.8716,12.495299,-8.07787,0,0,0,0,1,1,0,0,0,0,0,0,13794,0,6,resistive_linear,0,halogen_lamp,2,arc,unknown,0,halogen_lamp,sess_1776144071455__arc_01,0,0,0.9999,0.9999,0,1,28442.12,9,1442.125,512,256,0,0,0,0
1776144101798,959479,959459,959479,959486,959498,30,6.707,39,227.551,1.812444,32.337,0.35304,0.052677,23.73926,2.25266,0.846113,20.754717,3.125,0.269308,1.057602,0.714092,-51.904373,0,27.479046,0,10.204893,21.1442,11.437697,-3.950035,0,0,1,0,1,1,0,0,0,0,0,0,13795,0,6,resistive_linear,0,halogen_lamp,2,arc,unknown,0,halogen_lamp,sess_1776144071455__arc_01,0,0,0.9999,0.9999,0,1,25992.58,9,1007.418,512,256,0,0,0,0
1776144101857,959538,959518,959538,959546,959586,59,8.213,68,227.551,1.76493,32.337,0.65391,0.097426,16.5394,1.823052,0.853378,25.874126,4.6875,0.30516,1.170171,3.949141,-53.590805,0.717947,33.2976,5.726823,9.551624,17.3807,11.439219,-4.870399,0,0.125511,1,0,1,1,0,0,0,0,0,0,13795,0,6,resistive_linear,0,halogen_lamp,2,arc,unknown,0,halogen_lamp,sess_1776144071455__arc_01,0,0,0.9999,0.9999,0,1,26215.77,9,784.229,512,256,0,0,0,0
1776144101885,959566,959547,959566,959573,959608,28,6.559,61,227.551,1.876272,32.337,0.788562,0.111341,14.775783,2.844902,0,21.929825,3.125,0.28779,0.555182,6.739233,-56.637222,0,26.558367,0,5.71936,20.9487,11.994402,-8.180343,0,0,0,0,1,1,0,0,0,0,0,0,13794,0,6,resistive_linear,0,halogen_lamp,2,arc,unknown,0,halogen_lamp,sess_1776144071455__arc_01,0,0,0.9999,0.9999,0,1,27798.07,9,798.074,512,256,0,0,0,0
1776144101915,959596,959576,959596,959603,959621,30,7.11,45,227.551,1.787585,32.337,0.590841,0.088687,21.643475,2.04833,0.861608,25.362318,4.296875,0.264464,0.859317,4.844126,-50.76432,0,31.402493,0,9.346867,17.9849,12.853719,-5.022639,0,0,1,0,1,1,0,0,0,0,0,0,13795,0,6,resistive_linear,0,halogen_lamp,2,arc,unknown,0,halogen_lamp,sess_1776144071455__arc_01,0,0,0.9999,0.9999,0,1,26468.61,9,531.393,512,256,0,0,0,0
1776144101944,959625,959605,959625,959632,959665,29,6.644,60,227.551,1.878853,32.337,0.638204,0.091268,21.95392,3.379297,0,19.811321,2.734375,0.267666,0.478763,5.343441,-55.342346,0,26.059052,0,4.604081,22.9704,12.374956,-10.36083,0,0,0,0,1,1,0,0,0,0,0,0,13795,0,6,resistive_linear,0,halogen_lamp,2,arc,unknown,0,halogen_lamp,sess_1776144071455__arc_01,0,0,0.9999,0.9999,0,1,26152,9,847.998,512,256,0,0,0,0
1776144101974,959655,959635,959655,959663,959679,30,8.206,44,227.551,1.745358,32.337,0.888137,0.133495,12.908668,2.433094,0,23.566879,4.6875,0.301666,0.776765,1.629459,-51.943321,0.248699,24.429592,4.930653,8.083593,14.5636,11.598191,-6.639661,0,0.115328,1,0,1,1,0,0,0,0,0,0,13796,0,6,resistive_linear,0,halogen_lamp,2,arc,unknown,0,halogen_lamp,sess_1776144071455__arc_01,0,0,0.9999,0.9999,0,1,26519.37,9,480.631,512,256,0,0,0,0
1776144102003,959684,959664,959684,959691,959711,29,6.777,47,227.551,1.925922,32.337,1.293163,0.180564,33.263733,3.345137,0,22.64151,2.929688,0.273714,2.242908,4.665403,-43.105858,0,19.764189,0,7.391176,19.2857,9.355283,-7.984996,0,0,1,0,1,1,0,0,0,0,0,0,13797,0,6,resistive_linear,0,halogen_lamp,2,arc,unknown,0,halogen_lamp,sess_1776144071455__arc_01,0,0,0.9999,0.9999,0,1,25574.1,9,1425.898,512,256,0,0,0,0
1776144102032,959713,959694,959713,959720,959732,29,7.088,38,227.551,1.752334,32.337,1.126643,0.173587,6.327532,4.093012,0,25.641027,5.273437,0.33018,2.896201,2.378954,-52.530407,0,17.385235,0,6.363534,10.3823,12.251484,-8.760985,0,0,0,0,1,1,0,0,0,0,0,0,13796,0,6,resistive_linear,0,halogen_lamp,2,arc,unknown,0,halogen_lamp,sess_1776144071455__arc_01,0,0,0.9999,0.9999,0,1,27257.88,9,257.883,512,256,0,0,0,0
1776144102091,959772,959752,959772,959781,959812,59,8.291,60,227.539,1.741723,32.337,0.974997,0.147348,3.524736,0.791964,0,17.610064,3.320313,0.271041,0.037893,1.970095,-54.892265,0.199475,26.769247,0.866521,6.228829,18.177,12.965184,-8.617877,0.393451,0.175229,0,0,1,1,0,0,0,0,0,0,13791,0,6,resistive_linear,0,halogen_lamp,2,arc,unknown,0,halogen_lamp,sess_1776144071455__arc_01,0,0,0.9999,0.9999,0,1,25826.37,9,1173.633,512,256,0,0,0,0
1776144102120,959801,959782,959801,959808,959847,29,6.664,65,227.539,1.886379,32.337,1.038164,0.144657,22.087978,0.570214,0.859337,22.64151,3.125,0.303044,0.431022,0.87965,-57.336926,0,25.889597,0,9.434954,22.8196,13.396206,-4.382914,0.381691,0,1,0,1,1,0,0,0,0,0,0,13792,0,6,resistive_linear,0,halogen_lamp,2,arc,unknown,0,halogen_lamp,sess_1776144071455__arc_01,0,0,0.9999,0.9999,0,1,26398.84,9,601.164,512,256,0,0,0,0
1776144102148,959829,959811,959829,959836,959867,28,7.013,56,227.539,1.813678,32.337,0.481748,0.072701,2.348779,1.817576,0,22.580645,4.101562,0.281798,1.228363,1.401651,-55.21891,0,24.487946,0,4.386829,6.2498,12.167843,-14.006933,0.37028,0,0,0,1,1,0,0,0,0,0,0,13791,0,6,resistive_linear,0,halogen_lamp,2,arc,unknown,0,halogen_lamp,sess_1776144071455__arc_01,0,0,0.9999,0.9999,0,1,28389.08,9,1389.082,512,256,0,0,0,0
1776144102178,959859,959839,959859,959865,959881,30,6.601,42,227.539,1.899166,32.337,0.589186,0.085488,22.099812,1.308655,0,22.64151,2.929688,0.302704,1.17306,2.018435,-58.31916,0,26.50638,0,7.361008,22.9428,13.340903,-7.01661,0.359213,0,0,0,1,1,0,0,0,0,0,0,13790,0,6,resistive_linear,0,halogen_lamp,2,arc,unknown,0,halogen_lamp,sess_1776144071455__arc_01,0,0,0.9999,0.9999,0,1,26428.43,9,571.566,512,256,0,0,0,0
1776144102208,959889,959869,959889,959898,959917,30,8.261,48,227.539,1.754297,32.337,0.9535,0.144869,11.06417,0.678407,0,23.270439,4.101562,0.268308,3.042451,1.632839,-54.147224,0.368531,28.139219,5.089103,4.675621,17.506,10.298452,-13.270292,0.338058,0.122787,1,0,1,1,0,0,0,0,0,0,13790,0,6,resistive_linear,0,halogen_lamp,2,arc,unknown,0,halogen_lamp,sess_1776144071455__arc_01,0,0,0.9999,0.9999,0,1,26089.42,9,910.576,512,256,0,0,0,0
1776144102237,959918,959898,959918,959925,959938,29,6.669,40,227.539,1.893537,32.333,0.992131,0.13924,21.889284,1.906294,0.851426,21.698112,2.734375,0.267627,2.274273,3.056334,-54.245316,0,25.082886,0,9.84169,23.6531,12.572725,-3.892776,0.32795,0,1,0,1,1,0,0,0,0,0,0,13791,0,6,resistive_linear,0,halogen_lamp,2,arc,unknown,0,halogen_lamp,sess_1776144071455__arc_01,0,0,0.9999,0.9999,0,1,26155.81,9,844.187,512,256,0,0,0,0
1776144102266,959947,959928,959947,959954,959971,29,6.969,43,227.539,1.770252,32.333,0.813848,0.123285,13.897036,2.913161,0,23.636364,5.273437,0.329682,0.175154,1.798441,-50.754425,0,23.284445,0,5.496543,13.5786,12.747879,-9.577638,0.31814,10.518832,0,0,1,1,0,0,0,0,0,0,13790,0,6,resistive_linear,0,halogen_lamp,2,arc,unknown,0,halogen_lamp,sess_1776144071455__arc_01,0,0,0.9999,0.9999,0,1,27299.04,9,299.037,512,256,0,0,0,0
1776144102295,959976,959956,959976,959983,960013,29,6.649,57,227.539,1.908996,32.333,0.979682,0.138744,20.027992,1.510183,0.8644,20.90909,2.929688,0.26361,1.377631,3.579365,-56.56242,0,26.86381,0,9.634879,22.9152,14.12551,-4.158353,0.299395,0,1,0,1,1,0,0,0,0,0,0,13790,0,6,resistive_linear,0,halogen_lamp,2,arc,unknown,0,halogen_lamp,sess_1776144071455__arc_01,0,0,0.9999,0.9999,0,1,26554.36,9,445.637,512,256,0,0,0,0
1776144102354,960035,960015,960035,960042,960062,59,6.646,47,227.539,1.869816,32.333,0.718196,0.101595,21.346033,1.341801,0.860871,23.584906,3.125,0.302504,0.540661,1.311272,-56.351948,0,23.152807,0,10.123116,23.0549,12.27276,-3.619043,0.273318,0,1,0,1,1,0,0,0,0,0,0,13789,0,6,resistive_linear,0,halogen_lamp,2,arc,unknown,0,halogen_lamp,sess_1776144071455__arc_01,0,0,0.9999,0.9999,0,1,26445.95,9,554.051,512,256,0,0,0,0
1776144102384,960065,960045,960065,960072,960102,30,7.08,57,227.539,1.822561,32.333,0.315901,0.047254,22.423273,2.450277,0,20.754717,3.710938,0.266312,0.921676,1.724962,-50.931061,0,24.877769,0,4.053778,21.2075,11.351085,-11.073219,0.265139,9.084408,0,0,1,1,0,0,0,0,0,0,13788,0,6,resistive_linear,0,halogen_lamp,2,arc,unknown,0,halogen_lamp,sess_1776144071455__arc_01,0,0,0.9999,0.9999,0,1,26284.94,9,715.059,512,256,0,0,0,0
1776144102412,960093,960074,960093,960100,960116,28,6.541,42,227.539,1.867903,32.333,0.310974,0.045342,13.994208,1.764199,0.900711,21.929825,3.125,0.289124,0.464745,3.421415,-56.087528,0,28.299185,0,10.40195,22.7402,11.815829,-3.531745,0.257205,0,1,0,1,1,0,0,0,0,0,0,13789,0,6,resistive_linear,0,halogen_lamp,2,arc,unknown,0,halogen_lamp,sess_1776144071455__arc_01,0,0,0.9999,0.9999,0,1,27669.84,9,669.836,512,256,0,0,0,0
1776144102442,960123,960103,960123,960130,960151,30,7.008,48,227.539,1.797356,32.333,0.472096,0.070547,23.468567,3.188248,0,21.698112,3.90625,0.26458,1.490685,1.757479,-53.394619,0,30.056664,0,3.796816,19.8985,10.325145,-11.295911,0.242041,7.078172,0,0,1,1,0,0,0,0,0,0,13789,0,6,resistive_linear,0,halogen_lamp,2,arc,unknown,0,halogen_lamp,sess_1776144071455__arc_01,0,0,0.9999,0.9999,0,1,26457.03,9,542.971,512,256,0,0,0,0
1776144102471,960152,960132,960152,960159,960171,29,6.647,39,227.539,1.840575,32.333,0.300569,0.043219,23.952608,2.295538,0.849084,20.754717,2.539063,0.230027,2.069907,6.925097,-52.864033,0,23.131567,0,10.179354,22.2786,12.395052,-3.658705,0.234798,0,1,0,1,1,0,0,0,0,0,0,13790,0,6,resistive_linear,0,halogen_lamp,2,arc,unknown,0,halogen_lamp,sess_1776144071455__arc_01,0,0,0.9999,0.9999,0,1,26083.86,9,916.137,512,256,0,0,0,0
1776144102501,960182,960162,960182,960189,960226,30,6.687,64,227.539,1.856923,32.333,0.111023,0.016348,25.59432,3.54552,0,22.64151,3.125,0.268716,0.479598,6.30669,-55.916653,0,29.438257,0,3.442346,21.965,11.915454,-13.291675,0.22095,0,0,0,1,1,0,0,0,0,0,0,13790,0,6,resistive_linear,0,halogen_lamp,2,arc,unknown,0,halogen_lamp,sess_1776144071455__arc_01,0,0,0.9999,0.9999,0,1,26049.77,9,950.227,512,256,0,0,0,0
1776144102529,960210,960192,960210,960217,960247,28,6.466,55,227.539,1.834679,32.333,0.149737,0.022244,9.27747,2.552775,0.9249,25.438599,3.710938,0.316757,1.500932,1.394297,-54.149986,0,28.043961,0,9.734684,19.1065,13.416386,-4.929804,0.214338,0,0,0,1,1,0,0,0,0,0,0,13789,0,6,resistive_linear,0,halogen_lamp,2,arc,unknown,0,halogen_lamp,sess_1776144071455__arc_01,0,0,0.9999,0.9999,0,1,28412.92,9,1412.918,512,256,0,0,0,0
1776144102588,960269,960249,960269,960276,960296,59,6.637,47,227.539,1.802173,32.333,0.225557,0.033117,22.247976,0.952818,0.861318,19.811321,3.320313,0.264553,1.881415,1.577021,-51.539474,0,31.344751,0,9.655659,18.5608,10.656456,-4.570923,0.195654,0,1,0,1,1,0,0,0,0,0,0,13788,0,6,resistive_linear,0,halogen_lamp,2,arc,unknown,0,halogen_lamp,sess_1776144071455__arc_01,0,0,0.9999,0.9999,0,1,26459.68,9,540.316,512,256,0,0,0,0
1776144102618,960299,960279,960299,960306,960351,30,6.678,72,227.539,1.891414,32.333,0.61898,0.089241,20.097818,2.642675,0,21.698112,2.929688,0.268225,0.919472,0.235952,-55.909878,0,31.108799,0,5.219493,24.1044,11.575928,-9.307259,0.184114,0,0,0,1,1,0,0,0,0,0,0,13788,0,6,resistive_linear,0,halogen_lamp,2,arc,unknown,0,halogen_lamp,sess_1776144071455__arc_01,0,0,0.9999,0.9999,0,1,26097.47,9,902.531,512,256,0,0,0,0
1776144102646,960327,960308,960327,960334,960372,28,6.536,64,227.539,1.786973,32.333,0.690225,0.104441,23.76511,1.902726,0,21.929825,3.90625,0.324053,1.154749,6.022911,-53.106979,0,25.085888,0,7.835485,15.8034,10.421179,-7.026665,0.1786,0,0,0,1,1,0,0,0,0,0,0,13787,0,6,resistive_linear,0,halogen_lamp,2,arc,unknown,0,halogen_lamp,sess_1776144071455__arc_01,0,0,0.9999,0.9999,0,1,27773.25,9,773.248,512,256,0,0,0,0
1776144102675,960356,960337,960356,960363,960393,29,6.641,56,227.539,1.841575,32.333,0.381941,0.054602,23.922638,1.369963,0,23.636364,3.320313,0.299589,0.847679,2.372604,-53.216087,0,22.713284,0,3.239313,21.1201,11.268858,-12.522468,0.173253,0,0,0,1,1,0,0,0,0,0,0,13786,0,6,resistive_linear,0,halogen_lamp,2,arc,unknown,0,halogen_lamp,sess_1776144071455__arc_01,0,0,0.9999,0.9999,0,1,26703.28,9,296.721,512,256,0,0,0,0
1776144102705,960386,960366,960386,960392,960406,30,6.631,40,227.539,1.801737,32.333,0.27041,0.039839,22.675018,0.986373,0.856634,22.64151,2.929688,0.266,2.13722,4.233217,-54.041092,0,26.946501,0,9.99125,19.5597,13.406078,-4.207468,0.168065,0,1,0,1,1,0,0,0,0,0,0,13787,0,6,resistive_linear,0,halogen_lamp,2,arc,unknown,0,halogen_lamp,sess_1776144071455__arc_01,0,0,0.9999,0.9999,0,1,26315.8,9,684.203,512,256,0,0,0,0
1776144102737,960418,960396,960418,960425,960432,32,6.809,36,227.152,1.839061,32.333,0.258947,0.037325,24.145035,2.665237,0,23.469389,2.929688,0.286373,1.442146,2.300009,-57.156178,0,29.24651,0,8.797132,24.1572,11.963932,-5.810127,1.042716,0,0,0,1,1,1,0,0,0,0,0,13787,0,6,resistive_linear,0,halogen_lamp,2,arc,unknown,0,halogen_lamp,sess_1776144071455__arc_01,0,0,0.9999,0.9999,0,1,24443.69,9,2556.313,512,256,0,0,0,0
1776144102768,960449,960427,960449,960457,960487,31,7.2,60,227.152,1.842476,32.333,0.023214,0.003415,23.148302,1.381659,0,23.469389,4.101562,0.289556,0.508807,1.340631,-52.089218,0,27.905878,0,4.845107,24.6641,12.472739,-19.048599,0.981701,100,0,0,1,1,1,0,0,0,0,0,13785,0,6,resistive_linear,0,halogen_lamp,2,arc,unknown,0,halogen_lamp,sess_1776144071455__arc_01,0,0,0.9999,0.9999,0,1,24174.92,9,2825.084,512,256,0,0,0,0
1776144102796,960477,960459,960477,960485,960501,28,7.039,42,227.152,1.782687,32.333,0.405629,0.059789,10.831033,0.994795,0,26.027397,5.078125,0.322771,0.105184,1.520967,-54.716591,0,29.426846,0,6.874661,9.9955,12.367556,-7.900819,0.952534,0,0,0,1,1,0,0,0,0,0,0,13784,0,6,resistive_linear,0,halogen_lamp,2,arc,unknown,0,halogen_lamp,sess_1776144071455__arc_01,0,0,0.9999,0.9999,0,1,27883.58,9,883.582,512,256,0,0,0,0
1776144102857,960538,960518,960538,960546,960580,61,8.237,62,227.152,1.773602,32.333,0.774117,0.11709,12.79591,0.26734,0,23.566879,4.296875,0.268351,1.956645,3.498514,-52.041313,0.361679,22.696634,5.553248,4.868177,18.0917,11.330147,-15.003661,0.844188,0.070968,1,0,1,1,0,0,0,0,0,0,13782,0,6,resistive_linear,0,halogen_lamp,2,arc,unknown,0,halogen_lamp,sess_1776144071455__arc_01,0,0,0.9999,0.9999,0,1,26085.24,9,914.76,512,256,0,0,0,0
1776144102888,960569,960547,960569,960577,960614,31,8.301,67,227.152,1.83439,32.333,0.428415,0.060787,39.85495,1.569219,0.796119,25.373135,4.101562,0.286219,1.206674,7.686611,-35.694534,0.199657,15.010023,20.800858,8.978081,19.4453,10.123473,-4.518571,0.81907,2.439357,1,0,1,1,1,0,0,0,0,0,13783,0,6,resistive_linear,0,halogen_lamp,2,arc,unknown,0,halogen_lamp,sess_1776144071455__arc_01,0,0,0.9999,0.9999,0,1,24456.78,9,2543.221,512,256,0,0,0,0
1776144102917,960598,960579,960598,960604,960635,29,6.52,56,227.152,1.873101,32.333,0.263789,0.038712,11.697586,2.636759,0,23.684212,3.320313,0.284467,3.756793,7.006195,-56.705914,0,22.016218,0,8.325301,25.276,13.880266,-5.683425,0.794691,0,0,0,1,1,0,0,0,0,0,0,13782,0,6,resistive_linear,0,halogen_lamp,2,arc,unknown,0,halogen_lamp,sess_1776144071455__arc_01,0,0,0.9999,0.9999,0,1,28122.78,9,1122.777,512,256,0,0,0,0
1776144102946,960627,960607,960627,960634,960649,29,6.62,42,227.152,1.792484,32.333,0.537988,0.080617,23.633162,1.898467,0.860347,21.698112,3.515625,0.302688,1.449266,1.387154,-52.16877,0,23.403372,0,9.656982,18.7758,12.431,-4.732154,0.771035,0,1,0,1,1,0,0,0,0,0,0,13783,0,6,resistive_linear,0,halogen_lamp,2,arc,unknown,0,halogen_lamp,sess_1776144071455__arc_01,0,0,0.9999,0.9999,0,1,26429.86,9,570.145,512,256,0,0,0,0
1776144102976,960657,960637,960657,960664,960821,30,6.643,184,227.152,1.894286,32.333,0.709913,0.101801,21.266905,3.278529,0,23.584906,2.929688,0.266248,0.658696,5.077465,-56.811729,0,28.480837,0,7.804398,23.9284,13.089696,-6.508842,0.725796,0,0,0,1,1,0,0,0,0,0,0,13783,0,6,resistive_linear,0,halogen_lamp,2,arc,unknown,0,halogen_lamp,sess_1776144071455__arc_01,0,0,0.9999,0.9999,0,1,26291.3,9,708.695,512,256,0,0,0,0
